order_id,region,customer_segment,product_category,channel,is_premium,is_returned,order_date,quantity,unit_price,discount_pct,revenue,cost,margin,margin_pct,nps,session_minutes,page_views,age,income_k,loyalty_points,shipping_days,delivery_score,campaign,items_in_cart,payment_method,repeat_customer
ORD-20250000,Москва,A,Одежда,mobile,False,False,2023-01-01 00:00:00,2,44.16,0.9,87.53,63.77,23.76,27.1,10.0,12.2,10,23,574.0,1865,4,4.0,NONE,6,card,False
ORD-20250001,Москва,B,Мебель,mobile,False,False,2023-01-01 06:00:00,4,118.72,4.5,453.5,335.76,117.74,26.0,7.4,46.7,9,68,179.0,3952,5,3.8,SUMMER,6,wallet,True
ORD-20250002,Москва,C,Электроника,store,False,False,2023-01-01 12:00:00,1,171.58,7.5,158.71,112.46,46.25,29.1,9.4,43.8,11,22,403.0,5673,6,4.2,NEWYEAR,1,wallet,True
ORD-20250003,Казань,A,Электроника,online,False,False,2023-01-01 18:00:00,1,547.27,5.7,516.08,357.62,158.46,30.7,8.1,26.8,9,68,441.0,3894,13,5.0,NONE,4,wallet,True
ORD-20250004,Новосибирск,B,Мебель,mobile,True,False,2023-01-02 00:00:00,7,215.43,4.2,1444.7,752.71,691.99,47.9,10.0,24.7,17,28,477.0,2119,5,4.1,SALE20,9,wallet,True
ORD-20250005,Самара,B,Спорт,mobile,False,False,2023-01-02 06:00:00,5,298.57,21.3,1174.87,592.19,582.68,49.6,9.1,20.1,15,36,456.0,6867,3,4.0,NONE,7,card,False
ORD-20250006,Самара,C,Электроника,mobile,False,False,2023-01-02 12:00:00,7,215.43,23.1,1159.68,731.55,428.13,36.9,7.8,72.1,18,26,491.0,2626,12,4.5,SALE20,8,credit,False
ORD-20250007,СПб,B,Мебель,online,False,False,2023-01-02 18:00:00,7,249.04,4.4,1666.55,1017.68,648.87,38.9,7.7,61.6,18,58,531.0,3643,8,4.1,NONE,10,cash,True
ORD-20250008,Москва,A,Продукты,online,True,False,2023-01-03 00:00:00,7,123.09,14.5,736.67,490.82,245.85,33.4,9.5,35.8,15,21,968.0,1793,7,3.6,NONE,11,card,False
ORD-20250009,Москва,B,Спорт,mobile,False,False,2023-01-03 06:00:00,2,43.33,10.8,77.3,37.51,39.79,51.5,8.8,7.9,11,46,591.0,3568,11,5.0,NEWYEAR,5,credit,False
ORD-20250010,Москва,B,Спорт,mobile,False,False,2023-01-03 12:00:00,6,109.46,9.4,595.01,318.82,276.19,46.4,7.9,39.0,10,68,243.0,281,6,4.3,SUMMER,6,credit,False
ORD-20250011,Москва,C,Продукты,mobile,True,True,2023-01-03 18:00:00,5,106.8,23.8,406.9,265.16,141.74,34.8,7.4,54.2,9,38,622.0,510,10,5.0,NONE,6,credit,True
ORD-20250012,Новосибирск,C,Спорт,store,False,False,2023-01-04 00:00:00,2,76.43,1.1,151.18,95.78,55.4,36.6,8.7,10.8,10,28,419.0,190,5,3.7,NONE,6,wallet,False
ORD-20250013,Москва,C,Одежда,mobile,False,False,2023-01-04 06:00:00,2,78.23,24.4,118.28,65.6,52.68,44.5,9.1,15.5,7,58,354.0,6310,6,3.8,SALE20,4,card,False
ORD-20250014,СПб,A,Продукты,mobile,False,False,2023-01-04 12:00:00,3,431.36,7.9,1191.84,589.28,602.56,50.6,6.9,20.0,11,50,249.0,2399,11,4.2,NEWYEAR,6,cash,False
ORD-20250015,Новосибирск,B,Электроника,mobile,False,False,2023-01-04 18:00:00,6,232.71,14.2,1197.97,847.4,350.57,29.3,10.0,22.9,13,67,395.0,3559,12,5.0,SUMMER,7,credit,False
ORD-20250016,СПб,A,Электроника,online,False,False,2023-01-05 00:00:00,4,185.64,23.3,569.55,398.31,171.24,30.1,7.9,26.9,14,40,481.0,3296,10,3.7,NONE,6,card,True
ORD-20250017,Самара,A,Мебель,online,True,False,2023-01-05 06:00:00,2,175.75,16.1,294.92,145.65,149.27,50.6,8.7,19.2,13,36,600.0,7527,10,3.7,NONE,2,card,True
ORD-20250018,Казань,A,Продукты,store,True,False,2023-01-05 12:00:00,5,112.26,19.2,453.53,306.04,147.49,32.5,8.2,54.7,13,34,286.0,6335,5,4.3,NEWYEAR,6,card,False
ORD-20250019,Самара,B,Электроника,mobile,True,False,2023-01-05 18:00:00,5,348.98,2.4,1703.04,838.88,864.16,50.7,7.6,17.7,12,26,376.0,1802,4,5.0,NONE,9,wallet,True
ORD-20250020,СПб,B,Спорт,online,False,True,2023-01-06 00:00:00,5,243.21,14.2,1043.36,610.81,432.55,41.5,8.5,18.3,13,46,365.0,502,8,4.3,NONE,9,credit,True
ORD-20250021,Новосибирск,C,Спорт,online,True,False,2023-01-06 06:00:00,5,251.72,7.8,1160.43,684.46,475.97,41.0,9.4,18.9,7,67,354.0,1515,10,3.9,NEWYEAR,9,cash,True
ORD-20250022,Самара,B,Одежда,online,True,False,2023-01-06 12:00:00,3,195.45,10.5,524.78,299.41,225.37,42.9,8.3,17.9,7,52,242.0,1491,11,3.8,NONE,6,credit,False
ORD-20250023,СПб,B,Электроника,mobile,False,False,2023-01-06 18:00:00,3,51.65,5.9,145.82,80.59,65.23,44.7,9.6,17.3,13,54,291.0,25,5,3.6,SUMMER,3,cash,True
ORD-20250024,Самара,A,Одежда,store,False,False,2023-01-07 00:00:00,3,578.6,15.4,1468.49,866.8,601.69,41.0,9.2,92.0,18,56,394.0,5865,4,3.8,NONE,4,cash,True
ORD-20250025,Самара,B,Мебель,mobile,True,False,2023-01-07 06:00:00,7,30.37,13.4,184.13,122.17,61.96,33.7,7.1,41.1,16,29,572.0,5517,4,3.9,SALE20,10,cash,False
ORD-20250026,Новосибирск,B,Электроника,mobile,False,False,2023-01-07 12:00:00,4,190.07,3.2,735.94,404.26,331.68,45.1,10.0,26.8,11,58,405.0,4459,5,4.0,SUMMER,4,cash,True
ORD-20250027,СПб,B,Одежда,store,False,True,2023-01-07 18:00:00,7,296.71,18.2,1698.99,1060.24,638.75,37.6,7.9,50.8,11,18,276.0,4307,5,3.6,NONE,11,card,True
ORD-20250028,Новосибирск,B,Одежда,online,False,True,2023-01-08 00:00:00,3,335.6,7.1,935.32,521.52,413.8,44.2,10.0,32.3,10,41,400.0,2191,13,4.0,NONE,6,wallet,False
ORD-20250029,Самара,C,Мебель,online,False,False,2023-01-08 06:00:00,3,184.54,14.7,472.25,350.09,122.16,25.9,9.1,20.8,11,52,271.0,2265,6,4.9,NONE,3,credit,True
ORD-20250030,Казань,B,Одежда,mobile,False,True,2023-01-08 12:00:00,3,401.46,21.7,943.04,617.8,325.24,34.5,8.1,18.9,10,26,599.0,745,1,3.9,SALE20,5,cash,False
ORD-20250031,Самара,C,Мебель,store,True,False,2023-01-08 18:00:00,3,183.75,9.9,496.67,350.49,146.18,29.4,7.0,13.8,11,50,810.0,2646,1,3.7,NONE,4,credit,False
ORD-20250032,Казань,C,Одежда,online,False,True,2023-01-09 00:00:00,3,314.66,16.0,792.95,459.62,333.33,42.0,8.2,41.9,10,21,462.0,3321,3,2.9,SALE20,7,credit,True
ORD-20250033,Новосибирск,C,Электроника,mobile,False,False,2023-01-09 06:00:00,5,98.22,21.6,385.02,202.87,182.15,47.3,9.5,30.8,9,29,582.0,2424,4,4.8,SALE20,6,card,False
ORD-20250034,Москва,A,Одежда,store,False,True,2023-01-09 12:00:00,7,338.16,15.6,1997.85,946.37,1051.48,52.6,8.2,21.6,14,57,334.0,7153,1,5.0,NONE,11,credit,True
ORD-20250035,Самара,A,Спорт,online,True,False,2023-01-09 18:00:00,2,35.22,24.6,53.12,36.92,16.2,30.5,7.8,7.2,10,51,487.0,3067,9,4.7,SALE20,4,credit,True
ORD-20250036,Новосибирск,C,Мебель,online,False,False,2023-01-10 00:00:00,3,219.97,2.0,646.72,426.47,220.25,34.1,9.3,15.7,14,67,434.0,6038,13,5.0,NONE,3,wallet,False
ORD-20250037,Москва,B,Продукты,online,True,False,2023-01-10 06:00:00,3,207.25,9.1,565.18,393.57,171.61,30.4,7.9,9.5,9,26,654.0,2452,5,3.1,NONE,3,credit,True
ORD-20250038,Казань,A,Одежда,online,False,False,2023-01-10 12:00:00,2,481.3,17.6,793.17,518.53,274.64,34.6,6.9,57.4,12,61,346.0,7031,4,3.5,NONE,3,cash,False
ORD-20250039,Самара,B,Одежда,online,False,False,2023-01-10 18:00:00,1,373.74,12.2,328.15,151.39,176.76,53.9,10.0,3.5,5,39,424.0,3490,9,4.7,SUMMER,1,card,False
ORD-20250040,Новосибирск,B,Продукты,online,False,False,2023-01-11 00:00:00,1,222.17,6.5,207.73,119.95,87.78,42.3,9.4,5.4,7,58,282.0,6068,7,4.4,NONE,1,card,False
ORD-20250041,Москва,A,Спорт,mobile,False,False,2023-01-11 06:00:00,1,431.38,8.4,395.15,217.12,178.03,45.1,8.5,24.3,8,34,566.0,6767,9,5.0,NONE,1,card,False
ORD-20250042,СПб,A,Одежда,mobile,False,False,2023-01-11 12:00:00,2,516.17,18.1,845.49,490.43,355.06,42.0,7.2,17.3,11,58,339.0,6753,12,5.0,SALE20,6,credit,True
ORD-20250043,Казань,C,Спорт,store,False,False,2023-01-11 18:00:00,5,315.02,19.7,1264.79,822.62,442.17,35.0,8.8,37.2,12,62,385.0,4246,13,4.6,NONE,9,cash,True
ORD-20250044,Самара,B,Одежда,mobile,False,False,2023-01-12 00:00:00,1,61.51,15.9,51.73,32.07,19.66,38.0,8.0,54.7,7,55,305.0,6629,4,3.8,NONE,5,cash,False
ORD-20250045,Москва,B,Электроника,mobile,True,False,2023-01-12 06:00:00,3,278.48,22.2,649.96,416.42,233.54,35.9,8.9,73.5,5,33,404.0,6213,6,4.0,NONE,3,cash,False
ORD-20250046,Новосибирск,C,Мебель,online,False,False,2023-01-12 12:00:00,4,347.37,13.0,1208.86,620.32,588.54,48.7,7.7,15.9,14,62,581.0,1580,2,3.8,NONE,4,wallet,False
ORD-20250047,Казань,C,Электроника,online,False,False,2023-01-12 18:00:00,1,111.88,20.6,88.83,53.2,35.63,40.1,8.3,77.2,15,32,503.0,4579,8,4.3,SUMMER,2,cash,False
ORD-20250048,Казань,B,Мебель,mobile,False,False,2023-01-13 00:00:00,4,318.02,2.7,1237.73,644.3,593.43,47.9,8.7,27.3,7,24,727.0,4171,4,4.0,NONE,7,cash,False
ORD-20250049,Самара,B,Спорт,mobile,False,True,2023-01-13 06:00:00,7,148.33,24.6,782.91,472.36,310.55,39.7,9.8,36.8,15,57,336.0,2213,10,5.0,NONE,10,wallet,True
ORD-20250050,Казань,C,Электроника,online,False,False,2023-01-13 12:00:00,1,302.91,21.9,236.58,127.4,109.18,46.1,8.7,29.1,8,29,437.0,5448,7,3.0,SALE20,3,cash,True
ORD-20250051,СПб,C,Продукты,mobile,True,False,2023-01-13 18:00:00,3,280.69,22.3,654.28,337.05,317.23,48.5,7.1,11.0,7,18,690.0,7753,9,2.6,NONE,6,credit,False
ORD-20250052,Казань,C,Электроника,mobile,False,False,2023-01-14 00:00:00,1,356.44,22.0,278.03,203.54,74.49,26.8,8.4,4.7,5,22,300.0,3511,7,4.7,NONE,5,card,False
ORD-20250053,Москва,A,Продукты,online,False,True,2023-01-14 06:00:00,2,493.49,21.1,778.72,413.04,365.68,47.0,9.8,58.4,10,55,706.0,1471,7,5.0,SALE20,2,wallet,True
ORD-20250054,Новосибирск,B,Продукты,online,False,False,2023-01-14 12:00:00,6,249.67,2.1,1466.55,935.34,531.21,36.2,8.3,47.0,16,19,804.0,5919,9,5.0,NEWYEAR,7,card,True
ORD-20250055,СПб,B,Электроника,mobile,True,True,2023-01-14 18:00:00,4,275.15,22.8,849.65,542.01,307.64,36.2,6.7,12.5,14,20,281.0,7598,11,4.7,NONE,6,wallet,False
ORD-20250056,СПб,C,Электроника,mobile,True,False,2023-01-15 00:00:00,3,293.93,4.2,844.77,526.3,318.47,37.7,6.0,70.6,13,69,1160.0,354,2,3.7,NONE,4,wallet,True
ORD-20250057,Москва,A,Продукты,online,True,False,2023-01-15 06:00:00,6,520.19,21.7,2443.85,1626.7,817.15,33.4,8.9,27.2,15,20,392.0,7488,9,3.4,NONE,8,wallet,True
ORD-20250058,СПб,B,Спорт,mobile,False,False,2023-01-15 12:00:00,7,67.73,14.0,407.72,257.89,149.83,36.7,6.0,79.3,19,54,223.0,5834,6,4.5,NONE,7,credit,False
ORD-20250059,Москва,C,Одежда,online,False,False,2023-01-15 18:00:00,7,117.43,7.1,763.65,538.29,225.36,29.5,8.1,25.2,21,43,282.0,1474,9,3.7,NEWYEAR,8,credit,False
ORD-20250060,Москва,C,Спорт,mobile,False,False,2023-01-16 00:00:00,4,258.32,7.9,951.64,435.51,516.13,54.2,7.2,30.6,13,35,411.0,2955,9,4.8,NONE,4,credit,True
ORD-20250061,Самара,B,Электроника,store,False,False,2023-01-16 06:00:00,3,59.43,6.7,166.35,78.54,87.81,52.8,10.0,55.4,10,67,371.0,1296,4,4.8,SALE20,7,cash,False
ORD-20250062,СПб,B,Электроника,online,False,False,2023-01-16 12:00:00,4,333.34,18.1,1092.01,672.94,419.07,38.4,9.6,15.4,15,35,319.0,4499,6,3.7,NONE,7,credit,True
ORD-20250063,Самара,C,Одежда,online,False,False,2023-01-16 18:00:00,6,324.81,18.4,1590.29,906.3,683.99,43.0,8.6,43.7,13,26,267.0,2340,11,3.1,NONE,10,card,True
ORD-20250064,СПб,B,Электроника,mobile,True,False,2023-01-17 00:00:00,4,190.19,10.7,679.37,348.93,330.44,48.6,10.0,91.0,14,38,250.0,5088,9,3.4,SALE20,8,cash,True
ORD-20250065,Казань,B,Электроника,online,True,False,2023-01-17 06:00:00,4,116.82,10.7,417.29,231.94,185.35,44.4,8.5,17.3,11,33,848.0,4858,8,4.1,NONE,5,cash,False
ORD-20250066,СПб,C,Одежда,online,True,False,2023-01-17 12:00:00,6,321.35,5.3,1825.92,1177.41,648.51,35.5,7.5,35.9,11,57,505.0,6324,11,5.0,NONE,9,card,True
ORD-20250067,СПб,B,Продукты,mobile,False,False,2023-01-17 18:00:00,5,245.95,10.0,1106.77,781.32,325.45,29.4,6.0,16.7,12,53,654.0,3437,11,4.4,NEWYEAR,6,credit,True
ORD-20250068,Новосибирск,B,Спорт,store,False,False,2023-01-18 00:00:00,6,417.81,16.6,2090.7,1054.68,1036.02,49.6,9.6,58.5,15,23,301.0,4848,1,4.6,NEWYEAR,9,wallet,False
ORD-20250069,Казань,B,Мебель,store,False,False,2023-01-18 06:00:00,4,48.27,15.6,162.95,87.62,75.33,46.2,7.3,83.4,12,64,374.0,6810,3,4.1,NONE,5,cash,False
ORD-20250070,Москва,B,Мебель,online,False,False,2023-01-18 12:00:00,6,113.78,3.2,660.81,325.13,335.68,50.8,10.0,29.7,13,63,292.0,3426,10,3.9,SALE20,8,wallet,True
ORD-20250071,Новосибирск,B,Мебель,store,False,False,2023-01-18 18:00:00,2,10.51,18.3,17.17,12.86,4.31,25.1,6.0,53.5,14,43,359.0,7844,6,5.0,SALE20,6,wallet,False
ORD-20250072,Новосибирск,B,Продукты,online,False,False,2023-01-19 00:00:00,5,229.59,24.7,864.42,394.15,470.27,54.4,9.7,20.6,13,38,671.0,3715,13,4.8,SALE20,7,credit,False
ORD-20250073,СПб,A,Электроника,online,True,True,2023-01-19 06:00:00,6,619.12,20.3,2960.63,1472.38,1488.25,50.3,10.0,53.8,15,43,369.0,3546,10,3.7,SUMMER,9,cash,True
ORD-20250074,СПб,B,Одежда,mobile,True,False,2023-01-19 12:00:00,3,326.19,0.2,976.6,552.21,424.39,43.5,7.6,19.9,6,44,421.0,4786,3,5.0,SALE20,3,card,True
ORD-20250075,Казань,B,Электроника,store,False,False,2023-01-19 18:00:00,4,18.74,20.6,59.52,30.34,29.18,49.0,7.9,13.4,7,34,336.0,114,12,4.5,SUMMER,7,cash,True
ORD-20250076,Самара,A,Продукты,online,False,False,2023-01-20 00:00:00,5,30.97,0.7,153.79,100.59,53.2,34.6,8.4,42.7,10,40,598.0,4259,2,4.3,NONE,7,card,False
ORD-20250077,Казань,B,Мебель,online,False,False,2023-01-20 06:00:00,3,362.95,3.4,1051.84,480.54,571.3,54.3,10.0,42.9,14,37,350.0,7816,12,4.9,NONE,7,wallet,True
ORD-20250078,Москва,B,Продукты,online,False,False,2023-01-20 12:00:00,4,55.47,6.1,208.35,125.94,82.41,39.6,8.4,16.3,16,68,730.0,5061,10,3.2,NONE,5,credit,False
ORD-20250079,Москва,A,Продукты,online,True,False,2023-01-20 18:00:00,5,165.09,12.3,723.93,368.48,355.45,49.1,7.5,19.4,15,25,382.0,3367,8,4.7,SALE20,6,card,False
ORD-20250080,Новосибирск,A,Мебель,mobile,False,False,2023-01-21 00:00:00,6,493.12,21.1,2334.45,1493.09,841.36,36.0,8.3,76.3,8,21,1178.0,3664,2,4.0,NONE,9,credit,True
ORD-20250081,СПб,C,Электроника,mobile,True,False,2023-01-21 06:00:00,3,98.94,20.4,236.27,114.63,121.64,51.5,7.3,34.5,7,24,722.0,4017,10,3.7,NONE,7,wallet,True
ORD-20250082,Казань,B,Мебель,online,True,False,2023-01-21 12:00:00,7,250.19,9.3,1588.48,808.92,779.56,49.1,8.9,48.7,22,26,438.0,874,7,5.0,NEWYEAR,7,wallet,True
ORD-20250083,Самара,C,Мебель,online,True,False,2023-01-21 18:00:00,6,152.77,11.8,808.48,565.13,243.35,30.1,7.4,26.7,13,56,459.0,5014,6,3.3,SALE20,10,wallet,False
ORD-20250084,Москва,B,Спорт,mobile,False,False,2023-01-22 00:00:00,6,178.45,4.3,1024.66,737.77,286.89,28.0,8.8,52.4,14,36,773.0,973,9,4.4,NEWYEAR,8,card,False
ORD-20250085,Москва,C,Продукты,online,False,False,2023-01-22 06:00:00,1,100.33,23.8,76.45,42.69,33.76,44.2,7.3,50.3,7,43,509.0,6104,3,4.6,NONE,4,credit,True
ORD-20250086,СПб,B,Спорт,online,True,False,2023-01-22 12:00:00,3,209.68,6.8,586.27,367.17,219.1,37.4,7.7,23.2,5,60,568.0,896,9,5.0,SUMMER,7,card,False
ORD-20250087,Самара,B,Одежда,online,False,False,2023-01-22 18:00:00,1,99.57,5.1,94.49,61.67,32.82,34.7,9.8,31.2,17,58,1041.0,3847,7,5.0,NONE,3,credit,True
ORD-20250088,Новосибирск,B,Продукты,mobile,False,False,2023-01-23 00:00:00,7,477.79,24.7,2518.45,1708.16,810.29,32.2,7.7,71.1,19,65,485.0,7541,7,5.0,NEWYEAR,11,credit,True
ORD-20250089,СПб,B,Мебель,store,False,False,2023-01-23 06:00:00,4,165.04,5.3,625.18,381.81,243.37,38.9,8.7,51.3,9,51,193.0,310,13,4.3,NONE,8,card,False
ORD-20250090,СПб,C,Продукты,online,True,False,2023-01-23 12:00:00,3,275.4,4.5,789.02,492.02,297.0,37.6,6.3,23.9,15,57,479.0,455,5,4.8,NONE,6,cash,False
ORD-20250091,СПб,B,Одежда,online,False,False,2023-01-23 18:00:00,2,153.4,24.6,231.33,158.48,72.85,31.5,8.1,54.5,8,18,715.0,4978,5,3.9,SALE20,2,cash,True
ORD-20250092,Самара,B,Продукты,store,False,False,2023-01-24 00:00:00,5,138.48,1.9,679.22,416.99,262.23,38.6,8.3,34.1,18,34,507.0,5413,12,3.8,NONE,7,credit,False
ORD-20250093,Казань,C,Продукты,mobile,False,False,2023-01-24 06:00:00,1,184.9,0.8,183.42,112.14,71.28,38.9,9.2,61.9,11,44,281.0,3593,7,4.5,NONE,2,card,True
ORD-20250094,Самара,B,Электроника,mobile,False,False,2023-01-24 12:00:00,3,368.93,11.4,980.62,524.54,456.08,46.5,6.5,41.7,18,65,432.0,1496,13,3.7,NONE,3,card,True
ORD-20250095,СПб,A,Спорт,online,False,False,2023-01-24 18:00:00,1,16.69,7.4,15.45,10.84,4.61,29.8,8.5,31.2,9,46,809.0,4333,13,3.5,NONE,1,credit,True
ORD-20250096,Самара,B,Мебель,online,False,False,2023-01-25 00:00:00,6,93.84,21.8,440.32,256.51,183.81,41.7,8.2,62.5,12,55,253.0,5771,3,4.9,NONE,10,wallet,True
ORD-20250097,СПб,A,Электроника,store,True,False,2023-01-25 06:00:00,6,545.18,18.4,2669.22,1643.74,1025.48,38.4,7.7,53.8,17,25,225.0,2195,2,3.4,SUMMER,7,wallet,False
ORD-20250098,Новосибирск,C,Одежда,mobile,False,False,2023-01-25 12:00:00,6,137.22,13.5,712.15,455.58,256.57,36.0,7.1,22.5,8,58,320.0,1151,3,4.0,NONE,6,card,True
ORD-20250099,Казань,B,Продукты,mobile,False,False,2023-01-25 18:00:00,7,429.14,0.3,2994.99,1833.53,1161.46,38.8,10.0,69.1,13,67,707.0,36,1,4.9,SUMMER,10,credit,True
ORD-20250100,Москва,C,Продукты,mobile,False,False,2023-01-26 00:00:00,4,56.46,6.6,210.95,122.92,88.03,41.7,7.9,61.7,15,36,197.0,7710,11,4.1,NONE,7,card,False
ORD-20250101,Самара,B,Электроника,online,False,False,2023-01-26 06:00:00,5,408.37,22.3,1586.51,945.02,641.49,40.4,9.0,47.0,13,59,469.0,1050,9,3.3,NEWYEAR,7,credit,True
ORD-20250102,Москва,B,Одежда,online,False,False,2023-01-26 12:00:00,7,314.83,6.2,2067.19,992.22,1074.97,52.0,10.0,54.4,18,28,545.0,5279,2,3.0,SUMMER,9,wallet,True
ORD-20250103,Новосибирск,B,Спорт,mobile,False,False,2023-01-26 18:00:00,6,92.56,0.7,551.47,384.2,167.27,30.3,7.5,63.0,20,64,447.0,4649,5,4.4,SALE20,8,credit,True
ORD-20250104,Казань,C,Одежда,online,False,False,2023-01-27 00:00:00,4,12.04,5.8,45.35,21.51,23.84,52.6,10.0,38.5,9,53,247.0,4287,1,3.7,NONE,8,cash,True
ORD-20250105,Новосибирск,A,Одежда,online,True,False,2023-01-27 06:00:00,6,618.63,18.9,3010.27,2246.0,764.27,25.4,6.8,29.2,15,49,471.0,5165,9,4.1,SALE20,8,cash,False
ORD-20250106,Новосибирск,B,Спорт,mobile,False,False,2023-01-27 12:00:00,6,151.55,21.5,713.81,528.89,184.92,25.9,8.0,41.6,16,48,289.0,1350,12,5.0,SUMMER,6,card,False
ORD-20250107,Казань,B,Спорт,store,False,False,2023-01-27 18:00:00,6,128.27,7.1,714.97,510.99,203.98,28.5,6.9,63.0,11,61,474.0,994,6,4.3,NONE,6,wallet,True
ORD-20250108,Москва,B,Электроника,online,False,False,2023-01-28 00:00:00,4,100.09,5.8,377.12,178.37,198.75,52.7,9.2,57.2,11,31,313.0,4341,10,5.0,SALE20,7,wallet,True
ORD-20250109,Москва,C,Одежда,online,False,False,2023-01-28 06:00:00,3,137.97,20.9,327.39,149.87,177.52,54.2,8.8,51.0,9,27,510.0,3496,7,4.2,NONE,3,card,False
ORD-20250110,СПб,B,Спорт,mobile,True,False,2023-01-28 12:00:00,6,266.69,4.9,1521.74,966.61,555.13,36.5,8.5,27.0,16,49,438.0,4496,10,5.0,NEWYEAR,10,cash,False
ORD-20250111,Москва,B,Спорт,online,False,False,2023-01-28 18:00:00,1,244.07,9.1,221.86,110.85,111.01,50.0,9.5,6.1,10,62,270.0,5030,13,4.5,NONE,1,cash,True
ORD-20250112,Самара,A,Продукты,mobile,False,False,2023-01-29 00:00:00,7,597.94,9.5,3787.93,2773.45,1014.48,26.8,6.9,26.7,13,65,558.0,7801,6,4.2,SALE20,10,card,True
ORD-20250113,Москва,B,Мебель,store,False,False,2023-01-29 06:00:00,5,106.7,9.9,480.67,311.07,169.6,35.3,7.6,24.7,13,65,422.0,3408,7,3.8,NONE,9,cash,True
ORD-20250114,Самара,C,Одежда,online,True,False,2023-01-29 12:00:00,6,281.85,1.9,1658.97,1174.09,484.88,29.2,9.2,25.1,12,26,508.0,5893,5,4.1,NEWYEAR,6,cash,False
ORD-20250115,Москва,B,Одежда,online,False,True,2023-01-29 18:00:00,7,455.52,21.1,2515.82,1882.45,633.37,25.2,6.7,27.0,17,18,483.0,5589,9,4.3,NONE,7,credit,True
ORD-20250116,Москва,C,Спорт,store,False,False,2023-01-30 00:00:00,6,21.05,5.4,119.47,87.39,32.08,26.9,7.5,52.9,11,28,667.0,2075,6,4.3,NEWYEAR,10,cash,False
ORD-20250117,Москва,B,Мебель,mobile,True,False,2023-01-30 06:00:00,7,378.1,9.2,2403.17,1157.25,1245.92,51.8,8.1,22.1,14,51,563.0,7473,13,3.5,NONE,8,wallet,True
ORD-20250118,Новосибирск,A,Мебель,online,False,False,2023-01-30 12:00:00,5,202.29,15.9,850.64,633.52,217.12,25.5,6.9,27.3,12,39,525.0,7197,9,4.4,SUMMER,6,credit,False
ORD-20250119,Самара,C,Одежда,online,False,False,2023-01-30 18:00:00,1,172.03,20.1,137.45,64.75,72.7,52.9,7.4,11.2,10,22,209.0,2610,6,3.5,NONE,3,wallet,False
ORD-20250120,Новосибирск,B,Электроника,mobile,True,False,2023-01-31 00:00:00,3,39.93,14.7,102.17,69.84,32.33,31.6,8.7,75.5,14,38,375.0,2877,6,3.9,SUMMER,4,cash,True
ORD-20250121,Казань,B,Электроника,online,False,True,2023-01-31 06:00:00,7,154.23,9.0,982.45,662.96,319.49,32.5,7.6,55.8,16,51,156.0,6344,1,4.0,NONE,9,wallet,True
ORD-20250122,Казань,C,Мебель,mobile,False,False,2023-01-31 12:00:00,2,48.7,0.1,97.29,50.0,47.29,48.6,8.1,24.2,11,20,245.0,5512,7,3.8,SUMMER,3,cash,False
ORD-20250123,Москва,C,Одежда,online,False,True,2023-01-31 18:00:00,1,93.08,12.4,81.54,46.04,35.5,43.5,8.3,26.2,7,64,679.0,1898,10,3.4,SALE20,4,wallet,True
ORD-20250124,Москва,C,Продукты,online,False,False,2023-02-01 00:00:00,3,19.55,14.1,50.38,32.2,18.18,36.1,6.4,26.6,7,38,354.0,1360,3,3.7,NONE,3,wallet,True
ORD-20250125,Самара,B,Мебель,online,True,False,2023-02-01 06:00:00,4,470.05,9.0,1710.99,1025.38,685.61,40.1,7.5,103.8,14,27,672.0,4622,9,5.0,SUMMER,6,cash,False
ORD-20250126,Казань,B,Мебель,store,True,False,2023-02-01 12:00:00,4,448.71,15.7,1513.04,1000.36,512.68,33.9,9.5,25.5,18,38,311.0,5975,8,4.7,NONE,6,cash,False
ORD-20250127,Новосибирск,B,Электроника,online,False,False,2023-02-01 18:00:00,6,328.99,19.7,1585.06,775.6,809.46,51.1,7.3,36.7,14,43,402.0,6995,5,4.6,NONE,8,credit,True
ORD-20250128,Казань,B,Продукты,mobile,True,False,2023-02-02 00:00:00,2,169.35,0.9,335.65,192.04,143.61,42.8,8.9,34.9,16,58,451.0,3107,11,4.3,NONE,3,card,True
ORD-20250129,Москва,A,Мебель,store,False,False,2023-02-02 06:00:00,3,661.1,20.3,1580.7,1051.47,529.23,33.5,10.0,36.7,7,22,789.0,7023,10,4.4,SALE20,6,cash,False
ORD-20250130,Самара,C,Продукты,online,False,False,2023-02-02 12:00:00,5,364.64,14.8,1553.38,702.77,850.61,54.8,9.3,65.6,14,42,635.0,6023,3,4.4,SALE20,6,cash,True
ORD-20250131,Москва,A,Мебель,store,False,False,2023-02-02 18:00:00,5,559.05,8.1,2568.83,1657.14,911.69,35.5,7.8,54.3,9,51,349.0,3334,10,3.2,NONE,6,wallet,False
ORD-20250132,Новосибирск,C,Одежда,mobile,False,False,2023-02-03 00:00:00,6,257.99,17.3,1280.15,783.78,496.37,38.8,5.7,54.1,14,60,350.0,6159,3,5.0,SALE20,6,card,False
ORD-20250133,Казань,B,Одежда,online,False,False,2023-02-03 06:00:00,2,171.11,17.6,281.99,205.14,76.85,27.3,7.7,20.1,12,24,460.0,6604,3,4.3,NEWYEAR,4,card,False
ORD-20250134,Казань,B,Одежда,store,False,False,2023-02-03 12:00:00,7,442.81,18.9,2513.82,1856.82,657.0,26.1,6.4,75.0,14,23,1109.0,7172,8,3.6,NONE,9,wallet,True
ORD-20250135,Москва,A,Электроника,mobile,True,False,2023-02-03 18:00:00,7,356.94,10.3,2241.24,1471.85,769.39,34.3,8.9,29.2,16,68,441.0,3773,3,4.3,SUMMER,9,wallet,False
ORD-20250136,СПб,B,Электроника,online,False,False,2023-02-04 00:00:00,7,319.85,14.4,1916.55,1172.23,744.32,38.8,7.4,35.6,12,66,308.0,4300,1,3.0,NONE,8,card,False
ORD-20250137,Москва,A,Продукты,mobile,False,False,2023-02-04 06:00:00,1,132.85,11.9,117.04,71.3,45.74,39.1,8.7,4.6,4,34,314.0,5177,9,4.1,NEWYEAR,2,cash,True
ORD-20250138,Москва,A,Спорт,mobile,False,False,2023-02-04 12:00:00,3,28.71,9.1,78.28,45.67,32.61,41.7,10.0,21.2,9,43,399.0,2264,10,3.4,NEWYEAR,6,wallet,False
ORD-20250139,Казань,B,Электроника,store,False,False,2023-02-04 18:00:00,5,493.88,3.2,2390.39,1633.89,756.5,31.6,9.2,23.4,13,27,488.0,4254,6,4.7,SALE20,9,credit,False
ORD-20250140,Казань,B,Одежда,mobile,False,False,2023-02-05 00:00:00,3,314.52,23.0,726.55,399.81,326.74,45.0,6.5,48.1,14,59,299.0,4631,5,4.3,NONE,6,card,True
ORD-20250141,Казань,A,Электроника,mobile,False,False,2023-02-05 06:00:00,1,484.12,3.2,468.63,244.93,223.7,47.7,9.3,3.2,11,67,628.0,4482,2,3.5,SALE20,5,cash,False
ORD-20250142,Новосибирск,B,Одежда,mobile,False,False,2023-02-05 12:00:00,2,34.69,16.2,58.14,33.86,24.28,41.8,9.4,26.6,10,44,331.0,2733,11,4.8,NONE,4,credit,True
ORD-20250143,Новосибирск,A,Электроника,mobile,True,False,2023-02-05 18:00:00,1,303.14,10.0,272.82,149.99,122.83,45.0,6.9,14.2,12,51,722.0,541,2,4.5,NONE,4,cash,False
ORD-20250144,Новосибирск,C,Спорт,online,False,False,2023-02-06 00:00:00,6,111.96,20.5,534.07,370.79,163.28,30.6,9.5,30.5,14,52,477.0,4243,8,5.0,SALE20,7,card,True
ORD-20250145,Москва,C,Одежда,mobile,False,False,2023-02-06 06:00:00,2,314.6,11.8,554.95,295.54,259.41,46.7,8.9,45.4,11,43,376.0,6786,1,5.0,SALE20,5,card,True
ORD-20250146,Москва,B,Спорт,store,False,False,2023-02-06 12:00:00,5,247.91,4.7,1181.3,674.07,507.23,42.9,9.6,48.6,15,40,140.0,5754,8,4.1,NEWYEAR,7,wallet,True
ORD-20250147,Новосибирск,B,Мебель,store,False,False,2023-02-06 18:00:00,1,198.41,3.8,190.87,101.36,89.51,46.9,8.7,9.6,7,57,373.0,2465,2,4.2,NONE,5,cash,False
ORD-20250148,Новосибирск,A,Одежда,mobile,False,False,2023-02-07 00:00:00,6,115.43,9.8,624.68,381.98,242.7,38.9,8.5,32.2,17,34,433.0,4833,2,4.4,SUMMER,8,cash,True
ORD-20250149,Москва,C,Одежда,online,False,False,2023-02-07 06:00:00,2,148.45,13.4,257.12,139.32,117.8,45.8,7.5,19.4,12,63,441.0,860,9,4.1,SALE20,3,credit,True
ORD-20250150,Москва,A,Электроника,store,False,True,2023-02-07 12:00:00,2,262.38,15.7,442.38,282.24,160.14,36.2,9.9,58.2,11,39,548.0,5117,5,5.0,SALE20,4,card,False
ORD-20250151,СПб,B,Спорт,online,False,False,2023-02-07 18:00:00,2,395.63,21.2,623.51,431.4,192.11,30.8,9.6,59.7,9,60,371.0,2890,13,4.2,NONE,4,wallet,False
ORD-20250152,Казань,B,Спорт,mobile,True,False,2023-02-08 00:00:00,1,425.28,9.4,385.31,260.05,125.26,32.5,10.0,5.6,8,41,551.0,4512,9,4.1,NEWYEAR,1,credit,False
ORD-20250153,Москва,C,Мебель,online,False,False,2023-02-08 06:00:00,7,146.87,19.5,827.62,447.31,380.31,46.0,6.2,27.4,18,36,301.0,646,11,3.8,SALE20,8,card,True
ORD-20250154,Казань,B,Электроника,store,False,False,2023-02-08 12:00:00,7,211.04,5.6,1394.55,864.13,530.42,38.0,9.0,21.3,15,24,648.0,3414,2,5.0,NONE,9,cash,True
ORD-20250155,СПб,A,Спорт,mobile,False,True,2023-02-08 18:00:00,1,683.0,22.0,532.74,300.89,231.85,43.5,8.6,7.0,8,38,652.0,216,7,3.7,SALE20,5,cash,True
ORD-20250156,Новосибирск,B,Одежда,online,False,False,2023-02-09 00:00:00,2,195.32,2.4,381.26,245.94,135.32,35.5,7.8,15.4,16,54,497.0,6047,6,3.4,NONE,4,credit,False
ORD-20250157,Новосибирск,B,Мебель,mobile,False,False,2023-02-09 06:00:00,5,318.02,20.1,1270.5,903.91,366.59,28.9,7.9,52.9,15,45,593.0,2994,10,4.1,SUMMER,8,cash,False
ORD-20250158,Казань,B,Продукты,online,False,False,2023-02-09 12:00:00,4,76.05,6.7,283.82,199.26,84.56,29.8,6.4,57.8,15,49,387.0,7691,1,5.0,SUMMER,5,credit,True
ORD-20250159,Москва,B,Электроника,online,True,True,2023-02-09 18:00:00,5,220.15,16.4,920.25,659.05,261.2,28.4,9.4,25.1,17,48,407.0,3980,8,3.7,SALE20,7,wallet,False
ORD-20250160,СПб,B,Одежда,mobile,False,False,2023-02-10 00:00:00,7,128.38,13.6,776.46,443.2,333.26,42.9,6.6,22.8,15,41,397.0,735,12,5.0,NONE,11,credit,True
ORD-20250161,СПб,B,Электроника,online,True,False,2023-02-10 06:00:00,6,129.03,14.5,661.91,458.96,202.95,30.7,8.1,29.5,16,33,735.0,7207,4,5.0,NONE,8,credit,True
ORD-20250162,Новосибирск,A,Электроника,online,False,False,2023-02-10 12:00:00,3,174.58,24.5,395.42,222.62,172.8,43.7,8.9,19.9,9,27,474.0,3765,4,5.0,NONE,6,wallet,True
ORD-20250163,Самара,B,Одежда,mobile,True,False,2023-02-10 18:00:00,3,242.6,15.0,618.64,297.24,321.4,52.0,8.1,35.8,11,25,322.0,3100,6,4.6,NEWYEAR,5,credit,True
ORD-20250164,СПб,C,Электроника,store,True,False,2023-02-11 00:00:00,3,115.6,5.4,328.07,205.58,122.49,37.3,10.0,41.0,7,55,427.0,5445,10,4.9,SALE20,7,credit,False
ORD-20250165,Москва,A,Мебель,online,False,False,2023-02-11 06:00:00,2,574.32,10.3,1030.33,648.02,382.31,37.1,6.2,7.2,7,40,362.0,6463,7,3.5,SALE20,3,cash,True
ORD-20250166,Новосибирск,C,Мебель,online,True,False,2023-02-11 12:00:00,4,172.4,2.4,673.06,456.52,216.54,32.2,8.5,12.7,13,21,470.0,5726,11,3.3,NONE,6,card,True
ORD-20250167,Самара,C,Мебель,online,True,True,2023-02-11 18:00:00,1,27.66,8.4,25.34,17.79,7.55,29.8,6.0,69.9,11,60,410.0,4987,4,4.2,NONE,3,card,False
ORD-20250168,СПб,C,Продукты,store,False,False,2023-02-12 00:00:00,1,168.7,7.3,156.39,112.38,44.01,28.1,7.1,4.8,7,37,255.0,7610,13,3.5,NONE,2,cash,False
ORD-20250169,Новосибирск,A,Одежда,mobile,False,False,2023-02-12 06:00:00,1,82.06,16.1,68.85,45.49,23.36,33.9,7.3,59.9,8,32,285.0,3717,13,4.1,NONE,2,cash,False
ORD-20250170,Самара,C,Мебель,online,False,False,2023-02-12 12:00:00,6,61.58,22.8,285.23,181.98,103.25,36.2,7.0,47.3,13,42,377.0,3603,5,4.1,NONE,8,wallet,True
ORD-20250171,Москва,A,Мебель,store,False,False,2023-02-12 18:00:00,4,106.81,7.0,397.35,180.66,216.69,54.5,10.0,13.1,14,37,760.0,379,4,5.0,NEWYEAR,5,wallet,False
ORD-20250172,Москва,B,Одежда,mobile,False,False,2023-02-13 00:00:00,3,398.48,21.2,942.0,455.99,486.01,51.6,7.1,18.6,9,38,211.0,4024,10,4.0,NEWYEAR,4,card,False
ORD-20250173,Москва,B,Одежда,mobile,True,False,2023-02-13 06:00:00,5,220.48,21.9,860.97,423.61,437.36,50.8,6.6,40.0,13,32,514.0,6817,10,4.0,SALE20,5,wallet,True
ORD-20250174,СПб,B,Спорт,mobile,False,False,2023-02-13 12:00:00,6,10.48,15.8,52.94,27.94,25.0,47.2,8.1,32.8,13,19,834.0,2271,10,3.7,NONE,9,wallet,False
ORD-20250175,Казань,B,Мебель,online,False,False,2023-02-13 18:00:00,6,260.74,17.5,1290.65,926.65,364.0,28.2,7.7,20.9,13,49,658.0,4939,5,3.7,SALE20,6,credit,True
ORD-20250176,Новосибирск,C,Продукты,online,True,False,2023-02-14 00:00:00,4,81.46,20.0,260.67,174.08,86.59,33.2,8.3,72.3,14,56,443.0,6498,9,5.0,SUMMER,6,cash,False
ORD-20250177,Новосибирск,A,Одежда,mobile,False,False,2023-02-14 06:00:00,6,506.09,9.3,2754.15,1762.58,991.57,36.0,9.7,62.7,10,67,408.0,1736,7,4.9,NONE,8,cash,False
ORD-20250178,Новосибирск,B,Одежда,online,False,False,2023-02-14 12:00:00,3,471.4,24.7,1064.89,518.95,545.94,51.3,5.7,16.0,7,25,578.0,22,12,4.3,SALE20,3,cash,True
ORD-20250179,Новосибирск,C,Одежда,online,False,False,2023-02-14 18:00:00,6,70.1,9.5,380.65,246.1,134.55,35.3,10.0,21.9,13,27,817.0,2217,10,4.5,NONE,6,credit,False
ORD-20250180,Москва,B,Спорт,store,False,False,2023-02-15 00:00:00,2,145.47,2.1,284.82,190.56,94.26,33.1,7.6,20.2,9,39,596.0,311,9,5.0,NONE,5,cash,True
ORD-20250181,Новосибирск,C,Продукты,mobile,False,False,2023-02-15 06:00:00,2,269.26,18.3,439.98,238.64,201.34,45.8,8.0,72.9,12,58,481.0,5955,10,4.4,SALE20,3,wallet,False
ORD-20250182,Новосибирск,C,Продукты,mobile,False,False,2023-02-15 12:00:00,6,239.9,8.4,1318.48,689.72,628.76,47.7,9.0,26.0,16,50,725.0,2600,7,5.0,SUMMER,10,cash,True
ORD-20250183,Самара,B,Спорт,mobile,False,False,2023-02-15 18:00:00,6,415.88,0.7,2477.83,1625.34,852.49,34.4,6.1,40.3,15,52,480.0,6540,4,4.2,NEWYEAR,8,card,True
ORD-20250184,Новосибирск,B,Мебель,online,False,False,2023-02-16 00:00:00,7,328.1,4.5,2193.35,1066.23,1127.12,51.4,8.8,91.7,10,45,464.0,6114,8,5.0,NEWYEAR,8,wallet,True
ORD-20250185,Казань,A,Мебель,mobile,False,False,2023-02-16 06:00:00,1,145.0,9.2,131.66,82.22,49.44,37.6,9.6,53.5,8,69,576.0,5810,8,4.3,NEWYEAR,1,credit,True
ORD-20250186,Самара,C,Одежда,mobile,False,False,2023-02-16 12:00:00,7,314.49,5.3,2084.78,1548.17,536.61,25.7,8.8,29.7,17,38,346.0,2005,6,3.8,SALE20,7,cash,True
ORD-20250187,Самара,A,Одежда,online,False,False,2023-02-16 18:00:00,7,124.31,3.4,840.61,384.49,456.12,54.3,8.9,49.8,14,23,1479.0,1664,9,4.0,SALE20,8,cash,False
ORD-20250188,СПб,B,Электроника,mobile,True,False,2023-02-17 00:00:00,4,51.07,4.1,195.92,98.89,97.03,49.5,9.5,27.8,8,42,476.0,2492,7,4.5,NONE,5,wallet,False
ORD-20250189,Самара,B,Продукты,online,False,False,2023-02-17 06:00:00,4,470.36,15.7,1586.05,965.98,620.07,39.1,8.7,17.9,9,65,415.0,587,1,4.7,NEWYEAR,6,card,False
ORD-20250190,Казань,B,Одежда,online,False,True,2023-02-17 12:00:00,2,296.06,3.2,573.18,270.13,303.05,52.9,9.2,21.4,10,46,627.0,2669,12,5.0,NONE,2,cash,False
ORD-20250191,Москва,B,Продукты,store,False,False,2023-02-17 18:00:00,5,172.27,19.6,692.51,458.67,233.84,33.8,8.3,27.5,12,59,693.0,3498,10,5.0,SALE20,9,cash,True
ORD-20250192,Москва,A,Продукты,online,False,False,2023-02-18 00:00:00,6,189.87,21.0,900.0,426.8,473.2,52.6,7.6,24.1,15,53,340.0,4337,13,4.0,SUMMER,8,cash,True
ORD-20250193,Самара,C,Электроника,online,False,False,2023-02-18 06:00:00,5,38.63,18.1,158.19,80.28,77.91,49.3,7.4,26.2,12,65,226.0,4315,9,5.0,NONE,6,wallet,False
ORD-20250194,Новосибирск,C,Продукты,mobile,True,False,2023-02-18 12:00:00,2,213.29,6.1,400.55,246.06,154.49,38.6,8.3,38.0,7,49,392.0,6533,12,4.4,NONE,2,cash,False
ORD-20250195,Самара,B,Мебель,online,False,False,2023-02-18 18:00:00,4,436.45,14.4,1494.39,1038.03,456.36,30.5,4.9,28.1,7,57,501.0,4322,9,4.6,NONE,4,cash,True
ORD-20250196,Новосибирск,C,Спорт,store,False,True,2023-02-19 00:00:00,2,257.37,1.5,507.02,283.97,223.05,44.0,10.0,35.6,16,49,332.0,6229,13,3.9,NONE,2,cash,True
ORD-20250197,Новосибирск,A,Одежда,online,False,False,2023-02-19 06:00:00,4,536.74,23.6,1640.29,765.88,874.41,53.3,8.6,20.5,9,32,443.0,4409,3,4.4,SUMMER,7,credit,False
ORD-20250198,Москва,A,Одежда,mobile,True,False,2023-02-19 12:00:00,7,424.52,0.2,2965.69,1644.04,1321.65,44.6,9.0,23.1,16,19,425.0,1789,4,5.0,NONE,7,cash,False
ORD-20250199,Самара,A,Продукты,online,False,False,2023-02-19 18:00:00,7,20.78,5.5,137.46,64.9,72.56,52.8,10.0,23.9,19,39,232.0,5675,7,4.3,NEWYEAR,11,card,True
ORD-20250200,СПб,B,Спорт,online,True,False,2023-02-20 00:00:00,6,228.1,2.1,1339.83,678.63,661.2,49.3,9.8,48.2,11,67,582.0,7839,4,2.4,SALE20,6,wallet,True
ORD-20250201,Самара,B,Электроника,online,False,False,2023-02-20 06:00:00,3,27.54,24.9,62.04,36.63,25.41,41.0,9.1,21.7,6,23,640.0,4543,8,4.5,SALE20,7,credit,True
ORD-20250202,Казань,A,Продукты,online,False,False,2023-02-20 12:00:00,3,69.77,1.0,207.23,148.02,59.21,28.6,10.0,28.8,6,30,484.0,4667,5,3.5,SUMMER,4,card,True
ORD-20250203,Новосибирск,B,Мебель,store,False,False,2023-02-20 18:00:00,6,96.1,0.0,576.59,414.03,162.56,28.2,8.8,21.3,15,18,522.0,1895,5,5.0,NONE,8,cash,True
ORD-20250204,Москва,B,Электроника,online,False,False,2023-02-21 00:00:00,1,445.8,2.5,434.65,287.41,147.24,33.9,7.7,43.7,8,39,344.0,6068,5,3.7,NONE,4,card,False
ORD-20250205,Москва,B,Электроника,mobile,True,False,2023-02-21 06:00:00,3,115.41,22.0,270.06,189.77,80.29,29.7,8.3,81.7,9,67,426.0,316,9,3.8,SALE20,3,card,False
ORD-20250206,Самара,C,Электроника,online,True,False,2023-02-21 12:00:00,4,173.52,10.0,624.68,381.34,243.34,39.0,7.6,63.6,11,40,585.0,5755,2,4.1,SALE20,4,credit,False
ORD-20250207,Казань,B,Одежда,online,True,False,2023-02-21 18:00:00,1,439.47,23.6,335.76,247.34,88.42,26.3,6.2,27.2,7,61,259.0,3840,1,4.4,NONE,4,credit,True
ORD-20250208,Новосибирск,B,Электроника,online,False,False,2023-02-22 00:00:00,6,342.28,24.0,1560.79,1093.16,467.63,30.0,6.9,19.6,10,48,297.0,7445,12,3.9,SUMMER,8,card,True
ORD-20250209,Новосибирск,A,Одежда,mobile,True,False,2023-02-22 06:00:00,3,105.0,18.2,257.66,166.74,90.92,35.3,9.2,14.2,8,22,253.0,1515,7,4.6,NEWYEAR,7,credit,False
ORD-20250210,СПб,C,Одежда,mobile,False,False,2023-02-22 12:00:00,6,177.41,4.2,1019.75,530.46,489.29,48.0,10.0,76.2,19,33,877.0,3875,11,4.9,NONE,8,cash,True
ORD-20250211,Самара,B,Мебель,online,False,False,2023-02-22 18:00:00,2,387.76,24.3,587.07,398.22,188.85,32.2,8.5,103.9,10,41,400.0,3272,1,5.0,NONE,4,cash,False
ORD-20250212,Самара,A,Одежда,online,False,False,2023-02-23 00:00:00,1,318.51,11.0,283.47,201.98,81.49,28.7,8.0,4.2,7,34,794.0,6636,4,4.6,NONE,2,cash,True
ORD-20250213,Новосибирск,A,Спорт,mobile,True,True,2023-02-23 06:00:00,4,163.15,11.6,576.91,342.44,234.47,40.6,9.1,36.6,13,33,434.0,1829,6,3.7,NONE,5,wallet,True
ORD-20250214,СПб,A,Электроника,online,False,False,2023-02-23 12:00:00,7,455.45,15.9,2681.22,1498.92,1182.3,44.1,9.1,30.8,11,49,916.0,3270,7,4.8,SUMMER,11,card,True
ORD-20250215,Москва,B,Электроника,online,False,False,2023-02-23 18:00:00,1,209.7,17.9,172.17,96.32,75.85,44.1,7.5,20.2,3,33,732.0,3864,12,3.8,NONE,2,card,False
ORD-20250216,СПб,A,Спорт,online,False,False,2023-02-24 00:00:00,1,366.44,24.1,278.13,187.92,90.21,32.4,8.1,16.5,4,62,340.0,4514,2,4.3,SUMMER,5,cash,True
ORD-20250217,СПб,C,Электроника,online,False,False,2023-02-24 06:00:00,6,53.43,24.3,242.67,178.36,64.31,26.5,7.1,19.7,9,64,468.0,1869,6,5.0,SALE20,8,wallet,False
ORD-20250218,Москва,B,Одежда,store,True,False,2023-02-24 12:00:00,1,453.47,10.3,406.76,231.91,174.85,43.0,8.1,27.9,6,19,299.0,3282,3,5.0,NONE,4,cash,True
ORD-20250219,СПб,C,Мебель,online,True,False,2023-02-24 18:00:00,5,345.98,3.6,1667.63,803.7,863.93,51.8,9.0,21.8,14,69,583.0,2406,13,4.9,NEWYEAR,6,card,True
ORD-20250220,Москва,B,Спорт,online,False,False,2023-02-25 00:00:00,1,158.59,22.9,122.27,56.57,65.7,53.7,7.9,29.8,9,47,688.0,1224,9,4.6,NONE,2,card,True
ORD-20250221,Москва,B,Одежда,mobile,False,False,2023-02-25 06:00:00,1,153.38,3.0,148.78,104.07,44.71,30.1,8.0,25.6,4,39,948.0,1522,10,3.2,NONE,3,cash,False
ORD-20250222,Самара,C,Одежда,online,True,False,2023-02-25 12:00:00,3,70.2,13.8,181.53,98.61,82.92,45.7,8.6,30.0,13,46,776.0,1620,9,4.5,NONE,6,cash,False
ORD-20250223,Самара,A,Электроника,mobile,False,False,2023-02-25 18:00:00,5,415.88,4.2,1992.07,1388.29,603.78,30.3,9.1,37.0,10,60,531.0,4761,13,3.6,NEWYEAR,9,cash,False
ORD-20250224,Москва,C,Продукты,mobile,False,False,2023-02-26 00:00:00,5,80.65,9.0,366.97,177.9,189.07,51.5,10.0,80.0,9,24,515.0,5919,13,4.2,SALE20,7,card,True
ORD-20250225,Казань,A,Одежда,online,False,False,2023-02-26 06:00:00,7,435.54,13.2,2646.35,1222.17,1424.18,53.8,9.7,42.6,14,26,405.0,5472,12,4.8,NONE,9,cash,False
ORD-20250226,Новосибирск,B,Одежда,mobile,True,False,2023-02-26 12:00:00,1,473.41,17.6,390.09,211.77,178.32,45.7,8.5,53.4,5,20,927.0,57,3,4.5,NEWYEAR,1,credit,False
ORD-20250227,СПб,C,Одежда,online,False,False,2023-02-26 18:00:00,1,73.96,24.4,55.91,30.45,25.46,45.5,5.7,30.3,8,58,316.0,4309,12,2.7,NONE,2,card,False
ORD-20250228,СПб,A,Спорт,store,False,False,2023-02-27 00:00:00,6,168.97,23.0,780.65,584.91,195.74,25.1,10.0,33.1,15,59,295.0,1780,4,4.8,NONE,10,card,True
ORD-20250229,Самара,A,Продукты,mobile,False,False,2023-02-27 06:00:00,3,76.56,13.0,199.81,104.23,95.58,47.8,7.9,58.6,10,20,288.0,7980,5,5.0,SUMMER,6,wallet,False
ORD-20250230,СПб,B,Продукты,online,True,False,2023-02-27 12:00:00,2,164.31,7.8,302.99,203.73,99.26,32.8,7.4,31.9,8,60,687.0,1167,1,5.0,SALE20,6,credit,True
ORD-20250231,Самара,B,Продукты,online,True,False,2023-02-27 18:00:00,7,441.99,13.4,2679.36,1945.98,733.38,27.4,9.2,60.6,15,35,657.0,3408,11,4.4,SALE20,8,card,True
ORD-20250232,Москва,B,Продукты,mobile,False,False,2023-02-28 00:00:00,3,17.82,9.2,48.53,33.23,15.3,31.5,6.8,23.5,10,20,534.0,4472,12,4.2,SALE20,6,cash,True
ORD-20250233,Москва,C,Одежда,online,True,False,2023-02-28 06:00:00,1,241.33,11.5,213.58,158.54,55.04,25.8,8.2,10.3,3,47,507.0,1471,5,5.0,NONE,1,card,False
ORD-20250234,Казань,A,Электроника,mobile,False,False,2023-02-28 12:00:00,1,277.44,22.9,213.91,107.0,106.91,50.0,7.8,31.5,9,53,278.0,425,11,3.7,SUMMER,4,credit,False
ORD-20250235,Казань,B,Одежда,store,False,False,2023-02-28 18:00:00,7,165.6,12.9,1009.65,661.37,348.28,34.5,7.8,40.3,17,21,498.0,6599,12,5.0,NONE,7,cash,False
ORD-20250236,Новосибирск,C,Одежда,online,False,True,2023-03-01 00:00:00,2,70.78,1.0,140.15,85.02,55.13,39.3,9.0,18.5,8,31,732.0,2552,8,4.5,NONE,6,cash,True
ORD-20250237,Самара,C,Одежда,online,False,False,2023-03-01 06:00:00,7,313.53,17.1,1819.4,1293.59,525.81,28.9,6.2,42.3,16,24,290.0,3631,7,5.0,NONE,11,wallet,True
ORD-20250238,СПб,C,Электроника,online,False,False,2023-03-01 12:00:00,2,309.88,7.0,576.37,387.83,188.54,32.7,8.1,6.8,15,30,274.0,5948,9,4.8,SUMMER,5,card,True
ORD-20250239,Москва,C,Спорт,online,False,False,2023-03-01 18:00:00,3,22.53,5.3,64.02,43.77,20.25,31.6,9.5,10.3,16,34,506.0,3040,1,4.9,SALE20,5,cash,True
ORD-20250240,Казань,A,Продукты,online,False,False,2023-03-02 00:00:00,1,409.53,19.2,330.9,187.25,143.65,43.4,8.1,16.2,5,65,607.0,3651,6,4.4,NONE,4,cash,True
ORD-20250241,Самара,A,Продукты,store,False,False,2023-03-02 06:00:00,4,298.66,4.1,1145.67,748.21,397.46,34.7,10.0,23.1,15,42,619.0,4306,12,3.9,NONE,4,credit,True
ORD-20250242,СПб,C,Спорт,online,False,False,2023-03-02 12:00:00,7,9.79,15.2,58.14,41.53,16.61,28.6,7.8,26.9,15,50,725.0,6030,5,5.0,NONE,7,card,False
ORD-20250243,Самара,B,Спорт,online,False,False,2023-03-02 18:00:00,7,159.62,20.4,889.38,452.84,436.54,49.1,7.0,23.8,9,29,477.0,1081,10,3.6,NONE,9,credit,True
ORD-20250244,Москва,B,Одежда,online,False,False,2023-03-03 00:00:00,3,102.13,7.5,283.41,130.21,153.2,54.1,8.7,22.8,10,49,230.0,7998,1,2.8,NONE,3,cash,True
ORD-20250245,Самара,C,Спорт,mobile,True,False,2023-03-03 06:00:00,1,288.07,11.8,254.08,138.08,116.0,45.7,6.4,19.6,4,34,550.0,7300,9,3.4,NONE,2,credit,True
ORD-20250246,Новосибирск,B,Продукты,mobile,False,False,2023-03-03 12:00:00,5,229.18,14.4,980.91,695.4,285.51,29.1,9.0,21.8,12,40,719.0,4955,5,3.4,NONE,7,card,False
ORD-20250247,СПб,B,Продукты,mobile,False,False,2023-03-03 18:00:00,3,401.02,16.0,1010.58,595.68,414.9,41.1,10.0,17.8,12,26,349.0,6579,12,4.5,SUMMER,4,card,False
ORD-20250248,Самара,B,Спорт,mobile,False,False,2023-03-04 00:00:00,7,484.72,24.3,2568.54,1353.85,1214.69,47.3,9.2,51.4,17,51,423.0,5574,10,5.0,NONE,8,card,True
ORD-20250249,Самара,B,Спорт,mobile,False,False,2023-03-04 06:00:00,1,206.68,22.2,160.8,116.3,44.5,27.7,6.3,29.4,9,23,187.0,7426,13,4.1,NEWYEAR,5,credit,False
ORD-20250250,СПб,A,Спорт,store,False,False,2023-03-04 12:00:00,1,395.01,5.2,374.47,173.25,201.22,53.7,8.4,24.6,13,39,400.0,252,2,3.4,SUMMER,4,wallet,True
ORD-20250251,Москва,C,Электроника,online,False,False,2023-03-04 18:00:00,6,365.04,13.6,1892.35,1309.44,582.91,30.8,8.7,66.0,17,39,847.0,3801,10,4.6,NONE,10,credit,False
ORD-20250252,СПб,B,Электроника,mobile,False,False,2023-03-05 00:00:00,5,91.48,3.9,439.54,303.16,136.38,31.0,7.7,58.5,13,37,374.0,7843,4,4.2,NONE,6,card,False
ORD-20250253,Новосибирск,B,Одежда,mobile,True,False,2023-03-05 06:00:00,5,36.55,1.5,179.99,109.02,70.97,39.4,7.9,18.7,12,29,293.0,2652,8,4.0,NEWYEAR,8,card,False
ORD-20250254,СПб,A,Одежда,online,True,False,2023-03-05 12:00:00,4,336.16,9.2,1220.92,646.05,574.87,47.1,7.7,15.0,9,24,979.0,6715,4,4.4,SUMMER,8,wallet,True
ORD-20250255,СПб,A,Мебель,mobile,False,False,2023-03-05 18:00:00,7,348.68,8.0,2245.49,1303.21,942.28,42.0,10.0,24.2,16,51,572.0,1122,3,4.5,SALE20,8,credit,True
ORD-20250256,СПб,A,Электроника,mobile,False,True,2023-03-06 00:00:00,5,651.31,14.3,2790.87,1552.41,1238.46,44.4,7.9,180.0,11,66,541.0,39,11,4.9,NONE,5,cash,True
ORD-20250257,СПб,A,Одежда,online,False,False,2023-03-06 06:00:00,2,326.56,16.0,548.63,270.2,278.43,50.8,9.7,19.8,9,29,476.0,5319,10,4.9,NONE,2,credit,True
ORD-20250258,Казань,B,Мебель,online,False,False,2023-03-06 12:00:00,6,227.55,9.6,1234.22,775.73,458.49,37.1,9.0,108.7,10,23,341.0,7334,7,4.4,NEWYEAR,10,credit,True
ORD-20250259,Самара,A,Продукты,mobile,True,False,2023-03-06 18:00:00,4,355.71,21.7,1114.08,566.74,547.34,49.1,7.4,33.4,11,27,402.0,1882,7,5.0,NONE,4,wallet,True
ORD-20250260,СПб,B,Мебель,online,True,False,2023-03-07 00:00:00,2,228.35,21.0,360.8,270.18,90.62,25.1,7.3,26.7,10,33,869.0,6624,7,3.6,NONE,4,credit,True
ORD-20250261,СПб,B,Спорт,mobile,False,False,2023-03-07 06:00:00,5,450.4,18.0,1846.62,1149.2,697.42,37.8,6.8,36.6,12,37,340.0,2428,7,5.0,NONE,5,wallet,True
ORD-20250262,Казань,B,Спорт,online,False,False,2023-03-07 12:00:00,5,312.72,8.8,1426.02,691.74,734.28,51.5,10.0,41.7,9,33,772.0,7798,11,4.2,SALE20,6,wallet,False
ORD-20250263,СПб,A,Спорт,mobile,False,False,2023-03-07 18:00:00,2,560.26,6.1,1052.17,667.48,384.69,36.6,7.4,11.2,13,23,514.0,116,9,3.4,NONE,6,credit,True
ORD-20250264,Казань,B,Мебель,mobile,True,False,2023-03-08 00:00:00,2,85.77,2.9,166.56,93.95,72.61,43.6,9.5,30.5,15,57,515.0,5894,12,3.8,NEWYEAR,2,cash,True
ORD-20250265,Москва,A,Продукты,online,True,False,2023-03-08 06:00:00,7,614.92,6.3,4033.26,2039.63,1993.63,49.4,8.6,41.8,16,20,229.0,7695,10,3.7,NONE,7,card,True
ORD-20250266,СПб,B,Мебель,store,False,True,2023-03-08 12:00:00,6,485.32,24.0,2213.07,1193.19,1019.88,46.1,7.0,24.9,13,34,530.0,4260,4,4.8,SALE20,6,wallet,False
ORD-20250267,Новосибирск,B,Мебель,online,False,False,2023-03-08 18:00:00,2,478.87,10.4,858.14,452.04,406.1,47.3,10.0,8.8,10,57,436.0,6746,4,4.4,SUMMER,5,credit,False
ORD-20250268,Казань,B,Спорт,store,False,False,2023-03-09 00:00:00,5,491.56,10.4,2202.19,1375.95,826.24,37.5,7.7,58.2,12,49,234.0,491,7,5.0,SUMMER,6,card,True
ORD-20250269,Казань,B,Мебель,store,False,False,2023-03-09 06:00:00,1,351.69,11.8,310.19,165.24,144.95,46.7,6.6,84.3,14,26,455.0,5726,5,5.0,NONE,2,credit,True
ORD-20250270,Самара,B,Продукты,mobile,False,True,2023-03-09 12:00:00,7,339.04,16.2,1988.79,923.56,1065.23,53.6,9.4,26.5,19,24,377.0,388,9,3.9,SALE20,10,credit,True
ORD-20250271,СПб,B,Продукты,mobile,True,False,2023-03-09 18:00:00,2,43.0,23.0,66.21,46.04,20.17,30.5,6.5,31.5,10,49,497.0,6054,4,4.2,SUMMER,5,cash,False
ORD-20250272,Казань,A,Спорт,mobile,False,False,2023-03-10 00:00:00,2,208.08,2.9,404.1,216.45,187.65,46.4,9.4,21.7,12,18,318.0,1370,6,4.3,NEWYEAR,4,credit,True
ORD-20250273,СПб,B,Одежда,online,False,False,2023-03-10 06:00:00,6,395.66,20.5,1887.28,1021.77,865.51,45.9,9.3,25.9,12,33,298.0,6652,10,4.4,SUMMER,10,cash,False
ORD-20250274,Самара,C,Одежда,online,False,False,2023-03-10 12:00:00,7,140.2,11.2,871.51,505.47,366.04,42.0,9.0,46.9,15,61,464.0,4243,7,4.2,SUMMER,9,credit,True
ORD-20250275,Казань,C,Мебель,online,False,False,2023-03-10 18:00:00,5,235.54,6.9,1096.44,754.34,342.1,31.2,9.3,51.1,9,34,382.0,1768,7,4.8,NONE,6,cash,True
ORD-20250276,Москва,B,Мебель,online,False,False,2023-03-11 00:00:00,7,297.38,13.6,1798.55,1141.24,657.31,36.5,6.6,30.9,21,35,391.0,6532,13,3.4,NONE,8,credit,False
ORD-20250277,Казань,B,Одежда,mobile,False,False,2023-03-11 06:00:00,7,294.55,13.5,1783.49,849.48,934.01,52.4,10.0,50.0,12,26,274.0,3740,8,4.0,NEWYEAR,8,credit,True
ORD-20250278,СПб,C,Электроника,online,False,False,2023-03-11 12:00:00,3,143.63,3.3,416.68,244.96,171.72,41.2,8.5,29.4,13,41,437.0,7395,10,5.0,NEWYEAR,3,card,True
ORD-20250279,Москва,C,Мебель,online,True,False,2023-03-11 18:00:00,5,332.67,2.4,1623.44,1099.08,524.36,32.3,6.8,16.3,12,29,578.0,3504,7,4.0,NONE,7,wallet,True
ORD-20250280,Казань,B,Электроника,online,True,False,2023-03-12 00:00:00,5,131.99,15.7,556.33,257.15,299.18,53.8,6.0,69.9,15,19,499.0,3504,9,4.5,SUMMER,5,cash,True
ORD-20250281,Москва,B,Электроника,store,False,False,2023-03-12 06:00:00,7,387.48,18.4,2213.29,1022.81,1190.48,53.8,8.4,68.1,18,47,386.0,346,12,4.7,NONE,7,wallet,True
ORD-20250282,Москва,C,Электроника,online,True,True,2023-03-12 12:00:00,4,16.83,15.4,56.94,37.61,19.33,33.9,7.0,20.6,8,18,232.0,1746,3,3.2,SUMMER,4,wallet,True
ORD-20250283,Самара,A,Мебель,mobile,False,True,2023-03-12 18:00:00,4,589.15,8.8,2149.21,1290.53,858.68,40.0,7.6,43.6,8,48,318.0,4907,8,4.1,NONE,4,card,False
ORD-20250284,Казань,B,Мебель,online,False,False,2023-03-13 00:00:00,6,381.48,13.9,1970.71,983.65,987.06,50.1,9.2,44.6,16,28,332.0,2126,5,4.1,SALE20,6,wallet,True
ORD-20250285,СПб,B,Продукты,mobile,False,False,2023-03-13 06:00:00,7,489.69,22.7,2649.69,1725.15,924.54,34.9,9.7,30.4,11,32,625.0,1039,13,4.9,SUMMER,11,wallet,False
ORD-20250286,Новосибирск,B,Электроника,online,True,False,2023-03-13 12:00:00,1,69.18,23.1,53.2,25.25,27.95,52.5,7.4,3.1,6,22,616.0,1821,6,3.4,SALE20,5,wallet,True
ORD-20250287,Новосибирск,A,Электроника,mobile,False,False,2023-03-13 18:00:00,7,565.28,5.8,3727.43,2174.55,1552.88,41.7,8.9,55.5,15,28,506.0,4570,8,4.7,NONE,9,cash,False
ORD-20250288,Москва,C,Продукты,online,False,False,2023-03-14 00:00:00,3,121.07,2.4,354.48,246.7,107.78,30.4,7.7,11.8,14,36,389.0,2953,1,5.0,NONE,5,cash,True
ORD-20250289,СПб,A,Спорт,mobile,False,False,2023-03-14 06:00:00,4,184.08,16.3,616.3,310.08,306.22,49.7,7.5,43.2,11,35,753.0,5989,7,5.0,SALE20,6,credit,True
ORD-20250290,Москва,B,Мебель,mobile,False,False,2023-03-14 12:00:00,4,110.47,4.4,422.43,264.82,157.61,37.3,7.4,35.7,9,69,575.0,7388,6,3.9,NEWYEAR,7,credit,False
ORD-20250291,Москва,C,Продукты,mobile,False,False,2023-03-14 18:00:00,1,271.52,20.0,217.22,121.91,95.31,43.9,10.0,144.7,8,22,195.0,809,1,3.6,NEWYEAR,4,wallet,True
ORD-20250292,СПб,B,Продукты,online,False,False,2023-03-15 00:00:00,5,471.8,7.0,2193.89,1575.22,618.67,28.2,8.1,22.1,14,43,842.0,594,1,5.0,SALE20,6,credit,False
ORD-20250293,Москва,B,Мебель,online,True,False,2023-03-15 06:00:00,7,329.56,3.8,2219.28,1429.18,790.1,35.6,8.4,38.5,13,45,419.0,1390,6,4.1,NONE,8,wallet,True
ORD-20250294,Новосибирск,B,Одежда,store,False,False,2023-03-15 12:00:00,6,140.25,20.4,669.82,373.6,296.22,44.2,7.4,19.2,17,68,651.0,153,11,4.3,NONE,9,wallet,False
ORD-20250295,Самара,B,Электроника,online,False,False,2023-03-15 18:00:00,4,205.92,5.2,780.84,465.98,314.86,40.3,8.8,24.9,10,60,540.0,6966,5,4.9,SALE20,7,credit,False
ORD-20250296,Москва,B,Одежда,mobile,False,False,2023-03-16 00:00:00,1,128.1,0.2,127.84,77.7,50.14,39.2,8.2,39.4,9,50,267.0,5972,11,5.0,SALE20,2,card,True
ORD-20250297,СПб,C,Электроника,online,True,False,2023-03-16 06:00:00,6,33.15,20.5,158.11,117.84,40.27,25.5,9.6,20.9,16,50,371.0,5809,8,3.4,NONE,6,credit,True
ORD-20250298,Самара,B,Одежда,mobile,True,False,2023-03-16 12:00:00,5,385.99,2.3,1885.56,1270.11,615.45,32.6,8.8,60.5,12,64,207.0,7334,8,5.0,SUMMER,5,card,False
ORD-20250299,СПб,A,Спорт,online,False,False,2023-03-16 18:00:00,4,85.66,10.5,306.68,203.69,102.99,33.6,8.3,14.1,9,19,328.0,6265,5,4.3,SALE20,4,cash,True
ORD-20250300,Казань,B,Продукты,mobile,False,False,2023-03-17 00:00:00,3,328.16,9.9,887.02,660.92,226.1,25.5,7.9,12.6,8,59,473.0,6619,10,4.2,NEWYEAR,4,wallet,True
ORD-20250301,Москва,B,Продукты,online,False,False,2023-03-17 06:00:00,3,219.85,3.6,635.82,315.34,320.48,50.4,10.0,13.7,11,32,459.0,1240,5,4.6,SALE20,7,wallet,True
ORD-20250302,Новосибирск,B,Мебель,mobile,False,False,2023-03-17 12:00:00,2,45.6,0.9,90.37,53.33,37.04,41.0,9.0,36.8,7,50,342.0,6946,9,3.0,NONE,4,credit,True
ORD-20250303,Москва,C,Одежда,online,False,False,2023-03-17 18:00:00,3,118.3,2.1,347.46,256.61,90.85,26.1,7.6,21.9,6,42,404.0,5481,13,4.4,SUMMER,7,credit,False
ORD-20250304,Москва,B,Мебель,online,False,False,2023-03-18 00:00:00,2,46.97,10.7,83.89,59.2,24.69,29.4,8.1,12.0,11,42,467.0,1151,8,3.9,SALE20,6,card,True
ORD-20250305,СПб,A,Продукты,online,True,False,2023-03-18 06:00:00,3,445.67,23.9,1017.47,520.41,497.06,48.9,9.2,33.5,10,65,585.0,1100,5,4.6,SALE20,3,credit,False
ORD-20250306,СПб,B,Продукты,mobile,True,False,2023-03-18 12:00:00,7,336.92,18.1,1931.57,1113.43,818.14,42.4,9.6,39.3,13,63,348.0,5977,6,4.7,SALE20,7,cash,True
ORD-20250307,СПб,B,Одежда,online,True,False,2023-03-18 18:00:00,5,448.43,17.9,1840.82,932.14,908.68,49.4,8.8,34.4,11,26,421.0,3333,12,3.5,NEWYEAR,7,cash,False
ORD-20250308,Самара,B,Спорт,mobile,False,False,2023-03-19 00:00:00,5,150.22,16.7,625.67,413.07,212.6,34.0,8.1,52.9,12,38,271.0,2510,7,4.6,SUMMER,9,cash,True
ORD-20250309,Самара,A,Спорт,mobile,True,False,2023-03-19 06:00:00,6,134.85,19.2,653.75,415.26,238.49,36.5,9.1,32.4,13,21,275.0,330,11,3.3,NONE,9,cash,False
ORD-20250310,Москва,A,Электроника,online,False,False,2023-03-19 12:00:00,7,339.57,13.2,2063.22,1288.21,775.01,37.6,4.9,68.2,13,30,702.0,3290,12,3.4,SUMMER,9,cash,True
ORD-20250311,Москва,C,Электроника,mobile,True,False,2023-03-19 18:00:00,4,306.8,24.6,925.3,667.07,258.23,27.9,7.3,21.4,16,45,824.0,2618,5,3.8,NONE,5,credit,False
ORD-20250312,СПб,A,Мебель,store,False,False,2023-03-20 00:00:00,3,402.16,15.2,1023.1,491.21,531.89,52.0,8.1,17.8,11,30,485.0,2386,2,4.8,NONE,4,card,False
ORD-20250313,СПб,B,Продукты,mobile,True,False,2023-03-20 06:00:00,4,472.55,15.8,1591.54,1165.25,426.29,26.8,7.6,59.0,8,47,392.0,7742,5,3.6,SUMMER,4,card,True
ORD-20250314,Самара,C,Мебель,mobile,False,False,2023-03-20 12:00:00,7,40.11,0.5,279.38,166.33,113.05,40.5,9.4,78.3,12,47,370.0,1572,3,4.4,SALE20,10,wallet,True
ORD-20250315,Новосибирск,B,Одежда,store,False,False,2023-03-20 18:00:00,3,362.44,18.9,881.82,403.97,477.85,54.2,10.0,12.2,14,69,728.0,5565,10,4.4,NONE,6,cash,True
ORD-20250316,СПб,B,Мебель,store,False,False,2023-03-21 00:00:00,7,334.91,8.9,2135.75,1547.22,588.53,27.6,6.3,24.6,16,56,94.0,5205,8,4.6,NONE,9,wallet,True
ORD-20250317,Самара,A,Электроника,online,False,False,2023-03-21 06:00:00,4,180.98,19.3,584.2,426.09,158.11,27.1,6.5,13.0,14,46,1110.0,298,6,3.4,NEWYEAR,7,card,False
ORD-20250318,СПб,B,Спорт,mobile,False,False,2023-03-21 12:00:00,6,111.88,21.2,528.97,387.8,141.17,26.7,6.2,25.0,10,25,462.0,28,11,4.1,NONE,9,cash,False
ORD-20250319,Новосибирск,B,Мебель,mobile,False,False,2023-03-21 18:00:00,2,197.19,0.6,392.01,274.58,117.43,30.0,7.7,30.7,12,18,162.0,6138,1,3.7,NONE,5,credit,False
ORD-20250320,Самара,A,Мебель,online,True,False,2023-03-22 00:00:00,7,235.25,9.6,1488.66,794.24,694.42,46.6,7.2,47.4,17,59,1196.0,4108,2,4.2,NEWYEAR,7,cash,False
ORD-20250321,Москва,C,Электроника,online,True,False,2023-03-22 06:00:00,6,130.6,22.6,606.53,325.06,281.47,46.4,10.0,22.1,12,52,171.0,3111,7,4.4,NONE,6,card,True
ORD-20250322,Москва,A,Спорт,mobile,False,False,2023-03-22 12:00:00,7,509.43,3.2,3451.93,1893.11,1558.82,45.2,10.0,23.3,14,64,181.0,3723,3,3.5,NONE,11,card,True
ORD-20250323,Казань,A,Одежда,online,True,True,2023-03-22 18:00:00,6,75.95,18.6,370.94,192.02,178.92,48.2,7.6,41.2,12,28,312.0,2329,7,4.6,SALE20,8,wallet,True
ORD-20250324,Казань,B,Электроника,mobile,False,False,2023-03-23 00:00:00,4,376.68,8.1,1384.68,1000.42,384.26,27.8,8.0,22.2,10,46,420.0,7440,2,4.5,SALE20,4,wallet,True
ORD-20250325,СПб,C,Продукты,mobile,True,False,2023-03-23 06:00:00,2,191.03,12.7,333.55,203.61,129.94,39.0,7.8,14.5,11,60,723.0,1534,5,5.0,NONE,3,credit,False
ORD-20250326,Москва,B,Спорт,mobile,True,False,2023-03-23 12:00:00,6,95.25,22.6,442.35,234.38,207.97,47.0,8.4,24.1,10,36,389.0,1571,8,4.2,SALE20,10,credit,True
ORD-20250327,Новосибирск,B,Продукты,online,False,True,2023-03-23 18:00:00,4,338.04,15.8,1138.51,776.09,362.42,31.8,6.9,29.5,12,40,324.0,3368,1,4.4,NONE,7,cash,False
ORD-20250328,Самара,B,Электроника,online,False,False,2023-03-24 00:00:00,2,193.15,10.8,344.58,219.95,124.63,36.2,6.4,12.6,8,58,395.0,1234,5,3.6,SUMMER,4,card,True
ORD-20250329,Новосибирск,A,Спорт,mobile,True,False,2023-03-24 06:00:00,2,105.2,17.4,173.78,97.97,75.81,43.6,7.6,31.6,8,62,394.0,2069,6,2.5,NEWYEAR,4,credit,False
ORD-20250330,СПб,A,Мебель,online,False,False,2023-03-24 12:00:00,2,417.25,5.6,787.76,570.54,217.22,27.6,9.8,117.0,8,43,795.0,5272,11,4.2,NEWYEAR,4,credit,False
ORD-20250331,Казань,B,Мебель,store,False,False,2023-03-24 18:00:00,7,166.77,0.3,1163.88,717.71,446.17,38.3,7.1,95.9,15,27,682.0,7354,13,3.4,NEWYEAR,9,card,True
ORD-20250332,Самара,B,Продукты,mobile,False,False,2023-03-25 00:00:00,5,148.96,15.5,629.34,401.8,227.54,36.2,9.3,60.1,11,63,351.0,381,2,3.9,NONE,7,credit,False
ORD-20250333,СПб,C,Электроника,online,False,False,2023-03-25 06:00:00,3,183.09,21.5,431.17,198.25,232.92,54.0,9.3,10.4,9,49,389.0,5608,13,4.2,NONE,4,card,False
ORD-20250334,Самара,C,Мебель,online,False,False,2023-03-25 12:00:00,2,198.55,17.5,327.6,209.32,118.28,36.1,7.5,13.8,8,40,212.0,1622,13,4.9,NONE,2,wallet,False
ORD-20250335,Казань,B,Электроника,mobile,False,True,2023-03-25 18:00:00,7,354.4,13.0,2158.31,1238.55,919.76,42.6,9.4,40.2,13,54,576.0,7300,11,4.5,SALE20,9,card,False
ORD-20250336,Новосибирск,C,Одежда,online,False,False,2023-03-26 00:00:00,6,188.37,3.6,1089.56,734.81,354.75,32.6,8.7,40.4,15,37,438.0,5993,9,3.7,SUMMER,8,wallet,True
ORD-20250337,Новосибирск,A,Продукты,online,False,False,2023-03-26 06:00:00,5,379.99,2.1,1860.04,861.46,998.58,53.7,7.0,62.1,12,20,522.0,280,5,4.4,NONE,7,credit,False
ORD-20250338,Новосибирск,C,Продукты,online,False,False,2023-03-26 12:00:00,1,217.14,7.0,201.94,114.25,87.69,43.4,8.3,53.6,9,46,576.0,5511,2,4.2,SUMMER,5,credit,True
ORD-20250339,Казань,B,Одежда,mobile,True,False,2023-03-26 18:00:00,7,464.36,24.1,2467.14,1158.77,1308.37,53.0,8.0,43.4,17,42,833.0,340,3,4.7,NONE,7,wallet,False
ORD-20250340,Москва,B,Электроника,mobile,True,False,2023-03-27 00:00:00,4,59.61,11.5,211.03,153.93,57.1,27.1,9.5,50.2,8,66,382.0,3119,13,4.3,NONE,7,wallet,True
ORD-20250341,Самара,A,Электроника,online,False,False,2023-03-27 06:00:00,6,469.09,20.1,2248.82,1295.24,953.58,42.4,7.6,23.6,16,53,457.0,5023,13,4.4,NONE,6,credit,True
ORD-20250342,Казань,B,Электроника,mobile,False,False,2023-03-27 12:00:00,2,28.31,0.3,56.45,27.76,28.69,50.8,9.3,23.1,6,65,836.0,6873,10,5.0,NONE,3,credit,True
ORD-20250343,Самара,B,Спорт,mobile,False,False,2023-03-27 18:00:00,5,136.97,11.8,604.02,406.48,197.54,32.7,6.7,66.3,17,50,417.0,4925,12,4.4,NEWYEAR,8,cash,True
ORD-20250344,Самара,B,Электроника,mobile,False,False,2023-03-28 00:00:00,1,397.56,6.2,372.91,266.46,106.45,28.5,8.0,10.7,15,38,431.0,6665,7,3.6,NONE,3,card,True
ORD-20250345,Москва,C,Мебель,online,False,True,2023-03-28 06:00:00,4,140.3,23.8,427.65,291.92,135.73,31.7,6.0,24.3,15,23,1285.0,5745,3,3.9,NEWYEAR,5,card,False
ORD-20250346,Москва,C,Одежда,online,False,False,2023-03-28 12:00:00,2,17.31,5.0,32.89,23.19,9.7,29.5,9.5,8.9,8,63,439.0,910,10,5.0,SUMMER,4,wallet,True
ORD-20250347,Самара,B,Одежда,mobile,True,False,2023-03-28 18:00:00,4,261.53,1.2,1033.58,727.71,305.87,29.6,7.9,22.4,16,19,895.0,4530,6,5.0,SALE20,6,wallet,True
ORD-20250348,Казань,B,Электроника,online,True,False,2023-03-29 00:00:00,7,224.49,4.1,1507.0,1125.42,381.58,25.3,6.6,58.1,22,68,357.0,1001,7,4.5,NONE,7,cash,True
ORD-20250349,СПб,C,Электроника,store,False,False,2023-03-29 06:00:00,1,348.11,1.6,342.54,191.48,151.06,44.1,10.0,43.5,8,29,373.0,281,8,3.1,NONE,1,card,True
ORD-20250350,Новосибирск,B,Спорт,mobile,True,False,2023-03-29 12:00:00,4,471.69,7.9,1737.69,963.67,774.02,44.5,7.3,18.7,11,49,200.0,7131,11,3.2,NEWYEAR,5,card,True
ORD-20250351,Новосибирск,A,Мебель,online,True,False,2023-03-29 18:00:00,7,205.26,24.9,1079.03,521.69,557.34,51.7,8.6,36.3,19,30,571.0,5506,8,4.9,SUMMER,8,cash,True
ORD-20250352,СПб,B,Одежда,online,False,False,2023-03-30 00:00:00,7,411.95,23.3,2211.78,1564.32,647.46,29.3,5.5,112.5,15,42,596.0,222,11,3.5,NONE,9,cash,True
ORD-20250353,СПб,B,Продукты,online,False,False,2023-03-30 06:00:00,4,262.22,14.3,898.89,655.44,243.45,27.1,8.0,16.9,7,49,463.0,6635,9,4.4,SUMMER,4,credit,False
ORD-20250354,Москва,B,Спорт,mobile,False,False,2023-03-30 12:00:00,5,274.68,20.8,1087.74,581.62,506.12,46.5,9.6,23.5,16,56,537.0,6711,3,4.9,SUMMER,6,cash,True
ORD-20250355,Казань,B,Одежда,online,False,False,2023-03-30 18:00:00,5,65.92,10.0,296.66,188.24,108.42,36.5,7.5,26.9,10,19,634.0,5613,13,3.9,SALE20,6,wallet,True
ORD-20250356,Самара,B,Спорт,store,False,False,2023-03-31 00:00:00,4,419.9,22.3,1305.04,683.16,621.88,47.7,6.9,27.6,12,67,247.0,3515,4,4.7,SALE20,7,credit,True
ORD-20250357,СПб,C,Продукты,mobile,False,False,2023-03-31 06:00:00,2,230.19,5.3,435.98,308.93,127.05,29.1,6.8,24.0,11,32,460.0,6566,3,4.6,NEWYEAR,5,wallet,True
ORD-20250358,Москва,C,Продукты,mobile,False,False,2023-03-31 12:00:00,6,358.54,10.1,1933.94,874.27,1059.67,54.8,9.2,38.0,14,54,868.0,7943,11,3.8,SUMMER,9,card,True
ORD-20250359,Москва,C,Спорт,mobile,False,False,2023-03-31 18:00:00,4,295.22,3.0,1145.44,754.31,391.13,34.1,10.0,24.8,13,30,399.0,3546,12,5.0,SALE20,7,card,True
ORD-20250360,СПб,A,Продукты,store,False,False,2023-04-01 00:00:00,7,334.1,23.4,1791.46,1097.96,693.5,38.7,9.0,26.2,16,68,258.0,2231,4,4.5,NONE,9,cash,False
ORD-20250361,Самара,C,Электроника,store,False,False,2023-04-01 06:00:00,2,322.55,8.5,590.27,316.27,274.0,46.4,10.0,32.5,9,61,689.0,833,4,4.5,NEWYEAR,2,cash,False
ORD-20250362,СПб,B,Электроника,store,False,False,2023-04-01 12:00:00,2,165.93,6.1,311.61,226.51,85.1,27.3,6.8,52.8,17,25,474.0,2008,3,5.0,NONE,5,card,True
ORD-20250363,Самара,B,Мебель,mobile,False,False,2023-04-01 18:00:00,2,432.86,5.5,818.1,485.84,332.26,40.6,10.0,47.9,7,36,442.0,7181,8,4.8,SALE20,2,wallet,False
ORD-20250364,Новосибирск,B,Мебель,online,True,False,2023-04-02 00:00:00,5,66.77,11.8,294.45,178.84,115.61,39.3,9.6,39.9,10,39,380.0,5250,7,4.6,SALE20,7,credit,True
ORD-20250365,Новосибирск,B,Спорт,online,True,False,2023-04-02 06:00:00,4,174.9,12.6,611.44,290.42,321.02,52.5,9.4,57.1,10,55,646.0,6115,8,2.9,NONE,4,wallet,True
ORD-20250366,СПб,B,Электроника,online,True,False,2023-04-02 12:00:00,5,435.44,16.8,1811.43,1038.96,772.47,42.6,7.5,18.5,19,65,359.0,1052,4,5.0,NONE,6,credit,False
ORD-20250367,Казань,C,Продукты,store,True,False,2023-04-02 18:00:00,2,16.31,20.2,26.03,12.96,13.07,50.2,9.7,32.0,9,60,797.0,4298,10,4.9,SALE20,6,wallet,False
ORD-20250368,Самара,B,Одежда,store,False,False,2023-04-03 00:00:00,3,435.61,17.6,1076.82,663.63,413.19,38.4,7.2,33.4,12,33,462.0,2376,5,5.0,NONE,3,credit,True
ORD-20250369,Москва,A,Спорт,online,False,False,2023-04-03 06:00:00,5,41.5,12.3,181.98,113.47,68.51,37.6,9.1,37.9,9,54,670.0,1132,5,4.6,SUMMER,6,credit,True
ORD-20250370,Самара,C,Мебель,online,False,False,2023-04-03 12:00:00,4,249.64,13.4,864.77,452.48,412.29,47.7,8.3,21.5,15,64,640.0,5527,6,4.9,NONE,4,wallet,False
ORD-20250371,Москва,C,Одежда,mobile,True,False,2023-04-03 18:00:00,3,242.01,24.4,548.88,402.35,146.53,26.7,5.9,35.5,13,23,279.0,1360,2,4.1,SUMMER,7,card,True
ORD-20250372,Казань,B,Мебель,mobile,True,False,2023-04-04 00:00:00,3,38.19,11.2,101.74,55.03,46.71,45.9,8.2,48.9,14,29,541.0,7197,5,5.0,NONE,7,credit,False
ORD-20250373,СПб,B,Мебель,mobile,False,False,2023-04-04 06:00:00,3,420.73,8.0,1161.2,750.45,410.75,35.4,10.0,20.9,12,56,402.0,1545,11,4.0,NONE,5,cash,True
ORD-20250374,СПб,C,Одежда,store,False,False,2023-04-04 12:00:00,2,39.08,16.1,65.57,48.77,16.8,25.6,6.1,34.1,9,37,581.0,4975,4,4.1,NONE,2,credit,False
ORD-20250375,СПб,A,Продукты,mobile,False,False,2023-04-04 18:00:00,5,598.04,16.8,2487.85,1719.33,768.52,30.9,8.9,24.6,16,62,436.0,1231,3,4.6,NONE,9,card,False
ORD-20250376,Казань,B,Одежда,mobile,False,False,2023-04-05 00:00:00,2,491.73,23.4,753.34,507.65,245.69,32.6,8.5,23.0,8,63,211.0,2004,10,4.0,SALE20,2,wallet,False
ORD-20250377,Казань,C,Одежда,mobile,False,False,2023-04-05 06:00:00,5,254.5,8.8,1160.54,542.86,617.68,53.2,9.0,24.6,15,37,613.0,6563,4,2.8,SUMMER,6,cash,True
ORD-20250378,СПб,C,Электроника,mobile,True,False,2023-04-05 12:00:00,1,349.37,12.7,305.0,185.21,119.79,39.3,7.7,67.4,6,69,183.0,6985,10,5.0,NEWYEAR,3,wallet,True
ORD-20250379,СПб,B,Мебель,mobile,False,False,2023-04-05 18:00:00,3,316.41,15.6,801.14,541.7,259.44,32.4,6.3,65.1,16,64,473.0,3567,2,4.6,NONE,7,card,True
ORD-20250380,Казань,C,Продукты,mobile,False,False,2023-04-06 00:00:00,4,368.03,17.7,1211.57,785.27,426.3,35.2,9.4,14.0,15,32,954.0,1675,3,5.0,NONE,4,credit,True
ORD-20250381,Новосибирск,B,Мебель,store,False,False,2023-04-06 06:00:00,7,400.45,1.0,2775.14,1721.48,1053.66,38.0,7.4,53.5,19,53,783.0,2328,7,3.6,NONE,11,cash,False
ORD-20250382,Самара,B,Спорт,store,False,True,2023-04-06 12:00:00,5,342.85,22.5,1328.53,964.93,363.6,27.4,3.9,30.3,14,40,525.0,4600,12,4.5,NONE,6,cash,False
ORD-20250383,Москва,B,Одежда,mobile,False,False,2023-04-06 18:00:00,3,494.57,4.4,1418.41,876.39,542.02,38.2,9.1,37.8,12,54,364.0,2685,8,4.5,NONE,3,cash,False
ORD-20250384,Москва,A,Электроника,online,False,False,2023-04-07 00:00:00,3,345.93,5.6,979.66,687.02,292.64,29.9,6.6,29.9,7,44,436.0,6495,2,4.3,NEWYEAR,7,cash,False
ORD-20250385,Самара,A,Одежда,store,False,False,2023-04-07 06:00:00,6,345.79,17.4,1713.76,1226.62,487.14,28.4,7.4,81.3,15,46,681.0,2146,7,5.0,SALE20,10,wallet,False
ORD-20250386,Казань,B,Одежда,mobile,False,False,2023-04-07 12:00:00,7,427.3,5.0,2841.57,1948.94,892.63,31.4,6.7,68.4,21,47,326.0,2678,1,4.1,NONE,7,cash,False
ORD-20250387,Казань,A,Продукты,online,True,False,2023-04-07 18:00:00,6,476.56,3.3,2765.02,1368.58,1396.44,50.5,8.7,102.8,17,37,528.0,4242,2,5.0,NONE,7,credit,False
ORD-20250388,СПб,B,Спорт,mobile,False,False,2023-04-08 00:00:00,7,80.66,23.7,430.83,294.05,136.78,31.7,7.5,42.2,9,46,318.0,2370,3,4.2,NEWYEAR,8,cash,True
ORD-20250389,Казань,C,Спорт,online,False,False,2023-04-08 06:00:00,2,120.68,16.1,202.5,138.95,63.55,31.4,8.1,36.6,8,34,399.0,3573,11,3.4,NONE,2,wallet,True
ORD-20250390,Казань,B,Мебель,mobile,False,False,2023-04-08 12:00:00,4,296.51,23.7,904.94,590.12,314.82,34.8,9.2,18.9,12,60,370.0,2121,12,3.4,NONE,8,credit,False
ORD-20250391,Самара,C,Мебель,online,False,False,2023-04-08 18:00:00,4,13.38,1.6,52.67,29.57,23.1,43.9,9.1,23.6,15,59,528.0,7192,1,3.7,NONE,5,credit,True
ORD-20250392,Новосибирск,C,Одежда,online,False,False,2023-04-09 00:00:00,3,195.07,0.9,579.94,311.25,268.69,46.3,9.4,115.8,10,34,557.0,3797,5,4.0,SUMMER,7,credit,True
ORD-20250393,Новосибирск,C,Одежда,mobile,False,False,2023-04-09 06:00:00,1,93.47,7.0,86.93,56.09,30.84,35.5,8.1,39.7,13,61,1058.0,1389,13,4.2,NEWYEAR,1,cash,False
ORD-20250394,Новосибирск,B,Спорт,online,False,False,2023-04-09 12:00:00,2,126.03,1.0,249.54,166.92,82.62,33.1,9.7,11.1,9,45,421.0,1356,7,4.4,NONE,3,credit,True
ORD-20250395,Самара,A,Одежда,mobile,False,False,2023-04-09 18:00:00,3,628.2,11.0,1677.3,1217.7,459.6,27.4,6.5,52.0,13,35,509.0,6852,5,4.3,SALE20,5,cash,True
ORD-20250396,Самара,B,Одежда,online,False,False,2023-04-10 00:00:00,3,148.27,24.0,338.06,186.75,151.31,44.8,7.5,31.6,14,35,715.0,3355,7,4.4,NEWYEAR,3,credit,True
ORD-20250397,СПб,C,Спорт,online,False,False,2023-04-10 06:00:00,2,337.6,8.9,615.11,330.14,284.97,46.3,8.9,34.8,16,50,443.0,2503,8,5.0,SALE20,4,card,False
ORD-20250398,Новосибирск,C,Спорт,online,True,False,2023-04-10 12:00:00,3,203.64,18.3,499.13,335.63,163.5,32.8,6.6,32.2,10,58,465.0,2746,3,3.6,NONE,5,wallet,False
ORD-20250399,СПб,B,Мебель,online,False,False,2023-04-10 18:00:00,6,464.65,16.2,2336.28,1737.11,599.17,25.6,9.1,33.7,11,55,570.0,7815,9,4.9,SUMMER,7,cash,False
ORD-20250400,Москва,C,Мебель,mobile,True,False,2023-04-11 00:00:00,3,275.49,0.8,819.86,440.38,379.48,46.3,9.7,17.3,8,50,341.0,2954,5,4.6,NEWYEAR,4,wallet,False
ORD-20250401,Новосибирск,B,Мебель,mobile,False,False,2023-04-11 06:00:00,2,212.87,5.8,401.05,213.48,187.57,46.8,7.6,30.0,12,29,484.0,5524,7,3.5,SALE20,3,credit,False
ORD-20250402,Казань,B,Продукты,store,False,True,2023-04-11 12:00:00,4,27.24,15.8,91.75,65.89,25.86,28.2,8.1,18.2,13,35,323.0,2149,9,4.2,NONE,5,card,False
ORD-20250403,Казань,A,Мебель,online,True,False,2023-04-11 18:00:00,1,625.67,2.3,611.28,323.62,287.66,47.1,10.0,7.5,8,50,394.0,7416,11,3.1,NONE,1,wallet,True
ORD-20250404,Самара,B,Электроника,online,True,False,2023-04-12 00:00:00,2,356.6,11.4,631.89,363.09,268.8,42.5,7.7,71.4,11,30,1055.0,5552,9,3.9,NONE,4,credit,False
ORD-20250405,Самара,B,Электроника,online,False,False,2023-04-12 06:00:00,1,76.03,16.9,63.18,47.23,15.95,25.2,9.1,16.3,10,35,422.0,7212,11,4.2,SALE20,4,card,False
ORD-20250406,Москва,B,Спорт,online,False,False,2023-04-12 12:00:00,1,468.22,8.5,428.43,295.72,132.71,31.0,8.4,78.9,8,38,488.0,2036,1,5.0,SALE20,5,credit,True
ORD-20250407,СПб,B,Электроника,online,True,False,2023-04-12 18:00:00,6,249.42,7.8,1379.81,724.33,655.48,47.5,9.2,21.3,14,32,155.0,3902,8,4.4,SALE20,7,wallet,False
ORD-20250408,Самара,B,Мебель,mobile,False,False,2023-04-13 00:00:00,1,24.48,18.1,20.05,14.75,5.3,26.4,8.9,45.0,9,60,533.0,2608,4,3.9,NONE,3,card,True
ORD-20250409,Самара,B,Одежда,online,False,False,2023-04-13 06:00:00,2,154.98,10.5,277.41,195.04,82.37,29.7,8.2,23.5,5,34,985.0,3429,1,5.0,SALE20,4,card,False
ORD-20250410,Самара,C,Мебель,online,False,False,2023-04-13 12:00:00,2,323.48,13.3,560.91,416.32,144.59,25.8,8.1,14.5,14,38,318.0,2037,10,4.9,SALE20,5,cash,True
ORD-20250411,Казань,C,Продукты,mobile,False,False,2023-04-13 18:00:00,5,161.52,5.0,767.24,438.05,329.19,42.9,9.0,22.0,15,34,690.0,1395,9,3.8,SUMMER,7,card,False
ORD-20250412,СПб,B,Одежда,online,False,False,2023-04-14 00:00:00,3,405.81,19.7,977.61,635.6,342.01,35.0,5.7,35.9,10,68,349.0,3052,12,4.3,NONE,5,cash,False
ORD-20250413,Казань,B,Мебель,online,True,False,2023-04-14 06:00:00,2,207.36,15.0,352.51,199.01,153.5,43.5,8.9,17.1,6,43,231.0,2771,11,5.0,NONE,5,card,False
ORD-20250414,Москва,B,Спорт,online,False,True,2023-04-14 12:00:00,6,75.64,24.3,343.54,200.16,143.38,41.7,8.2,27.6,16,19,375.0,4287,6,3.2,SUMMER,6,credit,True
ORD-20250415,Новосибирск,B,Мебель,store,False,False,2023-04-14 18:00:00,2,105.36,18.9,170.9,111.32,59.58,34.9,7.3,26.2,13,36,340.0,2421,11,4.2,NONE,5,wallet,True
ORD-20250416,Москва,C,Одежда,online,False,False,2023-04-15 00:00:00,7,331.34,15.0,1971.49,1132.43,839.06,42.6,5.3,22.4,9,58,468.0,1232,5,4.1,NONE,7,card,True
ORD-20250417,Казань,B,Спорт,online,False,False,2023-04-15 06:00:00,6,98.81,15.4,501.54,288.74,212.8,42.4,9.1,48.6,9,55,396.0,2791,8,4.8,SUMMER,10,cash,False
ORD-20250418,Самара,A,Спорт,online,True,False,2023-04-15 12:00:00,7,655.72,8.3,4209.04,2578.21,1630.83,38.7,7.5,37.8,15,27,300.0,5638,2,4.8,SALE20,10,wallet,True
ORD-20250419,СПб,B,Одежда,mobile,True,False,2023-04-15 18:00:00,5,151.39,11.1,672.91,324.46,348.45,51.8,7.7,41.5,12,64,553.0,1425,5,4.9,SALE20,8,credit,True
ORD-20250420,Новосибирск,C,Мебель,online,False,False,2023-04-16 00:00:00,2,364.58,16.8,606.66,452.42,154.24,25.4,6.0,7.2,13,43,715.0,3018,8,4.7,NONE,6,credit,True
ORD-20250421,Казань,A,Мебель,online,True,False,2023-04-16 06:00:00,5,80.43,12.9,350.26,244.51,105.75,30.2,5.5,33.5,14,58,580.0,1688,5,3.7,NEWYEAR,6,card,False
ORD-20250422,Москва,C,Мебель,mobile,False,False,2023-04-16 12:00:00,6,209.03,23.9,954.45,567.64,386.81,40.5,8.4,18.3,15,35,480.0,5284,5,3.3,SUMMER,6,wallet,False
ORD-20250423,Москва,B,Спорт,mobile,False,False,2023-04-16 18:00:00,7,27.44,13.8,165.55,112.04,53.51,32.3,10.0,78.3,16,46,433.0,6473,5,3.9,NONE,11,credit,False
ORD-20250424,СПб,B,Одежда,mobile,False,False,2023-04-17 00:00:00,1,135.73,0.3,135.32,101.39,33.93,25.1,7.5,7.1,9,51,565.0,7192,8,4.9,SUMMER,5,credit,True
ORD-20250425,СПб,B,Одежда,online,False,False,2023-04-17 06:00:00,7,429.12,3.2,2907.75,1759.0,1148.75,39.5,9.8,50.4,9,53,359.0,6350,10,4.6,NONE,9,card,False
ORD-20250426,Москва,A,Спорт,store,True,False,2023-04-17 12:00:00,6,142.29,1.2,843.47,562.68,280.79,33.3,8.5,27.0,11,52,626.0,405,2,5.0,NEWYEAR,8,card,False
ORD-20250427,Самара,A,Электроника,online,False,False,2023-04-17 18:00:00,6,625.59,22.6,2905.22,1381.43,1523.79,52.5,8.8,27.6,11,64,268.0,6891,10,4.6,SUMMER,6,credit,False
ORD-20250428,Казань,B,Электроника,online,False,False,2023-04-18 00:00:00,2,299.01,7.9,550.77,405.85,144.92,26.3,7.8,6.7,6,57,222.0,7270,11,4.1,SUMMER,3,card,True
ORD-20250429,Москва,A,Спорт,online,False,False,2023-04-18 06:00:00,1,512.43,20.9,405.34,202.57,202.77,50.0,9.4,8.2,6,48,571.0,1438,8,3.3,NONE,3,card,True
ORD-20250430,Новосибирск,B,Спорт,mobile,True,False,2023-04-18 12:00:00,5,186.11,11.1,827.27,571.06,256.21,31.0,6.5,152.0,11,35,291.0,3458,2,3.6,SALE20,5,card,False
ORD-20250431,Казань,A,Электроника,online,True,False,2023-04-18 18:00:00,2,689.64,23.0,1062.05,633.31,428.74,40.4,8.0,8.0,7,20,330.0,7619,10,5.0,NONE,2,card,True
ORD-20250432,Казань,A,Спорт,mobile,False,False,2023-04-19 00:00:00,2,581.03,12.1,1021.45,657.12,364.33,35.7,9.5,7.9,7,31,295.0,5167,4,4.8,NONE,3,cash,True
ORD-20250433,Казань,B,Мебель,online,False,False,2023-04-19 06:00:00,7,456.75,21.5,2509.86,1578.21,931.65,37.1,8.6,33.6,15,33,567.0,2000,7,4.2,NONE,8,cash,True
ORD-20250434,Новосибирск,B,Спорт,online,True,False,2023-04-19 12:00:00,7,81.46,16.8,474.41,272.62,201.79,42.5,8.7,70.3,22,62,325.0,4012,3,3.8,NONE,8,card,False
ORD-20250435,СПб,B,Одежда,store,True,False,2023-04-19 18:00:00,5,140.74,6.7,656.53,482.98,173.55,26.4,8.1,36.1,18,35,779.0,1553,7,3.6,SALE20,5,cash,True
ORD-20250436,Москва,B,Одежда,online,False,False,2023-04-20 00:00:00,5,422.09,14.4,1806.53,981.04,825.49,45.7,8.1,35.9,15,18,608.0,3747,13,4.1,NEWYEAR,6,cash,True
ORD-20250437,СПб,C,Одежда,online,False,False,2023-04-20 06:00:00,4,253.55,6.7,946.24,491.42,454.82,48.1,8.6,38.1,6,69,497.0,1058,12,4.6,NONE,4,wallet,False
ORD-20250438,Самара,A,Мебель,store,False,False,2023-04-20 12:00:00,6,278.01,5.0,1584.63,1138.18,446.45,28.2,6.3,18.9,15,41,848.0,6028,5,4.4,NONE,9,card,True
ORD-20250439,Самара,C,Спорт,mobile,True,False,2023-04-20 18:00:00,4,178.16,8.0,655.61,352.89,302.72,46.2,9.5,64.1,21,56,308.0,1091,7,4.0,NONE,5,credit,True
ORD-20250440,СПб,B,Спорт,store,False,True,2023-04-21 00:00:00,5,224.88,7.4,1041.21,502.22,538.99,51.8,10.0,48.0,18,21,471.0,78,4,4.2,NONE,5,card,True
ORD-20250441,Новосибирск,C,Одежда,online,False,False,2023-04-21 06:00:00,6,212.51,12.4,1116.95,555.11,561.84,50.3,9.2,35.6,13,40,179.0,2176,4,5.0,NONE,9,cash,False
ORD-20250442,Самара,B,Электроника,online,True,False,2023-04-21 12:00:00,6,249.63,15.9,1259.61,701.78,557.83,44.3,8.4,68.3,17,63,362.0,2954,2,4.5,SALE20,7,credit,True
ORD-20250443,СПб,C,Продукты,online,False,True,2023-04-21 18:00:00,5,174.61,24.2,661.77,472.19,189.58,28.6,7.9,65.3,12,36,264.0,7845,6,4.2,SUMMER,7,cash,False
ORD-20250444,Новосибирск,C,Продукты,online,True,False,2023-04-22 00:00:00,6,127.92,11.7,677.74,439.95,237.79,35.1,5.6,39.7,15,42,643.0,5166,4,4.5,NONE,9,credit,False
ORD-20250445,СПб,A,Электроника,mobile,False,False,2023-04-22 06:00:00,2,321.92,19.0,521.51,254.5,267.01,51.2,8.0,29.2,9,68,740.0,5763,4,4.6,SALE20,4,cash,True
ORD-20250446,Москва,B,Спорт,online,True,True,2023-04-22 12:00:00,1,96.96,12.3,85.04,51.92,33.12,38.9,8.2,96.9,7,23,401.0,5767,3,4.2,NEWYEAR,1,card,True
ORD-20250447,Новосибирск,B,Электроника,online,True,False,2023-04-22 18:00:00,1,103.52,10.8,92.34,58.81,33.53,36.3,6.2,33.4,16,57,1115.0,4270,3,3.8,NONE,3,credit,True
ORD-20250448,Казань,A,Продукты,online,False,False,2023-04-23 00:00:00,6,486.17,10.3,2616.54,1811.73,804.81,30.8,8.2,34.6,11,39,319.0,305,2,3.2,NONE,8,credit,True
ORD-20250449,Новосибирск,B,Одежда,online,False,True,2023-04-23 06:00:00,3,482.64,21.9,1130.82,700.08,430.74,38.1,5.6,37.3,11,28,278.0,2779,8,4.5,NONE,3,card,True
ORD-20250450,Новосибирск,B,Мебель,online,False,False,2023-04-23 12:00:00,6,114.07,3.7,659.1,364.51,294.59,44.7,9.9,25.7,16,30,360.0,5907,1,4.6,NEWYEAR,9,wallet,True
ORD-20250451,Новосибирск,B,Мебель,online,False,False,2023-04-23 18:00:00,7,457.34,7.3,2967.69,2222.09,745.6,25.1,8.2,43.3,17,42,521.0,4723,1,5.0,NONE,10,cash,False
ORD-20250452,Самара,B,Спорт,online,False,False,2023-04-24 00:00:00,5,316.53,18.0,1297.77,685.07,612.7,47.2,8.2,21.5,11,46,653.0,2670,13,5.0,SALE20,8,wallet,True
ORD-20250453,Москва,B,Электроника,online,False,True,2023-04-24 06:00:00,3,476.88,7.4,1324.78,979.5,345.28,26.1,8.8,22.9,12,29,614.0,3759,5,4.7,NONE,5,card,True
ORD-20250454,Казань,A,Одежда,mobile,False,False,2023-04-24 12:00:00,1,285.14,0.1,284.86,146.07,138.79,48.7,9.6,44.4,8,24,390.0,551,1,4.1,SALE20,4,cash,False
ORD-20250455,Новосибирск,B,Одежда,mobile,False,False,2023-04-24 18:00:00,7,348.25,5.4,2306.13,1396.14,909.99,39.5,9.3,58.4,17,69,701.0,7154,9,4.5,SALE20,7,cash,False
ORD-20250456,Самара,B,Спорт,mobile,False,False,2023-04-25 00:00:00,3,276.49,0.7,823.66,397.95,425.71,51.7,9.9,11.3,11,56,363.0,2120,7,3.7,NEWYEAR,3,credit,True
ORD-20250457,Новосибирск,A,Одежда,online,False,False,2023-04-25 06:00:00,5,684.56,7.3,3172.94,2277.85,895.09,28.2,7.0,73.8,10,47,1431.0,2158,3,4.7,NONE,7,cash,True
ORD-20250458,Самара,C,Продукты,online,False,False,2023-04-25 12:00:00,6,29.73,8.2,163.76,97.73,66.03,40.3,10.0,98.0,19,59,687.0,2074,4,4.4,SUMMER,9,cash,False
ORD-20250459,СПб,C,Мебель,store,False,False,2023-04-25 18:00:00,7,29.09,23.8,155.17,110.98,44.19,28.5,8.7,27.9,16,22,200.0,1516,13,4.1,SALE20,7,credit,False
ORD-20250460,Самара,C,Спорт,online,False,False,2023-04-26 00:00:00,4,325.07,20.2,1037.63,723.73,313.9,30.3,8.0,16.0,15,63,368.0,3350,6,3.6,SALE20,7,card,True
ORD-20250461,Самара,B,Одежда,mobile,False,False,2023-04-26 06:00:00,7,36.21,3.1,245.63,124.54,121.09,49.3,9.5,34.1,15,34,330.0,2203,9,5.0,NEWYEAR,10,cash,False
ORD-20250462,Казань,A,Мебель,online,False,False,2023-04-26 12:00:00,6,636.46,3.1,3700.35,1730.11,1970.24,53.2,10.0,28.0,15,29,1043.0,4650,10,5.0,NONE,10,cash,False
ORD-20250463,Москва,A,Спорт,mobile,False,False,2023-04-26 18:00:00,3,78.5,24.9,176.85,128.22,48.63,27.5,8.6,46.6,13,45,308.0,5988,9,3.5,NONE,4,credit,True
ORD-20250464,Москва,B,Одежда,mobile,True,False,2023-04-27 00:00:00,3,65.09,16.8,162.47,100.51,61.96,38.1,10.0,13.8,12,65,182.0,1038,2,4.1,NONE,6,cash,False
ORD-20250465,Казань,C,Спорт,online,False,True,2023-04-27 06:00:00,4,129.06,15.6,435.69,307.5,128.19,29.4,7.0,23.3,11,44,672.0,4437,7,5.0,NONE,4,wallet,True
ORD-20250466,СПб,B,Одежда,online,True,False,2023-04-27 12:00:00,6,366.12,14.7,1873.8,1231.0,642.8,34.3,9.2,44.0,12,30,142.0,860,9,3.5,NONE,9,cash,False
ORD-20250467,Самара,C,Одежда,store,True,False,2023-04-27 18:00:00,5,219.54,3.7,1057.07,719.74,337.33,31.9,8.3,64.9,16,29,389.0,5783,10,4.6,SUMMER,5,cash,False
ORD-20250468,СПб,C,Мебель,mobile,False,False,2023-04-28 00:00:00,6,341.54,6.6,1914.0,1138.82,775.18,40.5,6.8,26.0,10,37,619.0,3821,13,3.3,NONE,8,credit,True
ORD-20250469,Москва,B,Одежда,mobile,False,False,2023-04-28 06:00:00,1,318.52,10.8,284.12,190.36,93.76,33.0,9.1,12.3,6,53,384.0,3937,10,4.2,NONE,3,card,False
ORD-20250470,Москва,B,Продукты,store,False,True,2023-04-28 12:00:00,3,301.89,11.2,804.24,583.56,220.68,27.4,9.6,69.9,9,52,794.0,2641,5,5.0,NEWYEAR,7,card,False
ORD-20250471,Новосибирск,B,Мебель,online,False,False,2023-04-28 18:00:00,2,289.48,24.3,438.28,290.49,147.79,33.7,8.6,49.4,7,30,526.0,3253,11,4.2,NONE,5,card,False
ORD-20250472,Москва,C,Одежда,mobile,False,False,2023-04-29 00:00:00,1,156.73,1.1,155.0,113.08,41.92,27.0,8.1,18.3,9,47,312.0,2970,4,3.0,NONE,3,card,False
ORD-20250473,Новосибирск,B,Одежда,store,True,False,2023-04-29 06:00:00,6,323.2,0.4,1931.44,1009.04,922.4,47.8,9.8,32.2,11,69,490.0,2035,4,4.7,SUMMER,7,wallet,True
ORD-20250474,Казань,A,Мебель,store,False,False,2023-04-29 12:00:00,7,681.51,22.9,3678.12,2541.14,1136.98,30.9,8.2,44.0,10,62,903.0,6803,10,5.0,NEWYEAR,11,card,False
ORD-20250475,Новосибирск,C,Спорт,online,True,False,2023-04-29 18:00:00,7,364.76,21.9,1994.16,1214.29,779.87,39.1,8.5,48.2,17,60,496.0,6449,6,4.6,SALE20,8,credit,False
ORD-20250476,Новосибирск,C,Электроника,mobile,False,False,2023-04-30 00:00:00,7,48.25,7.2,313.42,146.75,166.67,53.2,10.0,24.1,13,46,555.0,2330,6,4.9,NONE,11,wallet,True
ORD-20250477,Москва,C,Спорт,online,False,False,2023-04-30 06:00:00,3,174.92,8.0,482.79,310.73,172.06,35.6,9.5,10.8,12,41,541.0,2832,7,5.0,NONE,5,cash,False
ORD-20250478,Казань,B,Электроника,mobile,False,False,2023-04-30 12:00:00,2,300.24,14.8,511.62,326.51,185.11,36.2,7.4,71.2,10,62,337.0,5711,4,4.0,NONE,2,cash,True
ORD-20250479,Самара,C,Мебель,mobile,True,True,2023-04-30 18:00:00,3,270.6,5.1,770.41,575.71,194.7,25.3,8.0,86.1,17,37,231.0,329,5,4.2,NONE,7,cash,True
ORD-20250480,Самара,B,Продукты,online,False,False,2023-05-01 00:00:00,4,157.25,21.9,491.26,316.83,174.43,35.5,7.1,27.4,15,42,525.0,1825,6,5.0,SALE20,4,cash,True
ORD-20250481,Новосибирск,A,Электроника,online,True,False,2023-05-01 06:00:00,7,688.29,6.7,4495.24,2199.15,2296.09,51.1,9.4,47.3,19,27,804.0,2386,4,3.5,NONE,11,credit,False
ORD-20250482,Москва,B,Мебель,online,False,False,2023-05-01 12:00:00,3,213.48,1.5,630.82,471.45,159.37,25.3,5.9,36.1,13,44,571.0,975,8,4.0,SALE20,6,cash,False
ORD-20250483,Москва,A,Электроника,online,False,True,2023-05-01 18:00:00,2,209.76,13.3,363.72,198.03,165.69,45.6,10.0,32.3,13,22,263.0,1252,1,3.4,SALE20,6,cash,True
ORD-20250484,Новосибирск,A,Одежда,online,True,False,2023-05-02 00:00:00,7,549.13,18.3,3140.47,2070.13,1070.34,34.1,6.9,36.9,11,41,533.0,4414,12,3.9,NONE,11,cash,False
ORD-20250485,Самара,B,Продукты,online,False,False,2023-05-02 06:00:00,7,298.14,23.9,1588.22,999.75,588.47,37.1,7.0,27.8,19,57,656.0,4467,5,5.0,NONE,10,card,False
ORD-20250486,Новосибирск,C,Мебель,mobile,False,False,2023-05-02 12:00:00,6,339.92,15.6,1721.35,958.16,763.19,44.3,8.5,66.6,13,27,725.0,5951,13,4.1,NONE,6,wallet,False
ORD-20250487,СПб,C,Одежда,mobile,False,False,2023-05-02 18:00:00,1,46.59,2.5,45.43,25.99,19.44,42.8,7.4,6.4,3,64,577.0,3997,6,3.4,SUMMER,3,card,False
ORD-20250488,Москва,B,Электроника,mobile,False,True,2023-05-03 00:00:00,4,36.79,16.6,122.72,79.27,43.45,35.4,7.5,30.5,13,51,499.0,2649,9,4.4,SUMMER,8,wallet,False
ORD-20250489,Самара,B,Мебель,mobile,False,False,2023-05-03 06:00:00,2,472.14,2.3,922.56,656.41,266.15,28.8,8.5,41.8,5,43,349.0,3836,11,4.0,SALE20,4,credit,False
ORD-20250490,Самара,A,Электроника,online,True,False,2023-05-03 12:00:00,2,319.95,4.9,608.54,446.66,161.88,26.6,10.0,10.8,10,37,418.0,7607,11,4.5,SALE20,4,wallet,False
ORD-20250491,Самара,B,Продукты,store,False,False,2023-05-03 18:00:00,1,115.92,7.4,107.34,80.22,27.12,25.3,8.1,17.5,10,64,672.0,2010,9,3.4,SALE20,3,cash,False
ORD-20250492,Москва,C,Мебель,online,False,False,2023-05-04 00:00:00,3,280.59,1.4,829.97,402.55,427.42,51.5,9.0,25.0,11,62,321.0,7008,5,4.2,NONE,4,wallet,False
ORD-20250493,Новосибирск,C,Мебель,online,False,False,2023-05-04 06:00:00,1,374.06,9.1,340.02,172.18,167.84,49.4,7.7,68.9,4,67,317.0,816,5,4.4,NONE,5,credit,True
ORD-20250494,СПб,C,Электроника,online,False,False,2023-05-04 12:00:00,1,374.54,19.2,302.63,154.85,147.78,48.8,10.0,11.1,11,52,600.0,5721,9,4.0,SALE20,1,cash,True
ORD-20250495,Казань,B,Мебель,mobile,False,False,2023-05-04 18:00:00,2,481.96,1.3,951.38,705.92,245.46,25.8,8.3,6.4,8,48,524.0,963,10,4.0,SUMMER,5,wallet,True
ORD-20250496,Москва,C,Электроника,online,False,False,2023-05-05 00:00:00,4,65.05,12.4,227.93,109.23,118.7,52.1,9.1,33.7,17,35,809.0,7058,8,4.1,NONE,4,cash,True
ORD-20250497,Самара,B,Электроника,online,False,False,2023-05-05 06:00:00,5,426.66,5.7,2011.7,1325.94,685.76,34.1,6.8,51.3,12,31,648.0,2843,3,5.0,NONE,7,card,True
ORD-20250498,Новосибирск,C,Одежда,store,False,True,2023-05-05 12:00:00,7,53.15,14.2,319.2,235.35,83.85,26.3,8.2,79.9,8,62,361.0,2332,7,4.3,NONE,11,card,False
ORD-20250499,Москва,A,Мебель,mobile,False,False,2023-05-05 18:00:00,2,258.78,12.3,453.9,282.59,171.31,37.7,7.6,18.4,9,60,837.0,5019,4,4.4,NONE,5,card,True
ORD-20250500,Москва,A,Одежда,mobile,False,False,2023-05-06 00:00:00,6,136.33,4.2,783.64,354.48,429.16,54.8,10.0,37.0,8,36,509.0,3886,8,4.8,SALE20,10,cash,True
ORD-20250501,Самара,C,Спорт,online,True,False,2023-05-06 06:00:00,7,138.34,21.3,762.1,357.96,404.14,53.0,9.1,23.8,15,29,598.0,136,5,3.5,SUMMER,11,card,True
ORD-20250502,Казань,B,Электроника,online,False,False,2023-05-06 12:00:00,6,131.5,12.5,690.37,457.68,232.69,33.7,8.2,37.6,16,45,392.0,5865,9,4.5,NONE,8,credit,True
ORD-20250503,Новосибирск,C,Продукты,online,True,False,2023-05-06 18:00:00,3,337.08,24.6,762.47,434.23,328.24,43.0,6.3,11.8,11,66,554.0,59,1,3.5,NONE,3,card,True
ORD-20250504,СПб,A,Продукты,online,False,False,2023-05-07 00:00:00,3,691.59,24.6,1564.38,941.3,623.08,39.8,7.6,9.1,16,62,366.0,6451,8,5.0,NONE,6,cash,False
ORD-20250505,Самара,C,Продукты,store,False,False,2023-05-07 06:00:00,4,71.37,6.3,267.49,124.0,143.49,53.6,9.1,75.3,11,27,193.0,1046,12,4.1,SALE20,8,wallet,False
ORD-20250506,Новосибирск,C,Одежда,online,False,False,2023-05-07 12:00:00,6,55.15,22.1,257.78,185.47,72.31,28.1,7.4,37.1,14,54,934.0,7208,2,4.7,SUMMER,9,card,False
ORD-20250507,Новосибирск,A,Электроника,online,False,False,2023-05-07 18:00:00,5,126.76,18.0,519.72,375.04,144.68,27.8,5.1,30.6,15,36,320.0,4056,6,4.7,SALE20,6,credit,True
ORD-20250508,Москва,B,Мебель,online,False,False,2023-05-08 00:00:00,4,287.19,10.8,1024.68,646.2,378.48,36.9,7.2,31.1,10,47,361.0,696,12,4.4,NEWYEAR,4,wallet,False
ORD-20250509,Самара,C,Мебель,mobile,False,False,2023-05-08 06:00:00,1,331.66,20.4,264.01,156.53,107.48,40.7,7.4,59.6,8,24,352.0,2663,4,5.0,SALE20,2,wallet,True
ORD-20250510,СПб,A,Мебель,online,False,False,2023-05-08 12:00:00,5,525.41,10.5,2351.23,1335.72,1015.51,43.2,9.2,44.2,13,19,936.0,1991,8,3.7,SUMMER,8,credit,True
ORD-20250511,Казань,B,Спорт,online,True,False,2023-05-08 18:00:00,5,216.81,12.3,950.7,484.25,466.45,49.1,6.5,107.7,14,32,550.0,3546,10,5.0,SALE20,6,credit,True
ORD-20250512,Самара,B,Спорт,online,False,False,2023-05-09 00:00:00,4,479.94,9.3,1741.21,1274.42,466.79,26.8,9.5,41.2,10,55,584.0,7542,8,4.1,SALE20,5,wallet,True
ORD-20250513,Новосибирск,A,Мебель,mobile,False,False,2023-05-09 06:00:00,1,383.44,21.1,302.53,180.55,121.98,40.3,9.5,13.5,8,44,667.0,2450,7,3.5,SUMMER,2,credit,True
ORD-20250514,Казань,A,Продукты,mobile,False,False,2023-05-09 12:00:00,4,552.4,22.7,1708.02,823.98,884.04,51.8,7.3,28.3,11,37,613.0,4127,2,5.0,SALE20,5,credit,False
ORD-20250515,СПб,B,Электроника,mobile,False,False,2023-05-09 18:00:00,6,255.0,3.8,1471.84,1012.37,459.47,31.2,10.0,42.1,14,38,495.0,5493,12,4.9,NONE,8,credit,False
ORD-20250516,Москва,A,Одежда,mobile,False,False,2023-05-10 00:00:00,7,471.04,14.7,2812.58,2085.68,726.9,25.8,7.8,71.2,21,21,489.0,6466,9,4.1,SUMMER,10,credit,True
ORD-20250517,Самара,C,Одежда,mobile,False,False,2023-05-10 06:00:00,4,145.82,2.9,566.37,302.85,263.52,46.5,9.1,41.5,10,50,825.0,2427,9,4.5,SALE20,4,credit,True
ORD-20250518,СПб,A,Одежда,online,False,False,2023-05-10 12:00:00,6,50.05,22.1,233.93,153.49,80.44,34.4,8.3,26.8,9,36,279.0,1205,1,4.0,NEWYEAR,10,credit,False
ORD-20250519,Самара,A,Спорт,mobile,False,False,2023-05-10 18:00:00,1,434.26,5.5,410.37,307.39,102.98,25.1,8.5,25.2,8,37,318.0,1645,12,3.8,NONE,1,cash,False
ORD-20250520,СПб,C,Электроника,online,True,False,2023-05-11 00:00:00,1,113.65,0.9,112.63,54.57,58.06,51.5,9.7,22.5,8,53,588.0,5277,10,5.0,SUMMER,4,card,True
ORD-20250521,Новосибирск,C,Мебель,store,False,False,2023-05-11 06:00:00,5,209.86,18.6,854.13,592.58,261.55,30.6,6.3,39.0,10,47,517.0,6107,10,4.7,NEWYEAR,6,cash,False
ORD-20250522,Самара,B,Продукты,mobile,False,False,2023-05-11 12:00:00,7,329.19,16.7,1919.52,1150.76,768.76,40.0,7.6,28.1,21,27,394.0,5144,3,4.1,SALE20,9,cash,False
ORD-20250523,Казань,B,Одежда,mobile,False,False,2023-05-11 18:00:00,1,231.34,10.3,207.51,135.05,72.46,34.9,8.7,57.7,9,50,1173.0,7720,11,4.8,NEWYEAR,1,card,True
ORD-20250524,Новосибирск,B,Мебель,online,False,False,2023-05-12 00:00:00,2,86.96,15.5,146.97,74.1,72.87,49.6,9.7,14.7,8,20,282.0,4191,4,4.0,NEWYEAR,2,wallet,True
ORD-20250525,Казань,C,Мебель,online,False,False,2023-05-12 06:00:00,7,303.4,19.3,1713.93,883.34,830.59,48.5,10.0,24.6,19,66,462.0,4492,6,4.1,SUMMER,10,credit,True
ORD-20250526,Казань,C,Спорт,mobile,False,False,2023-05-12 12:00:00,7,70.88,4.3,474.8,292.86,181.94,38.3,8.2,35.0,15,45,506.0,416,6,5.0,SALE20,7,credit,False
ORD-20250527,Москва,B,Электроника,online,False,False,2023-05-12 18:00:00,4,73.37,7.6,271.17,142.41,128.76,47.5,9.1,15.5,11,63,384.0,460,2,3.4,NEWYEAR,5,cash,True
ORD-20250528,Самара,B,Одежда,mobile,False,False,2023-05-13 00:00:00,1,165.5,12.1,145.48,91.51,53.97,37.1,7.5,18.9,6,68,346.0,7805,2,4.5,SUMMER,4,cash,False
ORD-20250529,Новосибирск,C,Спорт,online,False,False,2023-05-13 06:00:00,3,28.89,15.8,72.98,34.76,38.22,52.4,10.0,18.1,12,31,400.0,6412,7,4.5,SALE20,7,card,True
ORD-20250530,Казань,C,Спорт,mobile,False,False,2023-05-13 12:00:00,5,137.31,15.3,581.51,398.09,183.42,31.5,7.4,32.4,12,61,853.0,6272,9,4.8,NONE,9,cash,True
ORD-20250531,СПб,A,Одежда,online,False,False,2023-05-13 18:00:00,3,533.71,12.3,1404.18,747.29,656.89,46.8,8.0,19.6,8,42,387.0,3429,8,3.7,NONE,4,card,True
ORD-20250532,Самара,C,Продукты,mobile,False,False,2023-05-14 00:00:00,3,297.94,16.5,746.33,500.86,245.47,32.9,7.9,17.1,11,55,528.0,777,7,4.5,NEWYEAR,5,card,True
ORD-20250533,Казань,C,Электроника,store,False,False,2023-05-14 06:00:00,4,175.35,0.5,697.87,348.17,349.7,50.1,7.5,41.1,14,23,354.0,5541,4,4.5,NONE,6,card,True
ORD-20250534,СПб,B,Электроника,mobile,True,False,2023-05-14 12:00:00,4,99.98,8.1,367.53,253.55,113.98,31.0,8.8,12.5,14,30,600.0,643,11,4.1,SALE20,4,wallet,False
ORD-20250535,Москва,B,Электроника,online,False,False,2023-05-14 18:00:00,6,487.13,14.3,2504.85,1137.33,1367.52,54.6,8.6,45.7,13,29,694.0,4665,3,3.8,SUMMER,10,credit,False
ORD-20250536,Новосибирск,B,Электроника,mobile,False,False,2023-05-15 00:00:00,4,413.67,7.7,1527.28,765.54,761.74,49.9,10.0,27.8,15,33,418.0,2946,4,4.2,SALE20,7,credit,True
ORD-20250537,Самара,C,Электроника,online,False,False,2023-05-15 06:00:00,4,9.43,23.5,28.84,15.9,12.94,44.9,7.3,57.9,14,33,593.0,4005,5,3.2,NONE,4,credit,True
ORD-20250538,Новосибирск,B,Одежда,online,True,False,2023-05-15 12:00:00,3,307.44,24.1,700.03,478.81,221.22,31.6,7.1,24.9,12,40,428.0,1209,5,4.7,SUMMER,3,card,False
ORD-20250539,СПб,C,Мебель,mobile,False,True,2023-05-15 18:00:00,5,354.88,9.3,1609.38,739.53,869.85,54.0,10.0,38.1,19,67,456.0,2943,6,4.6,SALE20,8,cash,False
ORD-20250540,Новосибирск,C,Мебель,store,False,False,2023-05-16 00:00:00,5,348.99,5.8,1643.72,1104.73,538.99,32.8,9.3,34.1,11,18,536.0,3054,4,5.0,NONE,6,wallet,True
ORD-20250541,Казань,C,Мебель,mobile,False,False,2023-05-16 06:00:00,1,154.29,5.6,145.65,75.83,69.82,47.9,10.0,36.7,10,57,508.0,1660,9,3.3,NONE,3,credit,True
ORD-20250542,Новосибирск,A,Мебель,store,False,False,2023-05-16 12:00:00,1,433.39,11.1,385.28,288.57,96.71,25.1,7.4,28.3,8,64,492.0,5103,8,4.1,NEWYEAR,3,card,False
ORD-20250543,Самара,B,Мебель,store,False,False,2023-05-16 18:00:00,6,312.0,23.9,1424.6,763.67,660.93,46.4,6.7,161.4,13,64,248.0,3082,4,5.0,SALE20,9,wallet,True
ORD-20250544,Новосибирск,B,Одежда,online,False,False,2023-05-17 00:00:00,1,367.7,5.9,346.0,170.83,175.17,50.6,10.0,3.8,13,36,273.0,3038,12,3.7,SALE20,5,card,False
ORD-20250545,Самара,A,Одежда,online,False,False,2023-05-17 06:00:00,4,659.87,8.3,2420.39,1585.3,835.09,34.5,8.9,127.9,11,33,224.0,1289,1,3.4,NONE,8,cash,True
ORD-20250546,Самара,B,Продукты,online,False,False,2023-05-17 12:00:00,6,238.56,14.0,1230.99,656.12,574.87,46.7,8.9,41.7,18,31,255.0,1899,4,4.7,NONE,7,wallet,False
ORD-20250547,Москва,B,Мебель,online,False,False,2023-05-17 18:00:00,4,40.24,14.2,138.12,84.54,53.58,38.8,9.2,72.2,9,62,537.0,5375,5,4.5,SALE20,4,cash,True
ORD-20250548,Казань,A,Продукты,online,False,False,2023-05-18 00:00:00,1,509.28,16.6,424.74,289.52,135.22,31.8,6.2,23.5,7,57,388.0,5992,4,4.0,NONE,2,wallet,False
ORD-20250549,Новосибирск,B,Спорт,online,False,False,2023-05-18 06:00:00,2,473.6,18.2,774.82,534.61,240.21,31.0,7.1,15.5,14,58,347.0,704,3,4.8,SUMMER,5,cash,True
ORD-20250550,Новосибирск,A,Одежда,mobile,False,False,2023-05-18 12:00:00,2,611.22,19.8,980.4,506.08,474.32,48.4,7.2,24.7,8,61,919.0,2047,11,4.0,NONE,3,credit,False
ORD-20250551,Казань,C,Мебель,mobile,False,False,2023-05-18 18:00:00,1,16.5,12.3,14.47,7.42,7.05,48.7,9.0,11.0,11,25,723.0,5723,9,4.3,NONE,4,card,True
ORD-20250552,Новосибирск,B,Мебель,online,True,False,2023-05-19 00:00:00,3,442.49,1.8,1303.57,692.72,610.85,46.9,7.6,13.9,13,65,237.0,1734,10,4.7,NONE,4,card,False
ORD-20250553,СПб,A,Мебель,online,False,False,2023-05-19 06:00:00,3,115.04,16.9,286.79,163.01,123.78,43.2,9.1,98.5,8,34,316.0,6386,5,3.7,NONE,5,wallet,True
ORD-20250554,Самара,C,Электроника,mobile,False,False,2023-05-19 12:00:00,5,367.22,14.8,1564.35,1054.51,509.84,32.6,9.3,49.1,13,58,306.0,7240,7,4.4,NONE,5,credit,True
ORD-20250555,СПб,A,Электроника,mobile,False,False,2023-05-19 18:00:00,6,522.53,5.4,2965.86,1816.9,1148.96,38.7,10.0,25.2,12,54,458.0,4915,8,5.0,NONE,6,card,True
ORD-20250556,СПб,A,Мебель,mobile,False,False,2023-05-20 00:00:00,5,100.54,21.3,395.63,282.46,113.17,28.6,7.9,48.3,22,37,267.0,3476,9,4.5,SUMMER,9,wallet,False
ORD-20250557,Новосибирск,B,Спорт,online,True,False,2023-05-20 06:00:00,4,59.38,18.5,193.57,127.67,65.9,34.0,8.0,27.9,17,34,340.0,6591,5,3.3,NONE,4,credit,False
ORD-20250558,Новосибирск,A,Продукты,mobile,False,False,2023-05-20 12:00:00,6,204.63,10.5,1098.84,696.65,402.19,36.6,7.8,104.9,19,51,528.0,5580,8,4.9,NONE,8,credit,True
ORD-20250559,Новосибирск,C,Электроника,online,True,True,2023-05-20 18:00:00,2,91.82,24.2,139.21,84.39,54.82,39.4,8.3,8.6,13,31,424.0,2752,8,4.9,NONE,4,credit,False
ORD-20250560,Казань,C,Спорт,store,False,False,2023-05-21 00:00:00,4,8.98,16.9,29.85,17.13,12.72,42.6,8.2,59.4,7,49,265.0,7806,2,3.7,NONE,7,wallet,False
ORD-20250561,Новосибирск,C,Спорт,store,False,False,2023-05-21 06:00:00,5,334.7,23.2,1285.26,711.74,573.52,44.6,5.8,71.6,14,69,466.0,3998,1,4.1,NONE,8,cash,True
ORD-20250562,Самара,B,Спорт,online,False,False,2023-05-21 12:00:00,6,71.97,18.2,353.24,177.49,175.75,49.8,7.8,37.5,19,33,471.0,3425,13,5.0,NONE,8,wallet,False
ORD-20250563,Новосибирск,B,Продукты,online,False,False,2023-05-21 18:00:00,3,494.79,17.8,1220.15,647.94,572.21,46.9,9.4,9.8,9,43,487.0,4021,8,3.6,NONE,5,cash,True
ORD-20250564,СПб,B,Мебель,online,False,False,2023-05-22 00:00:00,4,139.32,5.4,527.19,379.73,147.46,28.0,6.8,24.9,6,32,255.0,7309,8,5.0,NONE,7,cash,True
ORD-20250565,Казань,A,Электроника,online,True,False,2023-05-22 06:00:00,2,408.07,10.5,730.45,510.47,219.98,30.1,6.6,22.3,9,36,662.0,5097,1,4.5,SUMMER,2,cash,True
ORD-20250566,Самара,C,Электроника,mobile,False,False,2023-05-22 12:00:00,3,264.16,15.9,666.47,300.81,365.66,54.9,8.7,24.8,11,20,366.0,7406,13,4.9,NONE,4,card,False
ORD-20250567,Казань,B,Электроника,online,True,False,2023-05-22 18:00:00,6,157.58,20.7,749.76,387.79,361.97,48.3,5.8,115.5,15,36,282.0,3761,10,4.2,NEWYEAR,6,credit,True
ORD-20250568,Новосибирск,B,Продукты,online,False,False,2023-05-23 00:00:00,6,233.42,22.8,1081.22,748.4,332.82,30.8,8.3,29.4,16,46,460.0,3189,5,4.2,NONE,7,card,False
ORD-20250569,Новосибирск,C,Спорт,online,True,False,2023-05-23 06:00:00,2,291.55,2.0,571.44,357.53,213.91,37.4,9.5,46.1,10,50,583.0,476,12,4.0,SALE20,3,cash,False
ORD-20250570,Москва,B,Электроника,mobile,True,False,2023-05-23 12:00:00,7,41.66,17.9,239.44,112.87,126.57,52.9,9.9,48.1,15,39,567.0,6338,10,3.7,NONE,7,cash,False
ORD-20250571,СПб,C,Продукты,online,True,False,2023-05-23 18:00:00,5,140.42,6.7,655.08,453.46,201.62,30.8,8.5,104.3,12,51,748.0,4119,7,4.4,NONE,5,credit,True
ORD-20250572,Казань,C,Мебель,online,False,False,2023-05-24 00:00:00,7,297.82,17.7,1715.74,1159.86,555.88,32.4,6.7,23.0,12,18,347.0,3457,1,4.3,NONE,9,cash,True
ORD-20250573,Самара,B,Продукты,online,False,False,2023-05-24 06:00:00,6,172.66,7.9,954.14,509.97,444.17,46.6,7.5,37.9,14,63,234.0,219,1,4.5,NEWYEAR,6,credit,True
ORD-20250574,Казань,C,Электроника,online,False,False,2023-05-24 12:00:00,1,29.28,14.3,25.09,16.89,8.2,32.7,8.6,42.0,8,29,392.0,4552,4,4.4,SUMMER,4,wallet,True
ORD-20250575,Самара,C,Спорт,online,True,False,2023-05-24 18:00:00,1,76.5,13.2,66.4,47.54,18.86,28.4,8.6,4.6,5,52,144.0,3491,4,4.1,NONE,4,credit,True
ORD-20250576,Казань,C,Спорт,mobile,False,False,2023-05-25 00:00:00,7,256.34,21.8,1403.19,903.88,499.31,35.6,6.3,65.3,16,24,320.0,3939,10,5.0,SALE20,9,cash,True
ORD-20250577,Москва,C,Продукты,store,True,False,2023-05-25 06:00:00,5,363.05,16.3,1519.35,1022.67,496.68,32.7,6.3,20.1,13,66,391.0,258,2,4.6,SALE20,7,wallet,True
ORD-20250578,СПб,B,Спорт,online,True,False,2023-05-25 12:00:00,7,122.11,6.1,802.6,372.97,429.63,53.5,9.3,55.7,15,39,367.0,4187,4,5.0,SUMMER,11,credit,True
ORD-20250579,СПб,A,Спорт,online,False,False,2023-05-25 18:00:00,1,369.02,15.7,311.09,192.73,118.36,38.0,8.3,76.3,12,47,548.0,3852,1,4.6,SALE20,4,wallet,True
ORD-20250580,СПб,C,Мебель,online,False,False,2023-05-26 00:00:00,2,95.89,16.0,161.09,108.91,52.18,32.4,8.9,16.2,13,39,443.0,6520,8,4.0,NONE,6,cash,True
ORD-20250581,СПб,B,Спорт,online,False,False,2023-05-26 06:00:00,6,462.42,9.1,2522.04,1484.93,1037.11,41.1,9.4,18.1,17,43,535.0,2972,9,4.3,NEWYEAR,7,cash,False
ORD-20250582,Новосибирск,C,Мебель,mobile,False,False,2023-05-26 12:00:00,6,338.29,6.6,1895.78,1083.2,812.58,42.9,8.7,57.1,14,60,500.0,1071,11,5.0,SUMMER,8,wallet,False
ORD-20250583,Москва,B,Мебель,mobile,False,False,2023-05-26 18:00:00,2,201.69,22.7,311.81,192.98,118.83,38.1,9.0,30.9,13,58,247.0,4076,9,3.8,NEWYEAR,2,card,True
ORD-20250584,СПб,B,Электроника,online,False,False,2023-05-27 00:00:00,7,28.16,3.8,189.63,123.72,65.91,34.8,8.1,56.5,15,24,569.0,5075,2,5.0,NEWYEAR,9,card,True
ORD-20250585,Казань,C,Электроника,online,False,False,2023-05-27 06:00:00,2,230.77,3.5,445.38,309.53,135.85,30.5,8.0,6.6,8,29,360.0,4243,9,4.0,NONE,2,wallet,True
ORD-20250586,Самара,B,Электроника,online,True,False,2023-05-27 12:00:00,3,317.59,14.7,812.71,564.76,247.95,30.5,8.8,14.3,9,35,487.0,1028,3,5.0,NONE,4,cash,True
ORD-20250587,Москва,A,Спорт,online,True,False,2023-05-27 18:00:00,1,437.77,7.7,404.06,267.05,137.01,33.9,9.5,26.8,10,50,538.0,6349,2,5.0,NONE,1,credit,True
ORD-20250588,Самара,C,Продукты,mobile,False,False,2023-05-28 00:00:00,4,116.28,12.6,406.52,302.89,103.63,25.5,8.8,16.3,13,49,325.0,4341,3,4.0,SUMMER,5,cash,True
ORD-20250589,Москва,B,Мебель,mobile,False,False,2023-05-28 06:00:00,4,21.71,6.7,81.02,49.54,31.48,38.9,8.4,13.2,12,38,339.0,7539,3,4.9,NONE,8,card,True
ORD-20250590,Москва,C,Продукты,online,False,False,2023-05-28 12:00:00,5,19.32,9.2,87.7,51.13,36.57,41.7,8.7,98.1,13,32,453.0,1376,12,4.1,NONE,8,cash,False
ORD-20250591,СПб,C,Продукты,online,True,False,2023-05-28 18:00:00,3,293.75,10.2,791.37,434.65,356.72,45.1,7.7,18.8,15,24,369.0,1977,4,4.3,NEWYEAR,7,cash,True
ORD-20250592,СПб,B,Мебель,mobile,False,False,2023-05-29 00:00:00,4,270.24,14.1,928.55,452.49,476.06,51.3,9.9,26.7,12,21,889.0,218,4,4.2,NONE,8,cash,True
ORD-20250593,Самара,B,Мебель,mobile,False,False,2023-05-29 06:00:00,4,142.88,2.0,560.09,289.42,270.67,48.3,8.6,33.4,11,34,449.0,7298,6,3.3,SUMMER,4,cash,True
ORD-20250594,Новосибирск,A,Спорт,online,False,False,2023-05-29 12:00:00,2,641.37,10.8,1144.2,619.95,524.25,45.8,6.4,14.1,10,61,281.0,4528,2,3.9,NEWYEAR,2,wallet,False
ORD-20250595,Новосибирск,C,Электроника,mobile,False,False,2023-05-29 18:00:00,6,332.49,17.2,1651.81,994.32,657.49,39.8,7.6,50.1,11,50,1029.0,3006,3,4.0,NONE,10,cash,False
ORD-20250596,Москва,B,Одежда,mobile,True,False,2023-05-30 00:00:00,7,409.91,17.7,2361.52,1769.56,591.96,25.1,6.3,21.7,14,39,514.0,800,11,4.0,SALE20,11,wallet,True
ORD-20250597,Казань,B,Электроника,online,False,False,2023-05-30 06:00:00,1,314.69,6.8,293.29,200.21,93.08,31.7,5.0,13.3,15,66,440.0,1312,12,4.8,SALE20,2,card,True
ORD-20250598,Москва,C,Продукты,mobile,False,False,2023-05-30 12:00:00,3,233.5,13.6,605.24,433.56,171.68,28.4,7.1,83.1,13,69,820.0,535,12,3.4,NONE,4,credit,False
ORD-20250599,Самара,B,Мебель,mobile,False,False,2023-05-30 18:00:00,2,270.07,9.6,488.29,246.3,241.99,49.6,9.9,13.8,9,46,506.0,4814,1,5.0,SUMMER,5,wallet,False
ORD-20250600,СПб,C,Электроника,online,False,False,2023-05-31 00:00:00,2,74.83,0.9,148.31,67.81,80.5,54.3,10.0,11.9,15,44,433.0,3455,8,2.9,SALE20,4,card,False
ORD-20250601,Самара,B,Мебель,store,False,False,2023-05-31 06:00:00,1,366.39,10.8,326.82,147.34,179.48,54.9,9.7,5.7,8,39,236.0,3134,7,5.0,SALE20,2,wallet,True
ORD-20250602,Самара,C,Электроника,online,False,False,2023-05-31 12:00:00,3,198.87,16.8,496.38,298.22,198.16,39.9,9.9,13.9,11,60,179.0,6025,11,4.5,SALE20,4,cash,False
ORD-20250603,Самара,B,Продукты,online,False,False,2023-05-31 18:00:00,5,277.54,23.6,1060.22,514.48,545.74,51.5,7.7,21.6,16,64,728.0,2563,13,3.1,NONE,8,cash,False
ORD-20250604,Москва,B,Спорт,mobile,False,False,2023-06-01 00:00:00,3,347.33,2.8,1012.81,513.3,499.51,49.3,8.0,138.9,15,58,504.0,2972,5,3.5,SALE20,7,wallet,False
ORD-20250605,Новосибирск,A,Мебель,online,False,False,2023-06-01 06:00:00,5,269.2,10.7,1201.98,604.96,597.02,49.7,9.5,20.9,14,28,412.0,4989,13,5.0,NONE,9,cash,True
ORD-20250606,Казань,C,Мебель,online,False,False,2023-06-01 12:00:00,1,266.36,23.5,203.77,135.33,68.44,33.6,7.9,42.7,12,51,422.0,4726,5,4.6,SUMMER,4,credit,True
ORD-20250607,Самара,B,Спорт,mobile,True,False,2023-06-01 18:00:00,6,131.6,11.7,697.24,513.15,184.09,26.4,6.2,22.5,12,22,505.0,5565,5,3.9,SUMMER,10,cash,True
ORD-20250608,Самара,C,Продукты,mobile,False,False,2023-06-02 00:00:00,4,325.57,22.3,1011.86,492.12,519.74,51.4,8.2,19.3,9,28,576.0,5299,8,5.0,NEWYEAR,4,credit,True
ORD-20250609,Казань,C,Электроника,online,False,False,2023-06-02 06:00:00,6,369.88,17.1,1839.79,886.88,952.91,51.8,9.4,53.9,12,34,327.0,3576,9,3.7,NONE,10,card,True
ORD-20250610,Новосибирск,C,Продукты,mobile,False,False,2023-06-02 12:00:00,4,225.0,21.6,705.6,387.31,318.29,45.1,8.5,14.3,19,20,483.0,2932,13,4.2,NONE,5,card,False
ORD-20250611,Новосибирск,B,Одежда,online,True,False,2023-06-02 18:00:00,5,196.99,19.0,797.8,511.62,286.18,35.9,8.7,34.6,10,22,552.0,2220,11,4.9,SUMMER,6,credit,False
ORD-20250612,Самара,C,Спорт,online,False,False,2023-06-03 00:00:00,4,113.46,1.8,445.68,249.93,195.75,43.9,8.3,30.6,11,31,366.0,345,12,3.6,NONE,8,wallet,True
ORD-20250613,Самара,C,Одежда,mobile,False,True,2023-06-03 06:00:00,2,335.58,19.1,542.96,289.69,253.27,46.6,6.7,11.3,14,39,184.0,6289,3,4.8,NONE,5,card,False
ORD-20250614,СПб,C,Продукты,mobile,False,False,2023-06-03 12:00:00,2,127.56,3.2,246.96,119.67,127.29,51.5,8.3,29.3,8,25,329.0,4769,13,4.5,NONE,2,cash,False
ORD-20250615,Казань,C,Спорт,online,True,False,2023-06-03 18:00:00,6,306.67,18.7,1495.91,878.69,617.22,41.3,9.2,40.2,13,30,265.0,5177,8,5.0,NONE,7,cash,True
ORD-20250616,Москва,A,Мебель,online,False,False,2023-06-04 00:00:00,3,294.29,10.5,790.16,363.93,426.23,53.9,10.0,22.8,12,39,718.0,6258,11,4.7,NONE,6,credit,False
ORD-20250617,Самара,B,Электроника,store,False,False,2023-06-04 06:00:00,1,441.06,17.1,365.64,233.44,132.2,36.2,7.8,11.7,10,27,304.0,5038,13,4.6,NONE,1,wallet,False
ORD-20250618,Москва,A,Спорт,online,False,False,2023-06-04 12:00:00,4,310.24,1.5,1222.34,852.04,370.3,30.3,10.0,14.2,15,67,300.0,452,6,4.8,NONE,4,card,True
ORD-20250619,СПб,C,Одежда,mobile,True,False,2023-06-04 18:00:00,6,219.89,2.9,1281.09,948.74,332.35,25.9,8.0,69.7,16,28,345.0,7352,12,5.0,SALE20,7,wallet,True
ORD-20250620,Казань,B,Мебель,mobile,False,False,2023-06-05 00:00:00,6,70.1,2.7,409.23,223.72,185.51,45.3,8.5,28.1,14,33,624.0,425,2,3.8,SALE20,7,credit,True
ORD-20250621,Самара,C,Спорт,store,False,True,2023-06-05 06:00:00,6,366.02,9.4,1989.66,1387.85,601.81,30.2,6.3,23.5,20,30,635.0,7973,12,4.0,NONE,7,credit,False
ORD-20250622,Москва,A,Спорт,mobile,False,False,2023-06-05 12:00:00,7,400.21,4.2,2683.78,1615.83,1067.95,39.8,8.7,127.6,11,37,324.0,1705,13,4.8,SUMMER,10,card,False
ORD-20250623,Самара,B,Мебель,online,False,False,2023-06-05 18:00:00,2,313.48,0.2,625.72,331.82,293.9,47.0,10.0,69.2,13,46,373.0,371,8,5.0,NEWYEAR,4,cash,False
ORD-20250624,Москва,A,Мебель,mobile,True,False,2023-06-06 00:00:00,6,100.06,22.0,468.29,224.28,244.01,52.1,10.0,38.3,17,35,417.0,7392,8,4.3,NONE,8,card,False
ORD-20250625,Самара,B,Электроника,mobile,False,False,2023-06-06 06:00:00,3,348.37,18.8,848.63,495.68,352.95,41.6,9.4,26.6,13,18,780.0,2036,9,4.1,SALE20,6,wallet,False
ORD-20250626,Самара,B,Спорт,mobile,False,False,2023-06-06 12:00:00,7,218.96,14.2,1315.09,933.94,381.15,29.0,8.3,32.1,13,50,197.0,5294,11,4.4,SUMMER,11,cash,True
ORD-20250627,Москва,B,Спорт,online,False,False,2023-06-06 18:00:00,2,217.35,18.1,356.02,261.41,94.61,26.6,9.3,26.3,9,50,253.0,6485,4,4.0,NONE,3,credit,True
ORD-20250628,СПб,B,Одежда,store,False,False,2023-06-07 00:00:00,6,241.91,7.6,1341.15,789.41,551.74,41.1,7.5,31.3,16,66,1182.0,3060,6,4.3,NONE,8,card,True
ORD-20250629,Казань,C,Электроника,mobile,False,False,2023-06-07 06:00:00,6,204.45,17.6,1010.82,689.31,321.51,31.8,9.1,51.5,11,54,716.0,804,11,3.5,SALE20,10,card,True
ORD-20250630,Казань,A,Спорт,mobile,True,False,2023-06-07 12:00:00,5,565.19,13.0,2458.59,1263.47,1195.12,48.6,9.1,142.6,17,66,246.0,2154,10,3.9,NONE,6,wallet,True
ORD-20250631,Новосибирск,B,Продукты,store,False,False,2023-06-07 18:00:00,3,177.55,2.2,520.92,350.69,170.23,32.7,8.8,23.0,11,55,1567.0,225,11,4.7,SALE20,3,cash,True
ORD-20250632,Новосибирск,B,Электроника,online,False,False,2023-06-08 00:00:00,4,441.56,16.6,1473.04,672.38,800.66,54.4,7.2,12.5,11,58,577.0,3313,6,4.3,NONE,7,wallet,False
ORD-20250633,Казань,A,Одежда,mobile,True,False,2023-06-08 06:00:00,3,90.01,24.8,203.07,116.86,86.21,42.5,8.3,41.1,10,44,468.0,2639,6,4.4,NONE,7,card,False
ORD-20250634,Казань,C,Мебель,mobile,False,False,2023-06-08 12:00:00,1,202.48,6.4,189.52,129.03,60.49,31.9,9.7,64.7,7,53,807.0,4797,8,4.6,SUMMER,4,credit,False
ORD-20250635,Новосибирск,C,Мебель,mobile,False,False,2023-06-08 18:00:00,4,256.69,0.1,1025.75,574.4,451.35,44.0,6.6,14.3,10,42,315.0,6301,12,5.0,SUMMER,7,card,False
ORD-20250636,Самара,B,Мебель,online,False,False,2023-06-09 00:00:00,5,485.49,18.8,1971.09,948.03,1023.06,51.9,9.6,137.0,8,35,368.0,6767,9,4.0,SALE20,5,cash,False
ORD-20250637,Москва,A,Одежда,online,True,False,2023-06-09 06:00:00,6,287.15,7.0,1602.29,1187.81,414.48,25.9,5.2,49.6,14,49,461.0,3284,4,5.0,SUMMER,7,card,False
ORD-20250638,СПб,C,Мебель,mobile,False,False,2023-06-09 12:00:00,1,256.84,10.1,230.9,124.61,106.29,46.0,7.1,7.8,10,42,547.0,2712,1,3.1,NEWYEAR,2,wallet,True
ORD-20250639,Самара,C,Спорт,online,False,False,2023-06-09 18:00:00,5,296.47,0.2,1479.39,684.46,794.93,53.7,9.6,49.2,7,33,512.0,1711,12,3.9,NONE,8,card,True
ORD-20250640,Новосибирск,B,Электроника,store,False,False,2023-06-10 00:00:00,3,417.96,1.6,1233.82,706.27,527.55,42.8,10.0,12.9,9,68,485.0,5260,2,4.1,SALE20,4,cash,True
ORD-20250641,СПб,C,Продукты,mobile,False,False,2023-06-10 06:00:00,5,344.48,17.7,1417.55,934.3,483.25,34.1,7.7,17.6,11,23,382.0,1362,9,4.3,SUMMER,7,wallet,True
ORD-20250642,СПб,A,Мебель,online,True,False,2023-06-10 12:00:00,4,251.27,24.1,762.87,431.11,331.76,43.5,8.5,22.5,10,24,515.0,7226,9,3.8,SALE20,4,cash,True
ORD-20250643,Самара,B,Одежда,online,True,False,2023-06-10 18:00:00,7,422.81,14.8,2521.64,1816.07,705.57,28.0,6.6,24.7,14,44,498.0,4406,1,5.0,NEWYEAR,7,credit,False
ORD-20250644,Москва,A,Мебель,online,False,False,2023-06-11 00:00:00,1,670.44,21.1,528.98,271.86,257.12,48.6,8.1,53.7,14,18,445.0,6803,6,4.4,SALE20,2,cash,False
ORD-20250645,Новосибирск,B,Спорт,online,True,False,2023-06-11 06:00:00,2,239.99,5.1,455.5,284.06,171.44,37.6,8.6,8.7,10,63,402.0,2812,5,4.6,NONE,6,credit,False
ORD-20250646,Новосибирск,B,Спорт,online,False,False,2023-06-11 12:00:00,6,348.71,1.7,2056.67,991.51,1065.16,51.8,10.0,36.6,12,34,363.0,7432,1,4.7,NONE,6,wallet,False
ORD-20250647,Казань,B,Мебель,mobile,False,False,2023-06-11 18:00:00,2,168.26,8.7,307.25,149.15,158.1,51.5,8.2,11.0,8,43,249.0,5035,9,4.4,NEWYEAR,3,credit,False
ORD-20250648,СПб,A,Мебель,mobile,False,False,2023-06-12 00:00:00,2,189.83,5.2,359.91,183.05,176.86,49.1,8.4,23.6,10,47,790.0,3730,5,4.8,NONE,4,card,False
ORD-20250649,Казань,A,Продукты,store,False,False,2023-06-12 06:00:00,5,204.68,15.4,865.81,446.15,419.66,48.5,9.9,35.0,12,32,603.0,6342,10,4.4,NONE,9,credit,False
ORD-20250650,Казань,B,Электроника,mobile,False,False,2023-06-12 12:00:00,4,35.2,23.9,107.14,69.41,37.73,35.2,7.3,21.4,12,24,669.0,5377,10,4.5,NONE,4,credit,False
ORD-20250651,Новосибирск,B,Продукты,mobile,False,False,2023-06-12 18:00:00,2,293.43,5.8,552.81,389.49,163.32,29.5,8.3,31.7,9,28,281.0,31,5,4.7,NONE,5,wallet,True
ORD-20250652,Самара,B,Мебель,online,False,False,2023-06-13 00:00:00,3,432.27,22.5,1005.03,713.22,291.81,29.0,7.8,30.0,9,22,366.0,766,6,5.0,NONE,6,credit,True
ORD-20250653,Казань,B,Продукты,store,False,False,2023-06-13 06:00:00,5,150.68,13.4,652.46,416.59,235.87,36.2,7.4,61.2,16,21,435.0,2595,3,4.0,NONE,8,cash,True
ORD-20250654,Самара,B,Спорт,online,False,False,2023-06-13 12:00:00,1,25.55,2.6,24.88,14.23,10.65,42.8,6.5,37.1,11,54,516.0,3976,1,4.5,NONE,4,cash,True
ORD-20250655,Казань,C,Продукты,mobile,False,False,2023-06-13 18:00:00,7,111.55,13.4,676.21,357.99,318.22,47.1,10.0,38.4,11,66,329.0,4370,3,3.5,SUMMER,7,cash,True
ORD-20250656,Москва,C,Электроника,mobile,False,True,2023-06-14 00:00:00,3,291.22,11.7,771.43,414.99,356.44,46.2,8.9,45.4,10,38,894.0,7027,2,3.1,SUMMER,3,wallet,False
ORD-20250657,СПб,B,Спорт,online,False,False,2023-06-14 06:00:00,4,229.33,18.7,745.8,436.94,308.86,41.4,6.6,33.7,13,35,636.0,5407,13,4.3,NONE,8,credit,False
ORD-20250658,СПб,C,Продукты,mobile,False,False,2023-06-14 12:00:00,5,289.42,18.7,1176.48,751.41,425.07,36.1,8.8,18.9,11,37,481.0,2819,3,4.8,NONE,9,card,True
ORD-20250659,Казань,B,Электроника,store,False,False,2023-06-14 18:00:00,2,116.34,16.0,195.45,120.51,74.94,38.3,10.0,6.6,13,64,505.0,2432,6,4.6,NONE,4,wallet,True
ORD-20250660,Новосибирск,B,Мебель,mobile,True,False,2023-06-15 00:00:00,4,324.56,16.7,1081.42,733.73,347.69,32.2,9.2,18.5,11,32,409.0,1543,8,4.6,SALE20,5,cash,True
ORD-20250661,Самара,C,Одежда,online,False,False,2023-06-15 06:00:00,7,276.14,15.2,1639.19,800.74,838.45,51.2,10.0,39.1,15,67,340.0,3790,6,4.5,SALE20,11,wallet,True
ORD-20250662,Самара,C,Мебель,online,False,False,2023-06-15 12:00:00,7,304.88,5.9,2008.24,971.73,1036.51,51.6,7.8,43.1,12,32,170.0,7648,13,4.3,NONE,11,cash,True
ORD-20250663,Казань,A,Мебель,online,False,False,2023-06-15 18:00:00,3,483.27,23.1,1114.9,833.1,281.8,25.3,7.4,10.4,14,41,635.0,843,3,4.9,SALE20,4,card,True
ORD-20250664,СПб,A,Спорт,online,False,False,2023-06-16 00:00:00,7,638.8,5.3,4234.59,2306.97,1927.62,45.5,9.4,68.0,17,32,458.0,287,11,3.6,NONE,7,credit,False
ORD-20250665,СПб,C,Спорт,store,False,False,2023-06-16 06:00:00,1,53.81,14.9,45.79,33.95,11.84,25.9,7.4,37.5,9,39,718.0,778,5,3.4,NONE,4,credit,True
ORD-20250666,Новосибирск,B,Мебель,online,True,False,2023-06-16 12:00:00,7,279.82,19.3,1580.7,848.57,732.13,46.3,8.0,92.8,14,53,564.0,4116,10,5.0,NEWYEAR,11,credit,True
ORD-20250667,Москва,C,Электроника,online,False,False,2023-06-16 18:00:00,3,172.8,2.1,507.51,238.22,269.29,53.1,6.0,22.5,15,34,442.0,6888,13,3.9,NONE,4,wallet,True
ORD-20250668,Новосибирск,B,Спорт,online,False,False,2023-06-17 00:00:00,3,499.65,11.3,1329.56,800.73,528.83,39.8,10.0,44.9,15,20,463.0,5105,2,4.6,SUMMER,3,cash,False
ORD-20250669,СПб,C,Электроника,online,False,True,2023-06-17 06:00:00,1,209.39,0.7,207.92,105.87,102.05,49.1,7.5,18.3,6,51,333.0,4312,7,3.5,NONE,4,wallet,False
ORD-20250670,Новосибирск,B,Продукты,online,True,False,2023-06-17 12:00:00,5,345.78,5.7,1630.33,1173.61,456.72,28.0,9.2,32.2,12,54,277.0,5421,7,4.2,SALE20,5,credit,True
ORD-20250671,Новосибирск,C,Спорт,online,False,False,2023-06-17 18:00:00,1,345.24,15.9,290.35,168.33,122.02,42.0,8.3,38.7,8,29,301.0,3703,10,4.0,SUMMER,5,credit,False
ORD-20250672,Новосибирск,C,Спорт,online,True,False,2023-06-18 00:00:00,6,59.87,22.8,277.3,161.47,115.83,41.8,7.9,64.6,10,53,304.0,7761,10,3.3,SUMMER,7,wallet,True
ORD-20250673,Новосибирск,C,Спорт,store,False,False,2023-06-18 06:00:00,1,132.19,7.6,122.14,69.24,52.9,43.3,8.5,31.4,7,35,414.0,3498,13,4.7,NEWYEAR,2,card,False
ORD-20250674,Казань,A,Электроника,online,False,True,2023-06-18 12:00:00,4,235.79,20.9,746.05,360.58,385.47,51.7,8.8,16.3,13,54,611.0,6449,7,4.8,SALE20,8,card,True
ORD-20250675,Казань,B,Мебель,online,False,False,2023-06-18 18:00:00,4,67.29,13.1,233.9,148.99,84.91,36.3,8.9,33.2,10,33,588.0,7625,13,3.2,SALE20,5,card,False
ORD-20250676,Москва,A,Электроника,mobile,False,False,2023-06-19 00:00:00,7,398.16,19.0,2257.57,1120.62,1136.95,50.4,9.7,49.0,18,21,244.0,3620,12,3.9,NONE,7,wallet,True
ORD-20250677,Новосибирск,C,Продукты,online,False,False,2023-06-19 06:00:00,4,120.16,20.3,383.07,245.9,137.17,35.8,7.6,75.4,12,37,631.0,3379,12,4.5,NONE,7,credit,True
ORD-20250678,Казань,B,Одежда,mobile,False,False,2023-06-19 12:00:00,3,90.93,15.9,229.42,130.78,98.64,43.0,6.9,39.8,8,22,473.0,5179,5,3.7,NONE,5,wallet,False
ORD-20250679,Москва,B,Одежда,mobile,False,False,2023-06-19 18:00:00,6,20.73,10.6,111.18,78.48,32.7,29.4,6.5,27.9,15,21,592.0,2084,12,5.0,SUMMER,8,card,False
ORD-20250680,СПб,A,Мебель,mobile,True,False,2023-06-20 00:00:00,7,31.19,14.6,186.44,113.01,73.43,39.4,9.5,52.1,13,29,549.0,6175,2,4.1,NONE,7,card,False
ORD-20250681,Новосибирск,C,Спорт,online,True,False,2023-06-20 06:00:00,4,151.11,17.3,499.86,358.16,141.7,28.3,7.2,50.7,10,45,229.0,765,8,5.0,SALE20,5,card,True
ORD-20250682,СПб,C,Одежда,online,False,False,2023-06-20 12:00:00,6,232.02,21.5,1092.81,500.06,592.75,54.2,7.4,160.4,11,26,484.0,5546,2,3.4,NEWYEAR,9,cash,True
ORD-20250683,СПб,A,Мебель,mobile,False,False,2023-06-20 18:00:00,7,159.82,13.7,965.47,644.58,320.89,33.2,7.1,85.8,12,22,805.0,6428,12,3.9,NONE,11,credit,True
ORD-20250684,СПб,B,Мебель,online,False,False,2023-06-21 00:00:00,4,455.96,21.8,1426.25,880.92,545.33,38.2,7.7,24.2,14,37,278.0,2564,6,4.5,SALE20,4,card,False
ORD-20250685,Москва,A,Мебель,online,False,False,2023-06-21 06:00:00,7,158.19,9.7,999.9,500.63,499.27,49.9,7.5,49.0,17,58,309.0,7558,11,3.2,SALE20,7,cash,True
ORD-20250686,Казань,C,Одежда,mobile,False,False,2023-06-21 12:00:00,6,106.88,19.0,519.43,250.22,269.21,51.8,8.6,44.6,14,34,202.0,7693,9,3.9,NONE,6,cash,False
ORD-20250687,СПб,C,Спорт,online,False,False,2023-06-21 18:00:00,2,119.28,15.2,202.3,135.77,66.53,32.9,9.4,11.3,6,39,373.0,7433,13,5.0,NEWYEAR,6,credit,True
ORD-20250688,Казань,B,Мебель,mobile,False,False,2023-06-22 00:00:00,4,87.3,1.9,342.56,192.74,149.82,43.7,8.9,15.9,9,63,248.0,437,3,4.3,NONE,6,wallet,True
ORD-20250689,Казань,B,Спорт,mobile,False,False,2023-06-22 06:00:00,1,499.55,12.6,436.61,206.48,230.13,52.7,6.9,32.7,10,56,317.0,1355,12,3.4,NONE,1,credit,False
ORD-20250690,Самара,B,Одежда,store,False,False,2023-06-22 12:00:00,6,361.31,19.1,1753.8,1154.91,598.89,34.1,8.8,49.3,26,40,493.0,4535,3,4.6,NONE,9,credit,True
ORD-20250691,Казань,C,Электроника,online,False,False,2023-06-22 18:00:00,5,117.89,16.8,490.44,263.5,226.94,46.3,9.8,45.5,21,24,619.0,5152,7,5.0,NONE,8,card,False
ORD-20250692,Москва,C,Мебель,online,False,False,2023-06-23 00:00:00,1,365.14,14.1,313.66,169.38,144.28,46.0,10.0,13.6,8,52,206.0,5034,1,4.0,NONE,1,wallet,False
ORD-20250693,Москва,B,Электроника,online,False,False,2023-06-23 06:00:00,1,321.03,19.8,257.47,122.2,135.27,52.5,8.7,6.3,6,48,372.0,4255,1,3.5,NEWYEAR,2,card,True
ORD-20250694,СПб,B,Электроника,online,False,False,2023-06-23 12:00:00,5,386.98,22.6,1497.61,863.79,633.82,42.3,10.0,25.1,17,32,407.0,1179,6,4.8,NEWYEAR,6,wallet,True
ORD-20250695,СПб,A,Одежда,store,False,False,2023-06-23 18:00:00,3,249.78,3.6,722.36,522.95,199.41,27.6,9.1,110.5,17,27,424.0,3264,13,3.4,NONE,6,card,False
ORD-20250696,Казань,B,Электроника,mobile,False,False,2023-06-24 00:00:00,1,116.2,6.4,108.76,77.01,31.75,29.2,10.0,9.9,14,32,615.0,3910,5,4.5,NONE,3,wallet,False
ORD-20250697,Самара,C,Спорт,online,False,False,2023-06-24 06:00:00,1,172.8,24.7,130.12,71.48,58.64,45.1,9.6,24.8,6,48,616.0,6512,7,4.6,SUMMER,4,cash,True
ORD-20250698,Новосибирск,C,Спорт,online,True,False,2023-06-24 12:00:00,7,160.64,6.0,1057.03,572.95,484.08,45.8,10.0,27.7,14,38,637.0,6836,6,3.8,NONE,9,wallet,True
ORD-20250699,Самара,B,Продукты,mobile,False,False,2023-06-24 18:00:00,4,492.43,20.7,1561.98,1108.85,453.13,29.0,6.7,26.5,14,39,493.0,7191,13,4.0,NEWYEAR,5,card,True
ORD-20250700,СПб,B,Мебель,online,False,False,2023-06-25 00:00:00,6,81.11,13.3,421.93,283.49,138.44,32.8,6.8,28.1,18,58,404.0,7424,4,4.5,NONE,6,cash,True
ORD-20250701,СПб,B,Мебель,online,False,False,2023-06-25 06:00:00,4,76.23,9.6,275.66,140.9,134.76,48.9,9.1,53.5,14,51,365.0,1087,6,3.9,NONE,5,credit,True
ORD-20250702,СПб,B,Спорт,mobile,False,False,2023-06-25 12:00:00,7,314.38,18.2,1800.14,1295.17,504.97,28.1,7.3,27.2,16,60,569.0,7281,5,3.6,NONE,9,wallet,True
ORD-20250703,СПб,C,Одежда,mobile,True,False,2023-06-25 18:00:00,6,214.0,18.8,1042.63,754.44,288.19,27.6,6.8,19.1,16,22,319.0,41,9,4.7,NEWYEAR,9,credit,False
ORD-20250704,Казань,B,Мебель,online,True,False,2023-06-26 00:00:00,7,277.65,6.8,1811.4,1000.13,811.27,44.8,8.7,44.2,10,54,320.0,510,7,3.8,SALE20,11,credit,False
ORD-20250705,Самара,B,Продукты,mobile,False,True,2023-06-26 06:00:00,5,211.89,0.3,1056.3,758.27,298.03,28.2,8.2,27.2,10,64,546.0,1562,12,4.7,NEWYEAR,5,cash,True
ORD-20250706,СПб,B,Продукты,mobile,False,False,2023-06-26 12:00:00,1,186.95,19.5,150.49,97.68,52.81,35.1,7.0,26.7,14,36,603.0,1010,1,4.9,NONE,5,cash,True
ORD-20250707,Самара,B,Одежда,mobile,False,False,2023-06-26 18:00:00,3,52.69,17.2,130.89,93.28,37.61,28.7,8.4,36.7,10,43,447.0,6476,3,3.6,SALE20,4,cash,False
ORD-20250708,СПб,B,Мебель,online,True,False,2023-06-27 00:00:00,1,398.31,3.0,386.37,218.54,167.83,43.4,8.1,41.5,8,32,576.0,2563,5,4.0,NONE,5,cash,False
ORD-20250709,Казань,B,Спорт,mobile,False,False,2023-06-27 06:00:00,4,228.77,0.9,906.86,516.41,390.45,43.1,9.1,21.3,10,52,402.0,7329,5,3.6,NONE,4,cash,False
ORD-20250710,СПб,B,Спорт,mobile,False,False,2023-06-27 12:00:00,4,449.67,16.5,1501.89,902.4,599.49,39.9,6.7,106.2,12,45,421.0,5138,8,5.0,NONE,8,card,True
ORD-20250711,Казань,C,Продукты,online,True,False,2023-06-27 18:00:00,4,189.63,15.0,644.75,341.12,303.63,47.1,8.7,12.9,12,31,518.0,5443,12,4.2,NONE,6,credit,False
ORD-20250712,Москва,B,Электроника,online,False,False,2023-06-28 00:00:00,7,452.73,19.1,2563.83,1567.02,996.81,38.9,8.2,61.0,22,20,327.0,1287,13,5.0,NONE,10,card,False
ORD-20250713,Казань,A,Спорт,online,False,False,2023-06-28 06:00:00,2,647.87,21.8,1013.27,610.74,402.53,39.7,6.7,25.2,9,55,596.0,140,7,4.1,SUMMER,3,card,False
ORD-20250714,Казань,A,Электроника,store,False,False,2023-06-28 12:00:00,7,397.62,16.6,2321.29,1175.57,1145.72,49.4,8.7,30.9,14,46,406.0,959,8,4.6,NONE,11,card,False
ORD-20250715,Казань,C,Электроника,mobile,False,False,2023-06-28 18:00:00,6,300.56,15.9,1516.64,1089.95,426.69,28.1,7.5,20.5,17,66,416.0,4627,9,3.7,SUMMER,9,card,False
ORD-20250716,Новосибирск,B,Спорт,online,False,False,2023-06-29 00:00:00,4,60.92,13.0,212.01,102.06,109.95,51.9,8.4,12.3,13,30,463.0,7186,8,4.3,SALE20,5,wallet,False
ORD-20250717,Самара,B,Одежда,online,False,True,2023-06-29 06:00:00,4,67.44,14.2,231.46,165.42,66.04,28.5,7.2,21.8,9,67,623.0,3361,8,3.9,NEWYEAR,7,cash,True
ORD-20250718,Казань,A,Продукты,online,False,False,2023-06-29 12:00:00,3,494.4,24.4,1121.3,685.53,435.77,38.9,8.3,29.8,9,42,185.0,4327,13,4.6,SALE20,3,card,False
ORD-20250719,Новосибирск,C,Электроника,online,True,False,2023-06-29 18:00:00,5,26.19,1.2,129.39,76.94,52.45,40.5,9.0,33.7,12,59,269.0,6249,7,4.6,NEWYEAR,6,wallet,True
ORD-20250720,Самара,B,Одежда,mobile,False,False,2023-06-30 00:00:00,6,358.6,13.6,1859.0,1315.32,543.68,29.2,8.9,20.8,18,37,674.0,1492,8,3.7,NONE,6,cash,True
ORD-20250721,Самара,A,Одежда,mobile,False,False,2023-06-30 06:00:00,1,172.23,6.2,161.55,94.66,66.89,41.4,7.5,9.7,12,38,543.0,6021,5,5.0,NONE,3,wallet,True
ORD-20250722,Казань,B,Одежда,online,False,False,2023-06-30 12:00:00,7,125.04,18.1,716.83,387.72,329.11,45.9,8.2,41.9,16,51,375.0,5373,6,5.0,SALE20,10,card,False
ORD-20250723,СПб,B,Мебель,store,False,False,2023-06-30 18:00:00,1,186.52,18.7,151.64,75.42,76.22,50.3,7.8,17.4,5,27,459.0,1590,13,4.0,NONE,3,credit,True
ORD-20250724,СПб,C,Мебель,store,False,False,2023-07-01 00:00:00,2,347.23,6.6,648.63,425.73,222.9,34.4,8.5,63.0,11,61,568.0,3099,3,5.0,NONE,5,card,False
ORD-20250725,Новосибирск,C,Электроника,online,False,False,2023-07-01 06:00:00,5,268.66,19.0,1088.06,761.55,326.51,30.0,7.9,60.8,11,31,832.0,2532,10,4.8,NONE,6,card,False
ORD-20250726,Самара,C,Спорт,online,False,False,2023-07-01 12:00:00,1,283.68,16.1,238.0,143.53,94.47,39.7,6.8,12.1,6,48,378.0,7823,2,5.0,SALE20,4,cash,True
ORD-20250727,Москва,B,Продукты,online,False,False,2023-07-01 18:00:00,6,393.7,23.7,1802.35,963.81,838.54,46.5,8.9,39.5,14,57,757.0,1728,13,3.3,NEWYEAR,9,cash,False
ORD-20250728,СПб,C,Мебель,store,False,False,2023-07-02 00:00:00,2,313.12,20.4,498.49,365.02,133.47,26.8,9.9,46.5,8,37,561.0,7538,1,4.8,SALE20,6,credit,False
ORD-20250729,Новосибирск,B,Электроника,online,True,False,2023-07-02 06:00:00,3,93.46,19.3,226.28,145.72,80.56,35.6,8.0,18.6,20,32,309.0,4226,12,4.1,NONE,4,cash,False
ORD-20250730,СПб,B,Одежда,mobile,False,False,2023-07-02 12:00:00,5,471.51,3.5,2275.02,1395.63,879.39,38.7,7.7,85.5,9,51,351.0,443,12,3.9,SALE20,6,wallet,False
ORD-20250731,Казань,B,Спорт,mobile,False,False,2023-07-02 18:00:00,7,204.53,24.7,1078.1,741.34,336.76,31.2,7.0,49.4,13,32,725.0,654,1,4.2,NEWYEAR,9,card,True
ORD-20250732,СПб,B,Спорт,online,False,False,2023-07-03 00:00:00,2,285.24,19.9,456.96,251.43,205.53,45.0,7.9,13.8,8,42,787.0,985,13,4.5,NONE,2,wallet,True
ORD-20250733,Самара,A,Электроника,online,False,False,2023-07-03 06:00:00,6,569.84,21.1,2697.63,1809.82,887.81,32.9,6.8,26.5,10,32,438.0,4752,12,4.3,NONE,10,credit,False
ORD-20250734,Новосибирск,B,Мебель,mobile,False,False,2023-07-03 12:00:00,5,427.77,18.8,1736.73,964.24,772.49,44.5,9.2,41.1,11,49,694.0,7158,4,3.7,SALE20,7,wallet,True
ORD-20250735,Казань,C,Мебель,online,False,False,2023-07-03 18:00:00,4,193.49,21.4,608.35,320.85,287.5,47.3,6.1,19.5,13,34,515.0,3829,2,3.6,NONE,7,cash,False
ORD-20250736,Москва,B,Электроника,online,True,False,2023-07-04 00:00:00,7,276.91,15.2,1643.74,854.43,789.31,48.0,9.0,58.5,20,53,435.0,3054,1,4.2,SALE20,8,wallet,False
ORD-20250737,СПб,C,Спорт,store,False,False,2023-07-04 06:00:00,5,158.03,0.3,787.77,563.31,224.46,28.5,10.0,109.4,10,46,482.0,4485,13,3.5,NONE,6,wallet,True
ORD-20250738,Москва,B,Электроника,online,False,False,2023-07-04 12:00:00,6,34.27,11.6,181.75,125.71,56.04,30.8,9.4,22.1,13,21,256.0,1725,13,4.4,SALE20,8,cash,True
ORD-20250739,СПб,A,Спорт,mobile,False,False,2023-07-04 18:00:00,5,458.26,6.2,2149.24,1101.43,1047.81,48.8,10.0,23.9,12,54,401.0,6707,7,4.4,SUMMER,7,cash,True
ORD-20250740,СПб,A,Электроника,online,False,False,2023-07-05 00:00:00,4,478.56,7.8,1764.95,831.39,933.56,52.9,8.5,17.0,9,53,362.0,2633,11,3.9,NONE,7,credit,False
ORD-20250741,Москва,C,Мебель,online,False,False,2023-07-05 06:00:00,3,181.32,6.9,506.44,251.39,255.05,50.4,10.0,26.4,9,38,667.0,3900,4,3.2,NONE,7,cash,True
ORD-20250742,Москва,B,Одежда,online,False,False,2023-07-05 12:00:00,2,33.57,15.8,56.54,30.66,25.88,45.8,8.9,33.9,10,46,494.0,1624,1,3.9,SUMMER,5,credit,True
ORD-20250743,СПб,B,Мебель,online,False,False,2023-07-05 18:00:00,1,287.27,19.7,230.68,146.01,84.67,36.7,9.6,5.6,10,38,407.0,6296,9,4.1,SUMMER,4,card,True
ORD-20250744,Москва,B,Мебель,online,False,True,2023-07-06 00:00:00,3,60.51,21.7,142.13,92.33,49.8,35.0,9.0,17.6,15,46,698.0,5048,4,4.2,NONE,3,cash,True
ORD-20250745,СПб,C,Продукты,store,False,False,2023-07-06 06:00:00,6,174.36,21.9,817.03,395.59,421.44,51.6,8.9,18.5,14,61,244.0,7484,12,5.0,NONE,8,credit,False
ORD-20250746,Москва,B,Мебель,online,False,False,2023-07-06 12:00:00,3,401.23,0.5,1197.67,702.31,495.36,41.4,8.7,14.9,15,21,305.0,6560,12,4.5,SALE20,3,card,True
ORD-20250747,Казань,A,Мебель,online,True,True,2023-07-06 18:00:00,4,169.74,18.9,550.63,333.84,216.79,39.4,10.0,74.6,9,28,741.0,728,13,4.7,SALE20,6,card,True
ORD-20250748,Самара,C,Одежда,mobile,True,False,2023-07-07 00:00:00,3,345.19,23.3,794.28,419.19,375.09,47.2,6.1,25.2,13,49,578.0,4935,8,3.8,NEWYEAR,7,wallet,False
ORD-20250749,Новосибирск,C,Спорт,mobile,False,False,2023-07-07 06:00:00,6,267.79,19.3,1296.65,867.39,429.26,33.1,7.5,27.8,14,49,237.0,615,3,5.0,SALE20,9,wallet,True
ORD-20250750,Самара,C,Электроника,store,False,False,2023-07-07 12:00:00,5,102.13,2.9,495.82,311.65,184.17,37.1,7.0,66.9,12,54,488.0,5329,6,4.8,NEWYEAR,6,cash,True
ORD-20250751,Москва,A,Продукты,online,True,False,2023-07-07 18:00:00,3,171.62,23.9,391.8,262.21,129.59,33.1,7.6,10.6,10,46,269.0,1475,10,4.4,NEWYEAR,3,credit,True
ORD-20250752,Москва,C,Мебель,online,True,False,2023-07-08 00:00:00,7,34.93,12.6,213.69,140.94,72.75,34.0,8.5,98.6,17,51,377.0,1732,11,3.8,NONE,8,cash,False
ORD-20250753,Самара,B,Мебель,mobile,False,False,2023-07-08 06:00:00,1,438.2,14.4,375.1,269.72,105.38,28.1,6.9,53.8,3,41,537.0,5817,3,4.8,SALE20,4,cash,False
ORD-20250754,Самара,A,Одежда,mobile,True,False,2023-07-08 12:00:00,1,57.23,7.1,53.17,34.66,18.51,34.8,7.7,17.3,9,19,441.0,1886,1,4.6,SALE20,2,cash,True
ORD-20250755,СПб,B,Спорт,online,False,False,2023-07-08 18:00:00,1,316.89,21.2,249.71,172.31,77.4,31.0,5.9,22.2,8,64,435.0,5091,1,3.2,SUMMER,3,cash,False
ORD-20250756,Новосибирск,C,Спорт,store,False,False,2023-07-09 00:00:00,1,283.66,21.9,221.54,133.55,87.99,39.7,8.4,41.9,8,36,322.0,1566,6,4.9,SALE20,3,wallet,True
ORD-20250757,Самара,B,Электроника,mobile,False,False,2023-07-09 06:00:00,2,135.0,20.4,214.93,112.01,102.92,47.9,7.8,107.6,8,18,709.0,4822,3,5.0,NEWYEAR,2,wallet,False
ORD-20250758,Казань,A,Электроника,online,False,False,2023-07-09 12:00:00,5,274.96,5.2,1303.32,622.03,681.29,52.3,9.9,26.8,13,50,545.0,7854,13,3.6,NONE,8,cash,True
ORD-20250759,Самара,B,Продукты,mobile,False,False,2023-07-09 18:00:00,6,153.98,3.2,894.33,533.77,360.56,40.3,8.2,82.9,13,59,324.0,5386,10,5.0,SALE20,10,cash,True
ORD-20250760,Москва,B,Электроника,online,False,False,2023-07-10 00:00:00,1,402.85,24.4,304.55,209.99,94.56,31.0,7.6,4.1,6,34,469.0,1687,10,4.2,NONE,3,wallet,False
ORD-20250761,Самара,C,Электроника,online,False,False,2023-07-10 06:00:00,1,373.32,21.8,291.93,182.46,109.47,37.5,8.7,59.6,13,39,395.0,3665,2,4.3,SALE20,3,card,True
ORD-20250762,СПб,A,Спорт,online,False,False,2023-07-10 12:00:00,7,679.83,21.4,3740.42,1712.16,2028.26,54.2,9.2,41.9,16,67,359.0,1891,3,3.3,NONE,10,card,True
ORD-20250763,Москва,B,Продукты,online,False,False,2023-07-10 18:00:00,6,44.06,19.5,212.79,111.03,101.76,47.8,8.7,22.1,15,60,474.0,2324,10,4.2,SALE20,9,card,True
ORD-20250764,Самара,C,Спорт,online,False,False,2023-07-11 00:00:00,6,256.6,2.7,1498.02,872.33,625.69,41.8,8.8,70.5,15,57,873.0,3421,11,3.7,NONE,7,cash,True
ORD-20250765,Москва,C,Мебель,mobile,False,False,2023-07-11 06:00:00,5,222.48,12.9,968.88,552.9,415.98,42.9,9.1,26.3,19,41,316.0,1481,13,4.1,NEWYEAR,7,card,True
ORD-20250766,Москва,C,Мебель,mobile,False,False,2023-07-11 12:00:00,3,349.29,2.9,1017.48,670.72,346.76,34.1,7.8,51.4,11,24,560.0,2086,7,4.2,NONE,5,wallet,False
ORD-20250767,Москва,A,Одежда,online,False,True,2023-07-11 18:00:00,3,410.47,10.6,1100.88,553.44,547.44,49.7,8.7,15.8,9,27,629.0,7515,10,3.3,NONE,7,cash,True
ORD-20250768,Новосибирск,C,Мебель,online,False,False,2023-07-12 00:00:00,3,175.62,4.0,505.77,283.71,222.06,43.9,9.4,39.2,12,61,543.0,5712,3,4.1,NONE,7,card,True
ORD-20250769,Новосибирск,B,Электроника,mobile,False,False,2023-07-12 06:00:00,4,229.97,12.0,809.51,494.45,315.06,38.9,10.0,49.1,11,47,644.0,1984,4,4.4,NONE,6,wallet,False
ORD-20250770,Казань,B,Одежда,online,True,False,2023-07-12 12:00:00,1,428.27,16.8,356.32,265.5,90.82,25.5,6.7,26.7,8,40,435.0,161,10,4.9,NONE,5,credit,True
ORD-20250771,СПб,B,Спорт,online,False,False,2023-07-12 18:00:00,7,339.33,21.0,1876.5,1365.27,511.23,27.2,6.2,39.5,18,68,544.0,2729,12,2.8,NONE,10,card,False
ORD-20250772,Казань,C,Мебель,online,False,False,2023-07-13 00:00:00,7,34.72,2.0,238.15,134.44,103.71,43.5,9.4,49.2,12,27,470.0,1294,2,5.0,SALE20,9,card,True
ORD-20250773,Самара,B,Одежда,mobile,False,False,2023-07-13 06:00:00,1,467.43,22.3,363.19,199.83,163.36,45.0,9.6,19.0,7,23,268.0,5770,11,5.0,NEWYEAR,3,credit,True
ORD-20250774,Казань,C,Спорт,store,False,True,2023-07-13 12:00:00,4,256.94,4.7,979.44,719.8,259.64,26.5,9.1,32.4,14,34,295.0,3452,10,3.7,NONE,7,credit,False
ORD-20250775,СПб,C,Продукты,online,True,False,2023-07-13 18:00:00,3,64.48,23.6,147.79,104.71,43.08,29.1,7.3,28.8,12,64,682.0,6006,8,4.7,NONE,7,cash,False
ORD-20250776,СПб,C,Мебель,mobile,False,False,2023-07-14 00:00:00,3,179.98,12.0,475.16,315.06,160.1,33.7,9.6,29.0,9,63,372.0,6617,11,5.0,NONE,3,cash,True
ORD-20250777,Казань,B,Электроника,mobile,False,False,2023-07-14 06:00:00,3,132.82,1.4,392.89,250.07,142.82,36.4,6.6,20.4,13,50,393.0,4224,13,4.4,NEWYEAR,6,wallet,True
ORD-20250778,СПб,B,Электроника,store,False,False,2023-07-14 12:00:00,4,299.77,19.8,961.68,643.04,318.64,33.1,8.9,28.9,5,25,607.0,6149,3,2.8,NONE,8,wallet,False
ORD-20250779,Казань,B,Спорт,mobile,True,False,2023-07-14 18:00:00,7,282.56,1.2,1954.16,1295.45,658.71,33.7,8.2,120.9,19,60,426.0,4142,3,4.0,NEWYEAR,11,cash,True
ORD-20250780,Москва,B,Спорт,online,False,False,2023-07-15 00:00:00,6,485.43,15.7,2455.3,1721.22,734.08,29.9,8.5,61.3,11,62,594.0,5172,12,5.0,SUMMER,6,credit,True
ORD-20250781,Москва,B,Одежда,online,False,False,2023-07-15 06:00:00,7,37.03,19.9,207.63,138.5,69.13,33.3,8.9,28.6,15,60,428.0,7733,1,4.1,NONE,9,wallet,True
ORD-20250782,Новосибирск,B,Спорт,online,False,False,2023-07-15 12:00:00,2,230.66,11.6,407.8,263.06,144.74,35.5,8.4,13.1,16,59,296.0,7674,9,3.7,SALE20,4,cash,True
ORD-20250783,СПб,C,Спорт,online,True,False,2023-07-15 18:00:00,6,74.71,17.0,372.06,271.99,100.07,26.9,7.6,27.5,13,24,671.0,3699,4,4.0,NONE,7,credit,True
ORD-20250784,Казань,C,Одежда,mobile,False,False,2023-07-16 00:00:00,3,15.59,14.3,40.08,29.35,10.73,26.8,7.2,30.6,12,66,322.0,4238,6,4.5,NEWYEAR,5,card,True
ORD-20250785,Москва,B,Одежда,online,True,False,2023-07-16 06:00:00,3,391.3,1.8,1152.77,662.91,489.86,42.5,10.0,50.9,14,38,740.0,7190,4,4.4,NONE,7,card,True
ORD-20250786,Новосибирск,B,Продукты,mobile,True,False,2023-07-16 12:00:00,1,381.25,17.3,315.29,236.33,78.96,25.0,7.8,33.5,8,59,562.0,499,6,4.3,SALE20,1,cash,True
ORD-20250787,СПб,B,Одежда,online,False,True,2023-07-16 18:00:00,7,467.76,23.8,2495.03,1417.02,1078.01,43.2,8.2,32.7,13,47,363.0,7893,3,5.0,SUMMER,10,credit,True
ORD-20250788,СПб,C,Одежда,mobile,False,False,2023-07-17 00:00:00,1,223.7,8.6,204.46,107.28,97.18,47.5,10.0,24.7,6,36,567.0,5055,7,4.7,NONE,2,wallet,False
ORD-20250789,Казань,A,Одежда,online,False,False,2023-07-17 06:00:00,4,189.48,3.2,733.65,375.79,357.86,48.8,8.7,20.9,9,60,371.0,506,8,4.3,SALE20,7,wallet,False
ORD-20250790,Новосибирск,B,Мебель,mobile,False,False,2023-07-17 12:00:00,7,187.86,6.4,1230.87,597.8,633.07,51.4,9.0,26.2,10,34,329.0,4490,4,5.0,SALE20,10,wallet,False
ORD-20250791,Самара,A,Продукты,mobile,False,False,2023-07-17 18:00:00,5,428.74,15.9,1802.83,1008.64,794.19,44.1,9.5,77.6,17,33,487.0,5250,2,4.3,SALE20,8,wallet,False
ORD-20250792,Москва,C,Спорт,mobile,False,False,2023-07-18 00:00:00,1,238.58,24.6,179.89,133.2,46.69,26.0,9.2,28.6,7,28,610.0,4465,4,4.1,NONE,1,credit,True
ORD-20250793,Москва,B,Спорт,online,True,False,2023-07-18 06:00:00,7,30.87,20.3,172.23,94.27,77.96,45.3,8.3,31.5,12,68,499.0,7707,9,3.8,NONE,9,wallet,False
ORD-20250794,СПб,C,Электроника,mobile,False,False,2023-07-18 12:00:00,5,342.19,19.5,1377.3,999.74,377.56,27.4,7.9,17.3,14,25,333.0,3673,1,3.5,NEWYEAR,8,cash,True
ORD-20250795,Москва,C,Мебель,store,False,False,2023-07-18 18:00:00,2,347.83,9.0,633.04,305.22,327.82,51.8,7.2,30.1,11,20,261.0,3551,2,3.3,NONE,5,card,True
ORD-20250796,Казань,C,Мебель,mobile,False,False,2023-07-19 00:00:00,2,300.95,15.3,509.81,251.81,258.0,50.6,10.0,43.0,6,20,417.0,1660,8,3.4,SALE20,3,card,True
ORD-20250797,СПб,B,Электроника,online,False,False,2023-07-19 06:00:00,7,132.4,10.1,833.22,415.72,417.5,50.1,7.7,25.9,20,47,288.0,3039,6,4.4,SALE20,11,cash,True
ORD-20250798,Москва,C,Мебель,online,False,False,2023-07-19 12:00:00,5,135.42,1.5,666.94,410.07,256.87,38.5,8.2,17.5,14,23,430.0,4177,1,3.9,NONE,6,wallet,True
ORD-20250799,Самара,B,Продукты,mobile,False,False,2023-07-19 18:00:00,3,354.19,12.3,931.87,696.63,235.24,25.2,7.9,41.2,16,51,441.0,2995,7,5.0,NONE,6,card,False
ORD-20250800,СПб,B,Спорт,online,False,False,2023-07-20 00:00:00,3,159.81,13.7,413.75,211.51,202.24,48.9,8.0,30.6,13,34,594.0,641,11,3.7,NONE,4,card,True
ORD-20250801,СПб,B,Продукты,mobile,False,False,2023-07-20 06:00:00,7,199.99,21.2,1103.17,606.9,496.27,45.0,5.9,21.9,16,47,579.0,6093,3,4.3,NONE,10,wallet,True
ORD-20250802,Москва,B,Продукты,store,False,False,2023-07-20 12:00:00,3,337.44,19.1,818.97,578.2,240.77,29.4,6.0,35.2,18,68,662.0,2159,10,4.6,SUMMER,4,card,True
ORD-20250803,Новосибирск,A,Мебель,online,False,False,2023-07-20 18:00:00,4,37.33,11.4,132.31,80.62,51.69,39.1,8.5,49.7,17,21,444.0,5358,13,4.7,SALE20,7,credit,True
ORD-20250804,Самара,B,Мебель,online,False,True,2023-07-21 00:00:00,1,77.54,12.4,67.93,37.6,30.33,44.6,10.0,51.0,14,45,381.0,7796,8,3.7,NONE,1,credit,False
ORD-20250805,СПб,C,Мебель,online,False,False,2023-07-21 06:00:00,2,20.73,19.8,33.25,19.18,14.07,42.3,9.8,57.9,15,41,533.0,3513,2,4.2,SALE20,5,cash,True
ORD-20250806,Новосибирск,A,Продукты,online,True,False,2023-07-21 12:00:00,6,196.27,7.2,1092.82,732.76,360.06,32.9,8.7,21.3,19,18,530.0,295,13,4.0,SALE20,8,credit,True
ORD-20250807,СПб,A,Продукты,mobile,False,False,2023-07-21 18:00:00,6,344.03,9.0,1878.39,1049.48,828.91,44.1,8.9,20.9,9,28,520.0,4679,3,4.8,NONE,9,card,False
ORD-20250808,СПб,C,Спорт,online,False,False,2023-07-22 00:00:00,7,317.7,22.6,1721.32,1116.61,604.71,35.1,8.6,25.3,16,49,960.0,399,11,4.3,NONE,11,card,True
ORD-20250809,СПб,C,Спорт,mobile,True,False,2023-07-22 06:00:00,1,73.25,19.0,59.33,40.95,18.38,31.0,9.2,10.8,11,46,583.0,4791,5,5.0,SALE20,5,wallet,True
ORD-20250810,Москва,A,Одежда,online,False,False,2023-07-22 12:00:00,4,258.81,23.6,790.93,369.41,421.52,53.3,8.6,15.5,10,53,718.0,7804,12,5.0,NONE,6,credit,False
ORD-20250811,Казань,B,Мебель,online,True,False,2023-07-22 18:00:00,2,14.62,22.0,22.81,15.4,7.41,32.5,7.7,9.7,8,37,290.0,2334,11,4.8,NONE,5,cash,True
ORD-20250812,Самара,B,Электроника,online,False,False,2023-07-23 00:00:00,6,237.09,19.1,1150.82,843.88,306.94,26.7,7.6,40.7,9,20,303.0,2737,6,3.3,NONE,6,card,False
ORD-20250813,Казань,A,Одежда,online,False,False,2023-07-23 06:00:00,2,31.37,6.5,58.67,27.82,30.85,52.6,10.0,21.3,10,60,328.0,49,8,5.0,NEWYEAR,2,credit,False
ORD-20250814,Казань,A,Продукты,store,True,False,2023-07-23 12:00:00,1,235.1,13.0,204.53,97.05,107.48,52.5,7.3,19.9,7,28,450.0,2046,2,5.0,NEWYEAR,2,cash,False
ORD-20250815,СПб,B,Одежда,online,False,False,2023-07-23 18:00:00,6,417.11,10.4,2242.4,1423.1,819.3,36.5,8.3,40.9,17,21,422.0,30,5,3.5,SALE20,7,cash,True
ORD-20250816,Новосибирск,B,Спорт,online,True,False,2023-07-24 00:00:00,1,468.66,9.8,422.73,276.01,146.72,34.7,8.7,7.5,8,29,497.0,4299,12,3.4,NEWYEAR,3,cash,False
ORD-20250817,Новосибирск,B,Спорт,mobile,False,False,2023-07-24 06:00:00,7,189.95,19.5,1070.37,630.11,440.26,41.1,5.8,21.9,14,40,866.0,3592,7,4.1,NONE,8,credit,True
ORD-20250818,Казань,B,Электроника,online,False,False,2023-07-24 12:00:00,6,148.69,9.7,805.58,588.61,216.97,26.9,9.0,24.8,13,31,431.0,4913,4,4.7,NONE,8,card,True
ORD-20250819,Самара,B,Одежда,store,False,False,2023-07-24 18:00:00,5,381.68,3.7,1837.8,896.83,940.97,51.2,10.0,15.0,17,62,543.0,5491,12,4.5,NEWYEAR,8,cash,True
ORD-20250820,Самара,A,Электроника,online,False,False,2023-07-25 00:00:00,2,492.81,8.7,899.86,436.93,462.93,51.4,6.8,13.0,8,48,461.0,303,9,5.0,NONE,4,card,True
ORD-20250821,Новосибирск,B,Электроника,online,True,False,2023-07-25 06:00:00,2,195.27,20.2,311.65,141.2,170.45,54.7,8.2,8.3,7,52,689.0,7376,6,5.0,NONE,2,card,False
ORD-20250822,Новосибирск,C,Продукты,online,False,False,2023-07-25 12:00:00,2,340.22,12.7,594.02,413.8,180.22,30.3,7.4,58.5,12,21,577.0,2167,3,4.8,NONE,4,credit,True
ORD-20250823,Новосибирск,C,Мебель,mobile,True,False,2023-07-25 18:00:00,3,174.23,0.3,521.12,248.6,272.52,52.3,8.5,12.9,9,27,438.0,6713,4,3.9,NONE,7,wallet,True
ORD-20250824,Москва,B,Мебель,mobile,False,False,2023-07-26 00:00:00,2,468.58,15.6,790.97,499.11,291.86,36.9,7.2,20.3,8,47,657.0,7482,6,3.3,SALE20,5,card,False
ORD-20250825,Казань,A,Продукты,online,True,False,2023-07-26 06:00:00,2,620.31,4.4,1186.03,864.48,321.55,27.1,7.5,16.6,9,60,571.0,2767,3,5.0,NONE,2,card,True
ORD-20250826,Казань,C,Продукты,mobile,False,False,2023-07-26 12:00:00,3,356.04,2.7,1039.29,484.1,555.19,53.4,10.0,16.5,8,64,631.0,6267,4,3.7,NONE,7,cash,True
ORD-20250827,Самара,B,Одежда,mobile,False,True,2023-07-26 18:00:00,1,63.32,7.6,58.5,28.38,30.12,51.5,10.0,7.3,7,35,455.0,4315,11,4.4,SUMMER,5,credit,False
ORD-20250828,Казань,B,Спорт,store,False,False,2023-07-27 00:00:00,7,140.86,19.3,795.7,565.99,229.71,28.9,8.1,37.1,18,64,583.0,5021,10,4.1,NONE,10,wallet,False
ORD-20250829,Казань,C,Спорт,online,False,False,2023-07-27 06:00:00,6,143.87,1.3,852.02,454.35,397.67,46.7,8.2,54.3,13,45,408.0,3592,4,4.2,NONE,10,credit,True
ORD-20250830,Казань,B,Одежда,online,False,False,2023-07-27 12:00:00,2,374.27,5.2,709.62,409.24,300.38,42.3,9.8,8.7,9,54,298.0,705,8,4.9,NONE,4,wallet,True
ORD-20250831,Казань,B,Электроника,mobile,True,False,2023-07-27 18:00:00,2,153.91,5.1,292.12,182.31,109.81,37.6,9.3,28.1,10,48,372.0,1655,7,3.9,SALE20,6,wallet,True
ORD-20250832,Самара,B,Продукты,online,False,False,2023-07-28 00:00:00,7,111.44,20.6,619.38,411.87,207.51,33.5,4.1,38.8,16,69,571.0,1762,12,3.6,NEWYEAR,7,credit,True
ORD-20250833,Самара,B,Мебель,mobile,True,False,2023-07-28 06:00:00,1,178.44,6.3,167.19,84.46,82.73,49.5,10.0,38.8,15,24,553.0,1660,10,4.4,SUMMER,1,card,False
ORD-20250834,Казань,A,Одежда,mobile,True,False,2023-07-28 12:00:00,6,227.31,14.5,1166.11,830.42,335.69,28.8,7.9,45.3,16,46,340.0,5511,11,3.6,NONE,8,card,False
ORD-20250835,Казань,A,Одежда,online,False,False,2023-07-28 18:00:00,1,572.83,3.2,554.5,378.3,176.2,31.8,8.6,21.7,8,52,775.0,6737,2,5.0,NONE,3,card,True
ORD-20250836,Москва,B,Электроника,online,False,False,2023-07-29 00:00:00,1,495.01,19.8,397.0,189.44,207.56,52.3,6.5,24.7,12,45,300.0,718,6,4.3,SALE20,3,wallet,False
ORD-20250837,Казань,A,Мебель,online,True,False,2023-07-29 06:00:00,7,222.45,6.5,1455.93,702.44,753.49,51.8,10.0,73.3,12,53,477.0,996,1,3.6,SUMMER,10,wallet,True
ORD-20250838,СПб,B,Спорт,mobile,False,False,2023-07-29 12:00:00,4,35.39,11.5,125.3,82.97,42.33,33.8,8.5,38.2,8,18,379.0,3177,9,5.0,NONE,7,wallet,True
ORD-20250839,Москва,B,Мебель,mobile,False,False,2023-07-29 18:00:00,3,363.64,8.3,1000.37,592.03,408.34,40.8,9.6,41.5,12,50,483.0,560,13,3.5,SUMMER,7,card,False
ORD-20250840,СПб,B,Спорт,store,False,False,2023-07-30 00:00:00,1,245.46,16.4,205.21,120.2,85.01,41.4,6.7,14.5,13,49,271.0,7516,9,4.0,NEWYEAR,2,wallet,True
ORD-20250841,Новосибирск,A,Электроника,online,True,False,2023-07-30 06:00:00,5,311.57,6.5,1456.58,750.52,706.06,48.5,9.7,24.6,12,53,229.0,2209,11,4.3,NONE,7,wallet,True
ORD-20250842,Казань,C,Спорт,mobile,False,True,2023-07-30 12:00:00,4,136.57,0.0,546.26,362.55,183.71,33.6,9.3,40.7,11,49,350.0,6033,2,4.4,SALE20,7,credit,True
ORD-20250843,Москва,A,Спорт,mobile,False,False,2023-07-30 18:00:00,1,336.68,13.1,292.58,141.68,150.9,51.6,8.7,12.3,7,30,587.0,3912,13,4.0,SUMMER,2,credit,True
ORD-20250844,Новосибирск,C,Одежда,mobile,True,False,2023-07-31 00:00:00,5,57.53,24.4,217.46,122.21,95.25,43.8,6.4,27.4,13,62,482.0,3098,10,4.7,NONE,7,card,True
ORD-20250845,Москва,C,Мебель,online,False,False,2023-07-31 06:00:00,4,232.47,20.8,736.46,490.97,245.49,33.3,7.6,35.6,13,29,260.0,376,8,4.5,SUMMER,5,credit,False
ORD-20250846,Самара,A,Электроника,online,False,False,2023-07-31 12:00:00,7,651.86,24.8,3431.38,2553.61,877.77,25.6,5.9,122.8,16,57,658.0,3665,6,4.5,NONE,8,card,False
ORD-20250847,Москва,A,Спорт,online,True,False,2023-07-31 18:00:00,6,644.56,11.1,3438.07,1766.17,1671.9,48.6,8.0,30.9,20,30,488.0,2724,3,3.5,SUMMER,8,card,True
ORD-20250848,Новосибирск,A,Электроника,mobile,False,False,2023-08-01 00:00:00,5,520.35,14.2,2232.3,1430.42,801.88,35.9,9.5,33.0,16,54,604.0,1701,12,4.0,NONE,7,card,False
ORD-20250849,Самара,C,Электроника,mobile,False,False,2023-08-01 06:00:00,1,150.61,19.9,120.64,56.61,64.03,53.1,8.8,7.7,8,31,390.0,6638,7,5.0,NEWYEAR,4,wallet,True
ORD-20250850,Новосибирск,C,Мебель,mobile,False,False,2023-08-01 12:00:00,2,346.05,8.4,633.96,336.06,297.9,47.0,8.8,48.1,12,61,218.0,199,13,4.4,NONE,2,credit,True
ORD-20250851,СПб,B,Мебель,store,False,False,2023-08-01 18:00:00,3,333.28,2.8,971.85,465.46,506.39,52.1,8.1,11.5,6,36,810.0,2960,10,5.0,NONE,7,card,False
ORD-20250852,Новосибирск,C,Спорт,online,False,False,2023-08-02 00:00:00,7,192.62,4.2,1291.72,903.19,388.53,30.1,8.2,24.6,13,39,417.0,262,12,3.8,NONE,8,credit,True
ORD-20250853,Новосибирск,C,Спорт,online,False,False,2023-08-02 06:00:00,3,111.9,24.1,254.79,146.61,108.18,42.5,7.7,18.6,9,31,664.0,4752,8,4.4,NONE,5,cash,False
ORD-20250854,Казань,B,Электроника,online,False,False,2023-08-02 12:00:00,4,380.07,19.8,1219.27,874.74,344.53,28.3,6.2,30.3,12,34,383.0,4593,7,4.1,NEWYEAR,7,cash,True
ORD-20250855,Казань,C,Мебель,online,True,False,2023-08-02 18:00:00,7,300.53,7.2,1952.23,902.05,1050.18,53.8,10.0,53.1,14,68,464.0,7692,7,4.0,SUMMER,11,cash,False
ORD-20250856,СПб,B,Одежда,online,False,False,2023-08-03 00:00:00,1,283.9,19.5,228.54,150.72,77.82,34.1,9.0,9.7,7,66,233.0,794,1,4.0,NEWYEAR,1,card,True
ORD-20250857,Самара,B,Спорт,online,False,False,2023-08-03 06:00:00,5,150.17,17.6,618.71,373.9,244.81,39.6,7.2,61.5,13,22,321.0,5628,8,3.9,NEWYEAR,8,cash,True
ORD-20250858,Самара,C,Одежда,store,True,False,2023-08-03 12:00:00,7,150.5,11.7,930.23,612.14,318.09,34.2,8.6,104.9,16,50,809.0,6527,6,4.2,NONE,9,wallet,False
ORD-20250859,Москва,C,Продукты,online,False,False,2023-08-03 18:00:00,7,236.6,0.6,1646.24,1218.27,427.97,26.0,6.0,90.2,15,62,634.0,5443,3,3.4,SALE20,9,wallet,True
ORD-20250860,Казань,B,Одежда,store,False,False,2023-08-04 00:00:00,4,119.27,18.2,390.24,289.49,100.75,25.8,7.8,20.6,12,48,718.0,7595,9,4.9,NONE,6,wallet,True
ORD-20250861,Казань,B,Мебель,online,False,False,2023-08-04 06:00:00,3,240.77,7.3,669.57,468.17,201.4,30.1,9.1,55.0,16,36,543.0,7772,6,4.3,SUMMER,3,credit,True
ORD-20250862,Казань,B,Спорт,mobile,False,False,2023-08-04 12:00:00,2,30.67,6.8,57.17,29.34,27.83,48.7,7.7,53.8,11,59,494.0,593,1,4.6,SALE20,2,wallet,True
ORD-20250863,Самара,A,Продукты,mobile,False,False,2023-08-04 18:00:00,5,566.38,13.2,2458.11,1666.12,791.99,32.2,8.0,47.2,12,49,655.0,747,6,5.0,SUMMER,7,card,True
ORD-20250864,СПб,B,Одежда,online,True,False,2023-08-05 00:00:00,7,197.04,6.6,1288.26,949.7,338.56,26.3,8.1,39.8,19,28,645.0,1530,4,5.0,SUMMER,10,cash,False
ORD-20250865,Москва,B,Одежда,online,True,False,2023-08-05 06:00:00,4,228.15,17.9,749.24,414.99,334.25,44.6,10.0,63.1,14,34,504.0,7491,10,4.7,NONE,5,wallet,True
ORD-20250866,Казань,A,Мебель,mobile,False,False,2023-08-05 12:00:00,5,621.34,7.3,2879.91,1597.79,1282.12,44.5,10.0,23.5,8,21,464.0,1589,4,3.6,NEWYEAR,8,wallet,True
ORD-20250867,СПб,A,Мебель,store,True,False,2023-08-05 18:00:00,2,285.83,20.2,456.19,270.69,185.5,40.7,8.4,23.0,11,64,656.0,1218,7,4.1,SUMMER,2,card,False
ORD-20250868,Новосибирск,A,Одежда,mobile,True,False,2023-08-06 00:00:00,6,339.96,10.9,1817.44,1196.84,620.6,34.1,7.4,62.5,15,27,295.0,4153,12,4.0,NONE,9,wallet,False
ORD-20250869,Самара,C,Одежда,online,False,False,2023-08-06 06:00:00,3,116.07,12.9,303.29,159.02,144.27,47.6,9.0,37.3,9,21,396.0,283,6,5.0,NEWYEAR,7,cash,True
ORD-20250870,СПб,B,Спорт,mobile,False,False,2023-08-06 12:00:00,3,405.46,0.9,1205.42,599.62,605.8,50.3,10.0,58.3,15,66,256.0,5851,10,3.6,NONE,3,card,True
ORD-20250871,Самара,A,Спорт,mobile,False,False,2023-08-06 18:00:00,2,313.25,0.5,623.37,334.1,289.27,46.4,7.3,24.6,14,31,306.0,3722,13,4.8,NONE,2,credit,True
ORD-20250872,Самара,B,Одежда,mobile,False,False,2023-08-07 00:00:00,5,246.14,5.3,1165.46,750.18,415.28,35.6,6.0,44.1,16,51,486.0,7971,1,4.7,SALE20,8,cash,True
ORD-20250873,Новосибирск,B,Мебель,store,False,False,2023-08-07 06:00:00,1,251.26,8.7,229.4,106.13,123.27,53.7,7.9,10.9,9,67,609.0,7077,3,4.1,NONE,5,card,True
ORD-20250874,Самара,B,Электроника,mobile,False,False,2023-08-07 12:00:00,7,341.48,4.4,2285.2,1664.23,620.97,27.2,9.1,48.9,11,24,928.0,4064,9,4.6,SUMMER,10,credit,True
ORD-20250875,Казань,C,Спорт,online,True,False,2023-08-07 18:00:00,7,206.47,12.6,1263.16,779.71,483.45,38.3,9.3,54.2,16,36,427.0,2506,11,3.9,SALE20,7,card,False
ORD-20250876,СПб,B,Одежда,mobile,False,False,2023-08-08 00:00:00,7,223.04,15.0,1327.07,639.45,687.62,51.8,9.4,50.7,20,28,380.0,282,2,4.6,SALE20,7,card,True
ORD-20250877,СПб,B,Мебель,online,True,False,2023-08-08 06:00:00,7,330.85,20.1,1850.46,1234.14,616.32,33.3,9.0,40.6,16,31,434.0,726,1,3.8,SUMMER,7,cash,True
ORD-20250878,СПб,C,Мебель,online,False,False,2023-08-08 12:00:00,6,241.78,12.8,1265.0,678.06,586.94,46.4,8.5,105.6,12,64,492.0,624,8,4.4,NEWYEAR,6,wallet,True
ORD-20250879,Новосибирск,A,Спорт,mobile,True,False,2023-08-08 18:00:00,6,501.39,9.2,2731.55,1857.4,874.15,32.0,7.8,47.2,16,33,919.0,152,6,3.1,NONE,9,cash,False
ORD-20250880,Новосибирск,C,Спорт,store,False,False,2023-08-09 00:00:00,3,180.08,23.1,415.45,296.66,118.79,28.6,7.7,27.7,11,30,449.0,3897,1,4.8,NEWYEAR,4,cash,False
ORD-20250881,Новосибирск,C,Одежда,mobile,False,False,2023-08-09 06:00:00,2,367.87,10.9,655.54,394.06,261.48,39.9,10.0,43.3,10,23,289.0,3131,3,4.9,SALE20,6,cash,False
ORD-20250882,Новосибирск,B,Продукты,store,False,False,2023-08-09 12:00:00,1,291.97,7.0,271.53,137.22,134.31,49.5,9.6,17.4,8,57,522.0,892,11,4.8,NONE,1,credit,True
ORD-20250883,Казань,C,Мебель,mobile,False,False,2023-08-09 18:00:00,1,300.76,1.9,295.04,174.59,120.45,40.8,8.8,53.7,8,35,462.0,7877,7,3.8,SUMMER,1,wallet,False
ORD-20250884,Самара,C,Продукты,online,False,False,2023-08-10 00:00:00,5,178.69,4.6,852.33,529.6,322.73,37.9,9.1,21.1,12,21,440.0,7338,6,5.0,NONE,9,cash,False
ORD-20250885,Москва,C,Одежда,online,False,False,2023-08-10 06:00:00,2,131.35,17.3,217.25,121.21,96.04,44.2,10.0,8.2,11,34,402.0,5425,7,3.2,NONE,3,wallet,True
ORD-20250886,Москва,A,Одежда,mobile,True,False,2023-08-10 12:00:00,2,373.72,5.0,710.06,483.41,226.65,31.9,7.9,12.8,10,63,1023.0,7170,9,4.9,SUMMER,5,cash,False
ORD-20250887,СПб,A,Продукты,store,False,False,2023-08-10 18:00:00,7,409.99,9.1,2608.78,1386.41,1222.37,46.9,8.4,23.2,18,32,365.0,4067,6,3.9,NONE,9,wallet,False
ORD-20250888,Москва,B,Спорт,online,False,False,2023-08-11 00:00:00,2,161.25,0.7,320.25,224.95,95.3,29.8,7.9,40.3,11,60,242.0,3259,4,4.9,NONE,5,wallet,True
ORD-20250889,Самара,B,Электроника,online,False,False,2023-08-11 06:00:00,2,379.6,9.5,687.08,399.37,287.71,41.9,9.6,52.0,13,22,352.0,1642,1,3.3,SALE20,6,wallet,True
ORD-20250890,Новосибирск,B,Одежда,online,False,False,2023-08-11 12:00:00,4,219.59,16.2,736.06,460.74,275.32,37.4,7.1,12.6,13,35,367.0,5129,13,4.7,NEWYEAR,4,cash,False
ORD-20250891,Москва,A,Мебель,mobile,False,False,2023-08-11 18:00:00,2,467.15,5.5,882.92,412.15,470.77,53.3,10.0,28.9,8,48,269.0,7602,4,4.0,NONE,4,wallet,True
ORD-20250892,Самара,B,Продукты,online,False,False,2023-08-12 00:00:00,1,151.17,0.1,151.01,77.47,73.54,48.7,7.7,37.1,2,18,414.0,7592,12,3.9,NEWYEAR,1,card,True
ORD-20250893,СПб,B,Продукты,mobile,True,False,2023-08-12 06:00:00,5,247.29,20.8,979.28,569.52,409.76,41.8,7.7,23.3,14,53,852.0,337,4,3.4,NEWYEAR,7,cash,True
ORD-20250894,Казань,B,Одежда,online,True,False,2023-08-12 12:00:00,4,182.71,18.0,599.28,402.53,196.75,32.8,7.7,33.7,11,69,269.0,38,10,3.3,NONE,8,card,False
ORD-20250895,СПб,B,Спорт,mobile,True,False,2023-08-12 18:00:00,4,215.26,24.8,647.5,480.05,167.45,25.9,9.2,21.4,18,54,257.0,277,7,4.5,NEWYEAR,5,card,False
ORD-20250896,Москва,B,Спорт,online,False,False,2023-08-13 00:00:00,2,341.21,3.4,659.22,311.0,348.22,52.8,10.0,9.8,10,60,602.0,1309,4,4.7,NONE,4,cash,True
ORD-20250897,Самара,B,Спорт,online,True,True,2023-08-13 06:00:00,5,86.67,16.9,360.12,263.28,96.84,26.9,7.1,37.1,12,26,413.0,2387,6,3.9,SUMMER,5,credit,True
ORD-20250898,СПб,B,Одежда,online,False,False,2023-08-13 12:00:00,4,130.27,6.4,487.72,264.55,223.17,45.8,8.3,37.3,10,43,384.0,4374,9,3.4,SUMMER,4,wallet,False
ORD-20250899,Казань,B,Мебель,mobile,False,False,2023-08-13 18:00:00,4,186.29,12.6,651.27,485.07,166.2,25.5,6.8,113.2,9,51,689.0,3638,3,3.9,SALE20,4,wallet,False
ORD-20250900,Казань,B,Спорт,online,False,False,2023-08-14 00:00:00,7,143.84,18.7,818.58,379.33,439.25,53.7,7.4,29.4,13,41,358.0,5531,12,4.0,NONE,8,credit,True
ORD-20250901,Казань,B,Одежда,mobile,False,False,2023-08-14 06:00:00,5,95.5,4.2,457.43,275.69,181.74,39.7,10.0,22.4,11,64,239.0,7116,8,4.8,NONE,8,card,False
ORD-20250902,Москва,A,Одежда,mobile,False,False,2023-08-14 12:00:00,7,574.44,11.6,3554.64,2428.74,1125.9,31.7,7.1,61.3,14,58,616.0,503,4,5.0,NEWYEAR,7,credit,True
ORD-20250903,Самара,B,Мебель,online,False,False,2023-08-14 18:00:00,7,89.56,6.7,584.92,324.71,260.21,44.5,10.0,25.7,19,68,436.0,5695,7,5.0,NONE,11,wallet,False
ORD-20250904,Москва,B,Электроника,mobile,False,False,2023-08-15 00:00:00,1,324.45,3.9,311.79,231.39,80.4,25.8,8.2,31.9,5,55,427.0,4899,10,4.1,NONE,4,cash,False
ORD-20250905,Самара,B,Мебель,store,False,False,2023-08-15 06:00:00,2,231.12,18.1,378.57,275.38,103.19,27.3,7.4,23.7,16,64,205.0,3164,3,3.9,NONE,2,wallet,False
ORD-20250906,Самара,C,Спорт,mobile,False,False,2023-08-15 12:00:00,5,67.57,6.5,315.89,173.54,142.35,45.1,9.0,16.9,14,58,300.0,5568,11,4.5,NEWYEAR,7,cash,True
ORD-20250907,СПб,C,Продукты,mobile,True,False,2023-08-15 18:00:00,1,116.46,13.2,101.09,45.61,55.48,54.9,10.0,17.6,11,25,413.0,5202,2,4.0,NONE,3,cash,False
ORD-20250908,СПб,C,Спорт,mobile,True,False,2023-08-16 00:00:00,6,47.72,17.3,236.79,119.01,117.78,49.7,7.6,43.4,18,63,292.0,2238,10,5.0,NONE,10,credit,True
ORD-20250909,Москва,B,Продукты,online,False,True,2023-08-16 06:00:00,3,56.97,11.1,151.93,69.85,82.08,54.0,9.8,18.8,17,67,655.0,5797,2,3.8,SUMMER,6,wallet,False
ORD-20250910,Казань,B,Продукты,store,False,False,2023-08-16 12:00:00,3,185.87,3.3,539.2,352.59,186.61,34.6,8.5,36.2,10,51,436.0,3220,11,4.1,SUMMER,7,wallet,True
ORD-20250911,Москва,B,Спорт,online,False,False,2023-08-16 18:00:00,4,380.02,0.3,1515.5,746.08,769.42,50.8,10.0,37.7,14,34,406.0,1496,1,4.9,SALE20,5,card,True
ORD-20250912,Казань,B,Мебель,online,True,False,2023-08-17 00:00:00,3,204.87,9.6,555.6,329.98,225.62,40.6,8.3,17.8,10,39,660.0,7872,11,4.5,NEWYEAR,3,credit,True
ORD-20250913,Москва,B,Электроника,online,False,False,2023-08-17 06:00:00,4,288.77,24.8,868.63,439.73,428.9,49.4,7.8,35.3,10,19,354.0,2707,1,4.7,NONE,5,credit,True
ORD-20250914,Новосибирск,B,Спорт,online,False,False,2023-08-17 12:00:00,6,72.78,24.3,330.59,234.75,95.84,29.0,7.9,26.4,16,18,522.0,4358,7,4.2,SUMMER,10,credit,True
ORD-20250915,Москва,A,Продукты,mobile,False,True,2023-08-17 18:00:00,4,618.63,11.2,2197.38,1182.97,1014.41,46.2,7.1,41.8,16,36,447.0,1930,2,3.3,SUMMER,8,cash,False
ORD-20250916,Самара,C,Одежда,online,False,False,2023-08-18 00:00:00,7,128.92,10.4,808.58,533.15,275.43,34.1,9.9,32.6,22,34,625.0,4329,3,3.5,NONE,9,credit,False
ORD-20250917,Казань,B,Спорт,store,False,False,2023-08-18 06:00:00,4,102.76,16.2,344.46,215.55,128.91,37.4,8.2,19.8,12,33,533.0,6640,5,3.3,NEWYEAR,5,wallet,False
ORD-20250918,СПб,B,Мебель,mobile,False,False,2023-08-18 12:00:00,6,183.26,20.8,870.85,489.98,380.87,43.7,7.5,81.8,7,29,574.0,2464,12,3.6,NONE,8,cash,True
ORD-20250919,Москва,B,Одежда,store,False,False,2023-08-18 18:00:00,4,485.11,14.5,1659.08,1124.8,534.28,32.2,8.3,77.1,12,53,365.0,7100,7,3.1,NONE,5,card,False
ORD-20250920,Самара,B,Спорт,mobile,False,False,2023-08-19 00:00:00,6,318.7,18.1,1566.09,758.5,807.59,51.6,7.8,79.0,12,37,357.0,3737,3,4.6,NONE,6,wallet,True
ORD-20250921,Самара,B,Спорт,mobile,True,False,2023-08-19 06:00:00,7,69.3,0.6,482.17,319.82,162.35,33.7,8.7,26.8,12,69,431.0,7158,7,4.3,SUMMER,7,credit,False
ORD-20250922,Самара,B,Электроника,store,False,False,2023-08-19 12:00:00,7,89.35,22.0,487.84,245.79,242.05,49.6,8.5,42.1,16,64,573.0,685,1,4.6,NONE,11,credit,False
ORD-20250923,Москва,A,Продукты,store,False,False,2023-08-19 18:00:00,1,537.22,13.5,464.69,220.53,244.16,52.5,10.0,40.4,5,55,521.0,4737,12,4.1,NEWYEAR,4,wallet,True
ORD-20250924,Новосибирск,B,Мебель,mobile,False,False,2023-08-20 00:00:00,2,424.23,12.3,744.11,550.92,193.19,26.0,8.0,21.0,11,61,611.0,6058,11,4.2,SALE20,5,cash,True
ORD-20250925,Новосибирск,A,Продукты,online,False,False,2023-08-20 06:00:00,7,70.56,5.4,467.22,234.36,232.86,49.8,7.9,48.0,13,53,319.0,2842,12,5.0,NONE,9,card,False
ORD-20250926,Самара,B,Продукты,online,True,False,2023-08-20 12:00:00,6,153.95,3.4,892.32,472.41,419.91,47.1,9.9,65.0,15,29,263.0,4932,3,4.9,SALE20,7,wallet,True
ORD-20250927,Москва,B,Спорт,online,False,False,2023-08-20 18:00:00,5,33.15,9.2,150.51,68.19,82.32,54.7,10.0,33.5,13,26,369.0,4063,3,4.8,NONE,9,cash,True
ORD-20250928,Казань,B,Продукты,online,False,False,2023-08-21 00:00:00,5,70.89,23.0,272.94,178.26,94.68,34.7,5.6,57.7,9,44,345.0,3405,2,4.5,SALE20,9,cash,False
ORD-20250929,СПб,A,Электроника,mobile,False,False,2023-08-21 06:00:00,1,108.54,14.0,93.34,63.28,30.06,32.2,6.5,18.6,8,55,307.0,7033,12,5.0,NONE,3,cash,True
ORD-20250930,Самара,C,Спорт,online,False,False,2023-08-21 12:00:00,4,168.17,10.3,603.39,275.26,328.13,54.4,10.0,29.4,14,45,411.0,1211,8,5.0,NEWYEAR,8,card,False
ORD-20250931,Самара,A,Одежда,mobile,False,True,2023-08-21 18:00:00,1,22.69,3.5,21.9,13.25,8.65,39.5,8.4,19.2,10,32,268.0,5450,8,4.3,SUMMER,2,cash,False
ORD-20250932,Новосибирск,B,Электроника,store,False,False,2023-08-22 00:00:00,5,359.5,1.5,1770.53,1247.2,523.33,29.6,8.0,57.5,11,21,358.0,206,8,4.7,NEWYEAR,5,cash,True
ORD-20250933,Новосибирск,B,Одежда,online,False,False,2023-08-22 06:00:00,5,207.61,15.2,880.29,604.01,276.28,31.4,7.8,22.0,8,32,304.0,6663,10,3.4,SUMMER,5,cash,True
ORD-20250934,Новосибирск,B,Спорт,store,True,True,2023-08-22 12:00:00,5,206.63,24.0,785.19,542.69,242.5,30.9,6.6,20.3,11,64,280.0,3535,12,3.4,NONE,6,card,False
ORD-20250935,Москва,A,Спорт,store,False,False,2023-08-22 18:00:00,5,673.89,11.2,2992.07,1407.64,1584.43,53.0,7.0,76.0,17,40,273.0,703,11,3.7,NONE,9,credit,True
ORD-20250936,Москва,C,Электроника,mobile,False,False,2023-08-23 00:00:00,7,129.18,5.9,850.94,455.16,395.78,46.5,7.7,22.7,17,65,302.0,1999,4,3.3,NEWYEAR,7,wallet,False
ORD-20250937,Новосибирск,B,Электроника,mobile,False,False,2023-08-23 06:00:00,4,30.21,9.4,109.5,66.39,43.11,39.4,7.7,69.4,15,64,549.0,4241,6,4.5,NONE,7,wallet,False
ORD-20250938,Самара,B,Спорт,store,False,False,2023-08-23 12:00:00,6,208.38,12.8,1090.25,657.69,432.56,39.7,7.7,51.6,14,25,399.0,4843,13,4.9,SALE20,6,card,True
ORD-20250939,Самара,B,Электроника,online,False,True,2023-08-23 18:00:00,4,238.85,18.8,775.8,525.42,250.38,32.3,6.8,30.7,12,29,467.0,6510,6,3.9,SALE20,6,cash,True
ORD-20250940,СПб,B,Продукты,mobile,True,False,2023-08-24 00:00:00,6,240.56,11.3,1280.26,929.35,350.91,27.4,6.0,96.9,17,45,412.0,6900,11,5.0,NONE,10,cash,False
ORD-20250941,Казань,B,Одежда,mobile,False,False,2023-08-24 06:00:00,2,237.23,23.2,364.38,242.32,122.06,33.5,6.9,24.3,16,64,576.0,4247,10,5.0,NONE,4,card,False
ORD-20250942,Самара,C,Электроника,online,False,False,2023-08-24 12:00:00,4,130.35,16.0,437.98,260.38,177.6,40.5,9.6,19.5,13,31,546.0,1436,13,5.0,NEWYEAR,6,credit,True
ORD-20250943,Самара,B,Мебель,store,False,False,2023-08-24 18:00:00,5,277.64,3.0,1346.55,844.47,502.08,37.3,7.9,75.0,12,43,553.0,2443,11,3.4,NONE,5,credit,True
ORD-20250944,Новосибирск,A,Электроника,online,False,False,2023-08-25 00:00:00,7,611.3,2.9,4154.97,1874.46,2280.51,54.9,9.4,52.7,17,39,415.0,5563,8,4.3,SALE20,11,credit,False
ORD-20250945,СПб,B,Одежда,online,False,False,2023-08-25 06:00:00,7,185.57,13.8,1119.7,655.25,464.45,41.5,10.0,33.4,19,21,441.0,2814,6,4.3,SUMMER,9,cash,False
ORD-20250946,Новосибирск,B,Мебель,store,True,True,2023-08-25 12:00:00,2,272.15,20.1,434.9,210.54,224.36,51.6,7.7,31.6,9,45,279.0,3846,1,4.7,NEWYEAR,4,card,False
ORD-20250947,СПб,A,Одежда,mobile,False,False,2023-08-25 18:00:00,3,595.42,13.3,1548.68,1036.78,511.9,33.1,10.0,24.4,15,53,338.0,527,4,3.4,NEWYEAR,3,card,True
ORD-20250948,Самара,C,Спорт,online,False,False,2023-08-26 00:00:00,1,153.98,20.1,123.03,84.2,38.83,31.6,8.6,21.1,10,51,600.0,5287,6,3.6,NONE,1,wallet,True
ORD-20250949,Москва,A,Продукты,mobile,True,False,2023-08-26 06:00:00,5,107.51,2.0,526.79,395.04,131.75,25.0,8.2,30.4,12,52,358.0,7047,9,3.8,NONE,8,cash,False
ORD-20250950,СПб,C,Электроника,online,False,False,2023-08-26 12:00:00,1,166.43,8.2,152.78,89.96,62.82,41.1,8.3,3.9,6,59,404.0,7493,13,3.7,NEWYEAR,5,credit,True
ORD-20250951,Москва,B,Мебель,mobile,False,False,2023-08-26 18:00:00,1,257.25,1.2,254.16,121.01,133.15,52.4,10.0,26.7,16,68,568.0,5571,11,3.4,NONE,5,card,True
ORD-20250952,СПб,B,Мебель,store,True,True,2023-08-27 00:00:00,6,435.61,8.9,2381.03,1170.62,1210.41,50.8,8.3,28.1,22,67,491.0,704,3,3.5,SALE20,8,credit,True
ORD-20250953,Казань,B,Продукты,mobile,False,False,2023-08-27 06:00:00,4,427.97,14.2,1468.78,1060.89,407.89,27.8,7.2,19.6,15,34,448.0,7217,10,4.9,NONE,8,cash,False
ORD-20250954,Новосибирск,A,Спорт,store,True,False,2023-08-27 12:00:00,2,541.19,23.1,832.34,423.46,408.88,49.1,10.0,15.8,8,25,405.0,3655,12,4.2,NONE,5,credit,False
ORD-20250955,Москва,B,Мебель,online,False,False,2023-08-27 18:00:00,6,197.51,11.5,1048.77,586.18,462.59,44.1,8.2,31.9,14,23,617.0,1302,6,4.4,SALE20,6,credit,False
ORD-20250956,Казань,B,Мебель,mobile,False,False,2023-08-28 00:00:00,6,145.7,9.4,792.02,388.11,403.91,51.0,8.5,29.0,11,58,342.0,407,4,4.7,NONE,8,wallet,True
ORD-20250957,Москва,A,Мебель,mobile,True,False,2023-08-28 06:00:00,6,316.83,17.0,1577.81,1097.65,480.16,30.4,6.9,71.8,16,41,507.0,1869,3,4.5,SALE20,8,cash,True
ORD-20250958,Москва,B,Одежда,online,False,False,2023-08-28 12:00:00,6,166.6,18.0,819.66,442.91,376.75,46.0,6.1,24.4,14,43,399.0,535,2,4.4,NONE,9,wallet,False
ORD-20250959,Москва,A,Спорт,store,False,False,2023-08-28 18:00:00,4,686.23,4.3,2626.87,1475.49,1151.38,43.8,10.0,34.2,12,32,553.0,4347,7,4.5,NONE,7,cash,False
ORD-20250960,Казань,B,Мебель,online,False,False,2023-08-29 00:00:00,7,51.36,17.5,296.62,199.55,97.07,32.7,7.7,48.2,15,31,573.0,5291,13,4.3,NONE,8,credit,False
ORD-20250961,Самара,B,Мебель,store,False,False,2023-08-29 06:00:00,4,257.84,13.5,892.14,561.35,330.79,37.1,9.5,74.4,9,46,466.0,742,4,4.4,SALE20,6,credit,True
ORD-20250962,СПб,C,Электроника,online,False,False,2023-08-29 12:00:00,5,148.67,12.7,648.93,407.94,240.99,37.1,8.0,65.2,14,31,679.0,5652,1,4.3,NEWYEAR,5,wallet,False
ORD-20250963,Самара,C,Мебель,store,False,False,2023-08-29 18:00:00,1,291.36,24.5,219.98,102.33,117.65,53.5,7.9,10.3,11,47,588.0,4977,5,3.9,NONE,4,wallet,True
ORD-20250964,Казань,A,Электроника,store,False,False,2023-08-30 00:00:00,4,423.12,19.3,1365.84,704.06,661.78,48.5,7.7,38.4,12,57,397.0,6348,1,4.4,SALE20,6,card,True
ORD-20250965,Самара,C,Одежда,store,True,False,2023-08-30 06:00:00,3,29.61,20.4,70.72,37.67,33.05,46.7,9.1,39.6,4,35,486.0,2590,9,4.8,SALE20,5,wallet,False
ORD-20250966,Казань,A,Продукты,mobile,True,False,2023-08-30 12:00:00,6,475.88,20.5,2269.95,1699.02,570.93,25.2,6.3,66.4,10,47,494.0,583,2,4.2,NONE,10,credit,False
ORD-20250967,Новосибирск,B,Спорт,online,True,False,2023-08-30 18:00:00,5,251.39,16.2,1053.31,544.99,508.32,48.3,9.1,16.7,18,67,652.0,1346,5,4.6,NONE,5,cash,True
ORD-20250968,Самара,C,Электроника,online,True,False,2023-08-31 00:00:00,5,233.96,0.6,1162.76,653.45,509.31,43.8,9.2,37.4,10,58,249.0,2021,10,3.7,SALE20,6,cash,False
ORD-20250969,Новосибирск,B,Спорт,mobile,False,False,2023-08-31 06:00:00,6,54.85,9.2,298.85,151.75,147.1,49.2,7.7,21.5,20,27,685.0,2722,11,4.7,SALE20,6,cash,False
ORD-20250970,Новосибирск,C,Продукты,online,False,False,2023-08-31 12:00:00,5,194.84,19.2,787.15,466.15,321.0,40.8,7.5,35.6,13,34,240.0,3796,1,4.1,SUMMER,7,wallet,False
ORD-20250971,СПб,B,Продукты,online,False,False,2023-08-31 18:00:00,1,268.89,4.5,256.79,115.56,141.23,55.0,9.5,11.9,8,29,533.0,7541,6,5.0,SALE20,4,wallet,False
ORD-20250972,СПб,C,Спорт,online,False,False,2023-09-01 00:00:00,2,61.24,23.9,93.21,64.41,28.8,30.9,7.0,79.5,9,45,531.0,5200,5,4.0,NONE,4,credit,True
ORD-20250973,СПб,B,Продукты,mobile,False,False,2023-09-01 06:00:00,7,311.18,0.2,2173.89,1553.97,619.92,28.5,10.0,68.7,12,38,412.0,4881,3,4.6,NEWYEAR,11,credit,False
ORD-20250974,Самара,A,Электроника,mobile,False,False,2023-09-01 12:00:00,5,637.53,14.0,2741.36,1636.92,1104.44,40.3,8.6,38.3,15,32,564.0,6782,4,4.7,NONE,5,cash,False
ORD-20250975,Казань,A,Электроника,mobile,False,False,2023-09-01 18:00:00,7,31.42,2.1,215.34,151.5,63.84,29.6,8.1,26.5,17,46,278.0,4973,6,4.4,NEWYEAR,7,card,False
ORD-20250976,Казань,B,Одежда,mobile,False,True,2023-09-02 00:00:00,1,133.91,19.0,108.47,48.97,59.5,54.9,8.4,56.7,11,47,325.0,1099,11,4.8,NEWYEAR,5,wallet,False
ORD-20250977,Москва,B,Спорт,mobile,False,False,2023-09-02 06:00:00,2,171.26,15.4,289.76,168.41,121.35,41.9,8.0,15.3,7,45,293.0,6086,5,4.1,NONE,3,credit,True
ORD-20250978,Казань,B,Одежда,store,True,False,2023-09-02 12:00:00,5,276.68,10.1,1243.68,623.17,620.51,49.9,8.3,53.5,16,39,343.0,4801,5,2.9,NONE,9,card,False
ORD-20250979,Москва,B,Электроника,online,False,False,2023-09-02 18:00:00,1,372.65,2.5,363.33,206.06,157.27,43.3,8.1,11.5,9,54,675.0,6647,5,3.4,NONE,2,wallet,True
ORD-20250980,Новосибирск,B,Электроника,mobile,False,False,2023-09-03 00:00:00,1,333.89,11.3,296.16,170.77,125.39,42.3,9.3,41.5,10,30,729.0,5537,12,5.0,NONE,3,card,False
ORD-20250981,Новосибирск,B,Продукты,online,False,False,2023-09-03 06:00:00,3,236.29,8.7,647.21,423.05,224.16,34.6,10.0,68.9,11,22,430.0,4648,3,4.4,NONE,7,credit,False
ORD-20250982,Москва,A,Одежда,online,True,False,2023-09-03 12:00:00,5,672.54,4.7,3204.66,2213.31,991.35,30.9,7.8,21.5,15,21,480.0,626,10,4.3,NONE,5,card,False
ORD-20250983,Казань,B,Одежда,online,False,False,2023-09-03 18:00:00,7,177.51,4.6,1185.38,868.33,317.05,26.7,8.6,39.0,12,67,958.0,3636,4,5.0,NONE,8,card,False
ORD-20250984,Самара,B,Продукты,online,False,False,2023-09-04 00:00:00,7,394.18,21.2,2174.3,1173.91,1000.39,46.0,7.4,86.4,16,32,378.0,1835,11,4.3,SUMMER,10,cash,False
ORD-20250985,Казань,C,Одежда,mobile,False,False,2023-09-04 06:00:00,4,311.09,8.2,1142.34,750.24,392.1,34.3,8.4,18.1,18,20,341.0,781,10,4.0,NONE,6,cash,False
ORD-20250986,Москва,B,Электроника,mobile,False,False,2023-09-04 12:00:00,6,59.46,2.5,347.87,243.94,103.93,29.9,6.8,29.3,17,24,643.0,5465,4,4.5,NONE,7,credit,False
ORD-20250987,Самара,A,Продукты,mobile,False,False,2023-09-04 18:00:00,3,44.06,4.0,126.88,72.32,54.56,43.0,7.9,69.7,7,51,362.0,6194,10,5.0,NONE,6,card,False
ORD-20250988,Новосибирск,C,Мебель,mobile,False,True,2023-09-05 00:00:00,5,369.98,16.5,1544.66,954.92,589.74,38.2,7.0,74.1,10,34,303.0,669,3,4.1,NEWYEAR,6,card,False
ORD-20250989,Новосибирск,B,Продукты,online,True,False,2023-09-05 06:00:00,7,185.65,9.2,1179.98,774.1,405.88,34.4,8.1,50.2,12,45,632.0,1942,6,4.6,SUMMER,7,card,True
ORD-20250990,СПб,A,Спорт,online,True,True,2023-09-05 12:00:00,5,472.49,1.4,2329.38,1103.42,1225.96,52.6,8.2,38.7,10,57,768.0,6612,5,5.0,NONE,7,card,True
ORD-20250991,Новосибирск,B,Электроника,online,False,False,2023-09-05 18:00:00,1,24.33,1.4,23.99,15.27,8.72,36.3,6.1,23.3,10,30,367.0,1284,4,5.0,SUMMER,2,cash,False
ORD-20250992,Новосибирск,C,Электроника,online,False,False,2023-09-06 00:00:00,2,288.21,1.5,567.78,347.95,219.83,38.7,7.2,111.1,8,28,441.0,5655,8,4.7,SUMMER,2,card,True
ORD-20250993,Новосибирск,C,Электроника,online,True,False,2023-09-06 06:00:00,7,136.92,18.4,782.06,424.34,357.72,45.7,8.2,22.9,14,37,637.0,7477,9,4.1,NONE,11,card,False
ORD-20250994,Новосибирск,B,Электроника,online,False,True,2023-09-06 12:00:00,6,294.84,21.3,1392.23,1042.08,350.15,25.2,6.2,20.0,13,40,330.0,7345,12,5.0,NONE,6,wallet,False
ORD-20250995,СПб,C,Мебель,online,False,False,2023-09-06 18:00:00,6,25.15,21.1,119.05,56.49,62.56,52.5,7.9,92.4,12,43,650.0,5320,9,4.5,SUMMER,9,wallet,True
ORD-20250996,Казань,B,Мебель,online,False,False,2023-09-07 00:00:00,1,62.87,13.6,54.32,39.94,14.38,26.5,8.0,15.8,7,63,798.0,7884,5,4.6,NEWYEAR,3,card,False
ORD-20250997,Самара,C,Мебель,online,False,False,2023-09-07 06:00:00,3,309.99,9.8,838.84,537.93,300.91,35.9,7.3,9.6,14,20,273.0,4736,8,5.0,NEWYEAR,5,wallet,True
ORD-20250998,Новосибирск,C,Одежда,online,False,False,2023-09-07 12:00:00,4,211.15,7.9,777.89,363.91,413.98,53.2,9.2,14.6,12,60,261.0,7140,7,4.0,NONE,7,cash,True
ORD-20250999,Москва,B,Мебель,online,True,False,2023-09-07 18:00:00,6,390.72,18.6,1908.29,962.26,946.03,49.6,10.0,70.9,22,36,234.0,5527,10,5.0,NONE,9,credit,True
ORD-20251000,Москва,B,Электроника,online,False,False,2023-09-08 00:00:00,1,89.03,20.2,71.05,48.64,22.41,31.5,7.1,7.0,6,63,363.0,2872,9,4.6,NONE,2,wallet,True
ORD-20251001,Новосибирск,B,Спорт,online,True,False,2023-09-08 06:00:00,6,170.61,23.5,783.11,398.45,384.66,49.1,8.0,27.2,11,39,270.0,2829,6,4.7,NONE,9,credit,False
ORD-20251002,Самара,B,Одежда,mobile,True,False,2023-09-08 12:00:00,5,427.06,24.6,1610.02,747.09,862.93,53.6,8.9,28.8,12,24,690.0,5820,7,4.5,SALE20,6,wallet,True
ORD-20251003,СПб,A,Электроника,online,False,False,2023-09-08 18:00:00,5,415.97,17.6,1713.78,1052.54,661.24,38.6,7.1,100.0,11,43,304.0,7076,9,4.8,NONE,6,cash,False
ORD-20251004,Новосибирск,B,Электроника,online,False,False,2023-09-09 00:00:00,7,337.85,4.8,2251.41,1687.6,563.81,25.0,7.3,45.2,17,58,380.0,2813,7,4.5,NEWYEAR,11,cash,False
ORD-20251005,СПб,C,Продукты,mobile,False,False,2023-09-09 06:00:00,6,83.37,24.1,379.67,214.06,165.61,43.6,7.9,28.4,13,43,516.0,3986,7,3.9,NEWYEAR,10,credit,True
ORD-20251006,Самара,B,Мебель,mobile,False,False,2023-09-09 12:00:00,5,282.35,3.1,1367.98,796.95,571.03,41.7,9.2,23.1,11,20,321.0,1826,5,4.2,SUMMER,6,wallet,False
ORD-20251007,Новосибирск,A,Продукты,mobile,False,False,2023-09-09 18:00:00,4,517.54,7.0,1925.25,1313.37,611.88,31.8,7.1,25.7,10,68,448.0,4349,5,4.8,NEWYEAR,5,card,False
ORD-20251008,Новосибирск,A,Одежда,online,False,False,2023-09-10 00:00:00,7,132.51,20.8,734.62,462.54,272.08,37.0,8.5,62.4,15,56,579.0,1488,11,4.8,SUMMER,9,card,False
ORD-20251009,Самара,C,Электроника,store,False,False,2023-09-10 06:00:00,6,117.52,12.9,614.17,326.17,288.0,46.9,10.0,53.5,11,63,1543.0,2702,2,4.3,NONE,8,wallet,False
ORD-20251010,Казань,C,Электроника,online,True,False,2023-09-10 12:00:00,3,10.77,6.1,30.34,18.64,11.7,38.6,6.3,26.1,12,66,520.0,712,5,3.9,SUMMER,4,cash,True
ORD-20251011,СПб,C,Спорт,store,False,False,2023-09-10 18:00:00,6,361.37,13.1,1884.19,1108.02,776.17,41.2,8.9,32.5,8,54,237.0,7830,3,5.0,NEWYEAR,6,wallet,True
ORD-20251012,Москва,B,Мебель,mobile,True,False,2023-09-11 00:00:00,4,448.95,19.3,1449.2,659.23,789.97,54.5,8.7,38.1,14,43,589.0,3739,3,4.5,SALE20,8,cash,True
ORD-20251013,Москва,B,Электроника,online,False,False,2023-09-11 06:00:00,7,55.18,6.8,359.97,173.59,186.38,51.8,8.9,96.6,12,68,505.0,3934,7,5.0,NONE,9,cash,True
ORD-20251014,Москва,B,Электроника,online,False,False,2023-09-11 12:00:00,3,417.81,12.5,1096.75,692.56,404.19,36.9,8.6,23.7,14,18,546.0,2807,3,4.9,NONE,4,cash,True
ORD-20251015,Казань,C,Продукты,online,True,False,2023-09-11 18:00:00,6,208.16,7.2,1159.05,573.32,585.73,50.5,10.0,26.6,16,35,430.0,284,3,4.3,NONE,9,credit,True
ORD-20251016,СПб,B,Одежда,mobile,True,False,2023-09-12 00:00:00,2,482.61,9.9,869.67,592.0,277.67,31.9,8.4,34.1,8,37,635.0,4092,12,4.4,NONE,2,cash,True
ORD-20251017,Казань,B,Электроника,store,False,False,2023-09-12 06:00:00,7,259.65,5.3,1721.19,1028.14,693.05,40.3,9.9,24.5,11,33,404.0,7182,13,4.2,NONE,9,cash,True
ORD-20251018,Казань,B,Продукты,store,False,False,2023-09-12 12:00:00,2,111.31,17.7,183.22,87.17,96.05,52.4,8.7,6.2,11,25,505.0,3337,6,4.7,NEWYEAR,5,credit,False
ORD-20251019,Самара,B,Продукты,store,False,False,2023-09-12 18:00:00,2,429.56,7.9,791.25,581.98,209.27,26.4,8.4,7.7,8,42,485.0,3329,5,3.2,NONE,5,wallet,True
ORD-20251020,Москва,A,Продукты,online,False,False,2023-09-13 00:00:00,7,657.51,12.7,4018.01,2818.64,1199.37,29.8,7.2,41.2,15,29,466.0,4186,8,4.8,NONE,10,wallet,True
ORD-20251021,Москва,B,Мебель,online,False,False,2023-09-13 06:00:00,2,270.03,20.1,431.51,276.89,154.62,35.8,7.8,16.1,10,53,392.0,4697,3,3.6,NONE,3,wallet,True
ORD-20251022,Москва,B,Одежда,mobile,False,False,2023-09-13 12:00:00,4,209.77,3.5,809.73,545.48,264.25,32.6,8.1,24.4,15,60,699.0,4937,4,3.9,SUMMER,8,cash,True
ORD-20251023,Самара,C,Мебель,online,False,False,2023-09-13 18:00:00,4,292.35,16.5,976.44,634.26,342.18,35.0,8.1,14.7,12,54,775.0,2126,13,5.0,NONE,6,cash,True
ORD-20251024,Новосибирск,B,Мебель,online,False,False,2023-09-14 00:00:00,6,51.24,8.3,281.92,127.96,153.96,54.6,7.3,18.2,17,49,968.0,1553,1,5.0,SALE20,9,wallet,True
ORD-20251025,СПб,B,Мебель,online,False,False,2023-09-14 06:00:00,2,422.92,12.2,742.65,472.48,270.17,36.4,6.9,36.1,11,51,471.0,258,11,5.0,NONE,3,card,False
ORD-20251026,Москва,B,Спорт,online,True,False,2023-09-14 12:00:00,3,431.8,17.9,1063.52,556.63,506.89,47.7,9.9,15.1,13,36,490.0,303,12,3.7,SALE20,3,cash,False
ORD-20251027,Новосибирск,C,Одежда,mobile,False,True,2023-09-14 18:00:00,7,116.21,23.1,625.59,459.41,166.18,26.6,8.8,59.7,11,28,502.0,752,4,3.9,NONE,11,wallet,True
ORD-20251028,СПб,C,Мебель,online,False,False,2023-09-15 00:00:00,7,11.65,21.5,64.01,36.66,27.35,42.7,6.0,45.6,18,33,326.0,7046,7,4.3,SUMMER,11,card,False
ORD-20251029,Самара,A,Электроника,online,False,False,2023-09-15 06:00:00,2,20.73,22.5,32.13,21.25,10.88,33.9,6.9,12.2,8,29,637.0,2287,9,4.3,NONE,5,card,False
ORD-20251030,Новосибирск,A,Одежда,online,False,False,2023-09-15 12:00:00,4,684.95,1.2,2706.91,1339.0,1367.91,50.5,8.6,17.6,12,46,402.0,6369,3,3.7,NONE,5,credit,True
ORD-20251031,Новосибирск,C,Мебель,mobile,True,False,2023-09-15 18:00:00,4,294.31,10.5,1053.61,623.65,429.96,40.8,8.8,43.9,11,34,567.0,6664,10,3.4,NONE,5,card,False
ORD-20251032,СПб,B,Спорт,online,False,False,2023-09-16 00:00:00,4,185.77,20.0,594.46,286.12,308.34,51.9,8.5,26.3,11,42,282.0,7266,12,5.0,SUMMER,6,wallet,True
ORD-20251033,Москва,B,Электроника,online,False,False,2023-09-16 06:00:00,4,445.81,20.3,1421.25,812.89,608.36,42.8,8.9,21.9,10,40,562.0,7932,7,3.3,NONE,4,card,True
ORD-20251034,Казань,B,Мебель,online,False,False,2023-09-16 12:00:00,1,447.21,10.5,400.25,247.4,152.85,38.2,6.8,19.1,4,51,749.0,3639,12,4.1,NONE,3,credit,True
ORD-20251035,Новосибирск,C,Одежда,online,True,False,2023-09-16 18:00:00,7,341.27,7.1,2219.28,1419.78,799.5,36.0,8.9,94.3,15,36,346.0,888,8,4.8,SUMMER,7,wallet,True
ORD-20251036,Казань,C,Продукты,mobile,True,False,2023-09-17 00:00:00,2,191.89,13.7,331.21,188.34,142.87,43.1,8.1,79.6,13,51,377.0,6689,1,4.3,SUMMER,5,wallet,True
ORD-20251037,Новосибирск,B,Спорт,online,False,False,2023-09-17 06:00:00,2,412.02,18.7,669.94,333.4,336.54,50.2,7.7,25.0,10,52,373.0,5155,11,4.9,SUMMER,2,cash,False
ORD-20251038,Новосибирск,B,Спорт,mobile,False,False,2023-09-17 12:00:00,6,28.44,17.3,141.13,91.44,49.69,35.2,8.4,33.3,17,44,373.0,3826,7,5.0,NONE,6,wallet,False
ORD-20251039,Казань,C,Продукты,mobile,False,False,2023-09-17 18:00:00,7,66.3,6.3,434.84,197.23,237.61,54.6,9.1,55.9,14,52,772.0,7490,7,3.6,SALE20,10,wallet,True
ORD-20251040,Новосибирск,B,Спорт,online,False,False,2023-09-18 00:00:00,7,319.91,0.0,2239.36,1550.98,688.38,30.7,8.4,49.4,14,31,475.0,3865,4,3.9,SALE20,10,wallet,True
ORD-20251041,Новосибирск,B,Продукты,mobile,False,False,2023-09-18 06:00:00,3,60.97,22.2,142.3,92.86,49.44,34.7,9.2,10.1,12,34,309.0,2479,6,3.0,NEWYEAR,3,wallet,False
ORD-20251042,Самара,C,Одежда,online,True,False,2023-09-18 12:00:00,6,23.43,11.1,124.95,85.25,39.7,31.8,8.1,52.0,11,54,327.0,2681,7,3.6,NONE,9,wallet,True
ORD-20251043,Самара,C,Спорт,mobile,False,False,2023-09-18 18:00:00,2,47.33,20.8,74.97,55.64,19.33,25.8,9.6,30.8,10,56,200.0,7417,10,4.0,NONE,3,wallet,True
ORD-20251044,Казань,B,Одежда,mobile,False,False,2023-09-19 00:00:00,3,232.67,21.8,545.83,299.19,246.64,45.2,5.4,33.6,14,44,334.0,3422,8,3.9,NONE,7,wallet,False
ORD-20251045,Новосибирск,C,Спорт,online,False,False,2023-09-19 06:00:00,2,186.95,23.5,286.04,174.43,111.61,39.0,7.8,11.2,9,37,275.0,3731,13,4.1,NEWYEAR,4,credit,False
ORD-20251046,СПб,B,Спорт,mobile,False,False,2023-09-19 12:00:00,2,463.74,8.8,845.87,541.17,304.7,36.0,7.0,6.3,11,20,280.0,5978,4,4.5,SALE20,2,card,False
ORD-20251047,Самара,B,Электроника,online,False,False,2023-09-19 18:00:00,7,216.68,16.5,1266.48,792.5,473.98,37.4,6.9,73.7,13,19,384.0,2769,12,3.9,SUMMER,7,wallet,False
ORD-20251048,Новосибирск,B,Мебель,online,True,False,2023-09-20 00:00:00,7,262.05,14.9,1561.02,999.22,561.8,36.0,7.3,44.6,9,57,295.0,948,10,4.6,SALE20,7,credit,False
ORD-20251049,Новосибирск,C,Спорт,online,False,False,2023-09-20 06:00:00,2,307.46,4.1,589.71,432.02,157.69,26.7,9.2,32.0,7,51,426.0,6524,9,3.8,SUMMER,3,card,True
ORD-20251050,Новосибирск,A,Одежда,online,False,False,2023-09-20 12:00:00,3,572.89,10.9,1531.34,911.42,619.92,40.5,8.0,77.6,8,39,524.0,5470,9,4.5,SUMMER,4,card,False
ORD-20251051,Москва,B,Продукты,online,False,False,2023-09-20 18:00:00,1,170.02,10.8,151.66,107.45,44.21,29.2,6.5,11.3,8,59,511.0,813,8,4.6,NONE,4,credit,True
ORD-20251052,Новосибирск,B,Спорт,online,False,False,2023-09-21 00:00:00,6,365.04,4.8,2085.11,1333.16,751.95,36.1,9.4,57.4,20,47,493.0,1493,2,3.8,NONE,8,credit,False
ORD-20251053,Москва,B,Мебель,mobile,False,True,2023-09-21 06:00:00,3,444.07,9.4,1206.99,826.5,380.49,31.5,6.7,32.2,11,53,164.0,3904,9,3.9,SUMMER,7,cash,False
ORD-20251054,СПб,A,Одежда,store,False,False,2023-09-21 12:00:00,5,578.85,10.9,2578.77,1414.14,1164.63,45.2,10.0,102.5,9,41,370.0,2426,4,4.0,SALE20,6,card,False
ORD-20251055,Казань,B,Одежда,store,False,False,2023-09-21 18:00:00,4,170.89,20.0,546.85,300.08,246.77,45.1,6.7,107.2,9,27,746.0,1631,1,4.6,NONE,6,cash,False
ORD-20251056,Москва,C,Электроника,store,False,False,2023-09-22 00:00:00,2,279.45,21.5,438.73,320.53,118.2,26.9,6.9,18.7,11,57,1050.0,7344,6,4.3,NONE,6,wallet,False
ORD-20251057,Самара,A,Спорт,mobile,False,False,2023-09-22 06:00:00,3,520.11,17.9,1281.03,896.59,384.44,30.0,9.9,48.3,13,40,618.0,3691,12,5.0,NONE,6,cash,True
ORD-20251058,Новосибирск,C,Спорт,mobile,False,False,2023-09-22 12:00:00,1,96.44,20.1,77.06,46.38,30.68,39.8,7.6,93.1,4,57,458.0,68,1,4.1,NONE,5,wallet,True
ORD-20251059,СПб,C,Мебель,online,True,False,2023-09-22 18:00:00,2,253.63,2.5,494.58,290.92,203.66,41.2,9.4,16.5,8,59,320.0,4216,1,4.3,SUMMER,6,wallet,True
ORD-20251060,СПб,A,Продукты,store,True,False,2023-09-23 00:00:00,6,74.31,13.9,383.9,201.68,182.22,47.5,8.5,19.6,15,39,737.0,2497,5,4.1,NONE,6,cash,True
ORD-20251061,Казань,A,Продукты,online,False,False,2023-09-23 06:00:00,3,202.07,6.5,566.79,290.34,276.45,48.8,9.1,42.2,9,21,420.0,4994,1,4.7,SALE20,3,cash,False
ORD-20251062,Москва,B,Одежда,mobile,False,False,2023-09-23 12:00:00,4,23.89,10.5,85.52,44.27,41.25,48.2,7.9,45.2,10,68,405.0,1302,1,3.9,SUMMER,4,credit,True
ORD-20251063,Москва,B,Одежда,mobile,False,False,2023-09-23 18:00:00,5,74.15,17.6,305.52,223.8,81.72,26.7,8.0,81.4,16,67,708.0,1134,1,3.6,SUMMER,9,cash,True
ORD-20251064,Новосибирск,B,Электроника,store,False,False,2023-09-24 00:00:00,7,62.16,23.7,331.99,175.95,156.04,47.0,9.8,43.0,14,65,130.0,1155,11,4.6,NONE,10,cash,False
ORD-20251065,Новосибирск,B,Одежда,online,True,False,2023-09-24 06:00:00,4,473.92,8.9,1726.96,1008.39,718.57,41.6,6.3,34.1,18,20,435.0,6436,10,3.6,NONE,8,wallet,True
ORD-20251066,Казань,B,Мебель,online,False,False,2023-09-24 12:00:00,7,90.28,14.4,540.93,354.09,186.84,34.5,6.9,39.8,17,38,248.0,6857,3,3.7,NONE,10,cash,False
ORD-20251067,Самара,C,Одежда,online,False,False,2023-09-24 18:00:00,5,34.15,2.7,166.16,106.95,59.21,35.6,8.0,21.3,12,27,558.0,7349,4,4.2,NONE,8,cash,False
ORD-20251068,Москва,C,Электроника,mobile,False,False,2023-09-25 00:00:00,1,283.22,17.1,234.79,159.96,74.83,31.9,6.7,13.9,15,52,854.0,1630,10,3.9,NONE,1,wallet,True
ORD-20251069,Москва,B,Продукты,mobile,False,False,2023-09-25 06:00:00,7,327.77,6.0,2156.74,1215.85,940.89,43.6,9.7,27.6,11,49,545.0,7080,6,4.6,NEWYEAR,9,card,True
ORD-20251070,Новосибирск,A,Спорт,online,False,True,2023-09-25 12:00:00,2,450.36,11.7,795.33,437.21,358.12,45.0,7.9,37.0,7,59,983.0,1061,5,4.0,NONE,6,wallet,False
ORD-20251071,Москва,A,Одежда,store,False,False,2023-09-25 18:00:00,6,625.87,8.1,3451.05,2073.35,1377.7,39.9,8.7,51.2,16,42,486.0,4592,4,4.8,NONE,8,wallet,True
ORD-20251072,Самара,B,Мебель,online,False,False,2023-09-26 00:00:00,7,336.56,1.3,2325.32,1489.18,836.14,36.0,10.0,27.0,13,50,796.0,2133,7,3.4,NONE,7,credit,True
ORD-20251073,Новосибирск,C,Мебель,store,False,False,2023-09-26 06:00:00,6,253.09,18.5,1237.61,926.2,311.41,25.2,5.2,89.0,18,49,237.0,5394,12,4.2,NONE,6,card,False
ORD-20251074,Самара,C,Одежда,store,True,False,2023-09-26 12:00:00,5,175.43,15.5,741.19,464.15,277.04,37.4,8.5,21.2,12,62,486.0,2641,3,4.2,NONE,6,card,False
ORD-20251075,СПб,B,Мебель,store,False,False,2023-09-26 18:00:00,3,287.18,20.4,685.8,466.57,219.23,32.0,7.4,33.6,7,41,263.0,7252,13,3.7,NONE,6,credit,False
ORD-20251076,Казань,B,Продукты,mobile,False,False,2023-09-27 00:00:00,5,385.32,23.7,1469.98,1069.2,400.78,27.3,7.0,57.0,16,20,521.0,4286,3,3.9,SALE20,9,card,False
ORD-20251077,Самара,C,Электроника,mobile,False,False,2023-09-27 06:00:00,4,139.47,10.3,500.43,225.69,274.74,54.9,8.1,54.9,12,61,393.0,856,6,5.0,SALE20,7,wallet,True
ORD-20251078,Казань,B,Продукты,mobile,False,True,2023-09-27 12:00:00,5,27.67,18.9,112.19,59.03,53.16,47.4,8.0,40.2,12,29,413.0,3523,7,3.7,NONE,8,wallet,False
ORD-20251079,Новосибирск,B,Одежда,mobile,False,False,2023-09-27 18:00:00,3,218.97,7.7,606.32,273.43,332.89,54.9,9.4,88.8,11,68,410.0,5654,11,3.7,SALE20,6,cash,True
ORD-20251080,Москва,C,Продукты,mobile,False,False,2023-09-28 00:00:00,5,146.01,10.8,651.2,469.53,181.67,27.9,7.6,56.0,12,68,680.0,4570,10,3.8,SUMMER,7,cash,True
ORD-20251081,Новосибирск,C,Электроника,mobile,True,False,2023-09-28 06:00:00,4,74.3,20.9,235.08,133.11,101.97,43.4,9.0,40.0,10,58,483.0,4547,4,4.5,NEWYEAR,8,card,True
ORD-20251082,Новосибирск,A,Электроника,online,False,False,2023-09-28 12:00:00,7,500.22,22.5,2713.7,1693.38,1020.32,37.6,6.4,64.2,15,35,482.0,3774,10,3.9,SALE20,10,credit,True
ORD-20251083,Москва,B,Одежда,online,False,False,2023-09-28 18:00:00,1,404.2,9.4,366.21,217.9,148.31,40.5,6.9,53.6,11,48,450.0,5744,9,4.8,NEWYEAR,1,cash,False
ORD-20251084,Казань,C,Продукты,online,False,False,2023-09-29 00:00:00,6,65.77,20.1,315.31,213.15,102.16,32.4,5.2,49.4,12,66,596.0,6286,1,4.5,NONE,10,credit,False
ORD-20251085,Самара,A,Продукты,mobile,True,False,2023-09-29 06:00:00,4,344.11,19.1,1113.55,624.1,489.45,44.0,8.4,15.7,16,37,409.0,1569,2,5.0,SUMMER,6,wallet,False
ORD-20251086,Новосибирск,A,Электроника,online,False,False,2023-09-29 12:00:00,5,237.72,4.7,1132.75,513.89,618.86,54.6,10.0,20.1,11,30,287.0,6779,6,4.5,SALE20,5,card,True
ORD-20251087,Новосибирск,A,Электроника,online,False,False,2023-09-29 18:00:00,4,403.63,15.6,1362.64,759.9,602.74,44.2,7.0,14.8,10,50,656.0,2379,12,3.6,SALE20,5,credit,True
ORD-20251088,Казань,B,Электроника,mobile,False,True,2023-09-30 00:00:00,1,56.03,12.4,49.08,29.01,20.07,40.9,6.9,69.6,8,66,375.0,723,11,3.5,NEWYEAR,5,credit,False
ORD-20251089,Москва,B,Электроника,store,False,False,2023-09-30 06:00:00,5,467.72,1.6,2301.18,1315.43,985.75,42.8,10.0,19.4,15,59,500.0,7333,6,4.2,NONE,7,wallet,True
ORD-20251090,Новосибирск,B,Спорт,online,True,False,2023-09-30 12:00:00,3,41.19,13.7,106.64,56.72,49.92,46.8,10.0,90.8,17,37,607.0,478,5,4.0,NONE,7,credit,True
ORD-20251091,Самара,A,Одежда,store,False,True,2023-09-30 18:00:00,2,578.25,24.5,873.16,418.21,454.95,52.1,10.0,73.7,7,58,291.0,746,10,4.4,SALE20,2,credit,True
ORD-20251092,Казань,C,Мебель,online,True,False,2023-10-01 00:00:00,7,79.01,19.5,445.2,204.09,241.11,54.2,9.2,88.7,15,63,322.0,5156,1,4.0,SALE20,9,wallet,True
ORD-20251093,Самара,C,Продукты,mobile,True,False,2023-10-01 06:00:00,2,290.8,5.0,552.53,399.65,152.88,27.7,9.0,33.3,9,18,252.0,7404,9,3.5,SUMMER,3,card,True
ORD-20251094,Москва,C,Спорт,store,False,False,2023-10-01 12:00:00,3,111.17,5.5,315.16,148.06,167.1,53.0,9.0,18.1,11,55,389.0,3159,9,5.0,SALE20,6,cash,True
ORD-20251095,Москва,A,Спорт,online,False,False,2023-10-01 18:00:00,3,555.79,8.0,1533.98,873.0,660.98,43.1,7.0,19.2,9,54,682.0,5765,11,4.5,NONE,3,card,False
ORD-20251096,Казань,C,Мебель,store,False,False,2023-10-02 00:00:00,4,344.01,0.4,1370.55,648.95,721.6,52.7,8.0,22.4,8,45,443.0,6101,13,4.8,NONE,4,cash,False
ORD-20251097,СПб,C,Спорт,mobile,True,False,2023-10-02 06:00:00,4,351.36,1.8,1380.13,667.06,713.07,51.7,9.5,22.6,11,28,787.0,2056,5,3.4,NONE,6,credit,True
ORD-20251098,Москва,B,Продукты,store,False,False,2023-10-02 12:00:00,5,433.14,18.0,1775.89,1144.1,631.79,35.6,9.0,18.5,11,60,509.0,7381,13,4.6,SALE20,9,credit,True
ORD-20251099,СПб,C,Одежда,online,False,False,2023-10-02 18:00:00,3,163.81,13.7,424.12,308.41,115.71,27.3,7.5,68.8,13,45,356.0,5553,8,3.6,SALE20,7,cash,True
ORD-20251100,Казань,B,Электроника,online,False,False,2023-10-03 00:00:00,3,220.08,17.4,545.36,302.38,242.98,44.6,9.1,19.2,15,65,340.0,6113,5,4.1,NONE,4,card,False
ORD-20251101,Москва,A,Продукты,mobile,False,False,2023-10-03 06:00:00,5,667.41,17.9,2739.71,1845.71,894.0,32.6,7.6,19.0,12,56,842.0,7196,8,5.0,NONE,5,credit,True
ORD-20251102,Самара,B,Мебель,mobile,True,False,2023-10-03 12:00:00,5,446.72,1.8,2193.39,1500.61,692.78,31.6,8.9,22.4,16,33,611.0,109,2,5.0,SALE20,6,wallet,False
ORD-20251103,Москва,B,Продукты,mobile,False,False,2023-10-03 18:00:00,5,247.62,23.6,945.9,607.37,338.53,35.8,8.5,57.6,21,67,416.0,1613,3,4.3,SUMMER,9,card,False
ORD-20251104,Самара,C,Одежда,online,True,False,2023-10-04 00:00:00,4,153.74,24.2,466.14,331.25,134.89,28.9,8.8,13.0,11,37,472.0,115,5,4.7,NONE,7,cash,True
ORD-20251105,СПб,B,Одежда,online,False,False,2023-10-04 06:00:00,1,56.16,0.9,55.66,28.16,27.5,49.4,9.8,45.7,7,19,374.0,5531,3,4.4,NEWYEAR,4,wallet,False
ORD-20251106,Москва,C,Одежда,online,False,False,2023-10-04 12:00:00,4,140.34,1.7,551.83,260.76,291.07,52.7,10.0,26.4,12,20,163.0,4845,11,4.8,NONE,4,card,True
ORD-20251107,Казань,C,Спорт,mobile,True,True,2023-10-04 18:00:00,2,180.61,20.5,287.16,168.51,118.65,41.3,7.8,9.7,14,35,463.0,7688,10,3.6,NONE,6,wallet,True
ORD-20251108,Самара,A,Электроника,online,False,False,2023-10-05 00:00:00,1,583.83,15.2,495.09,302.11,192.98,39.0,9.8,6.2,5,30,272.0,4499,11,4.6,SALE20,4,wallet,False
ORD-20251109,Новосибирск,B,Одежда,mobile,False,False,2023-10-05 06:00:00,5,168.78,24.8,634.62,356.41,278.21,43.8,8.7,25.9,14,21,387.0,2018,4,3.4,SUMMER,8,credit,False
ORD-20251110,Казань,B,Одежда,mobile,False,False,2023-10-05 12:00:00,4,158.27,6.2,593.83,431.46,162.37,27.3,5.9,91.0,12,62,270.0,5791,1,4.3,NONE,5,cash,False
ORD-20251111,Новосибирск,B,Продукты,mobile,False,False,2023-10-05 18:00:00,4,22.94,19.9,73.51,35.8,37.71,51.3,10.0,36.0,12,58,415.0,7324,9,4.1,NONE,6,card,True
ORD-20251112,Казань,B,Одежда,online,True,False,2023-10-06 00:00:00,6,29.4,13.1,153.31,111.9,41.41,27.0,6.6,42.0,13,19,300.0,941,6,5.0,NONE,6,cash,True
ORD-20251113,Новосибирск,C,Спорт,online,False,False,2023-10-06 06:00:00,3,304.46,13.9,786.42,453.57,332.85,42.3,8.1,21.7,6,26,459.0,1032,13,5.0,SALE20,5,card,False
ORD-20251114,СПб,B,Продукты,mobile,False,False,2023-10-06 12:00:00,3,90.44,5.2,257.2,180.04,77.16,30.0,9.3,27.6,14,61,590.0,1539,3,4.1,NONE,6,credit,True
ORD-20251115,Самара,B,Одежда,online,False,False,2023-10-06 18:00:00,2,483.54,15.2,820.08,461.99,358.09,43.7,7.5,33.1,11,24,507.0,5819,4,3.9,NONE,2,cash,False
ORD-20251116,СПб,A,Одежда,mobile,False,False,2023-10-07 00:00:00,1,55.27,10.3,49.58,29.87,19.71,39.8,8.4,20.1,2,21,248.0,3194,5,5.0,SALE20,5,wallet,False
ORD-20251117,Москва,B,Продукты,online,False,False,2023-10-07 06:00:00,7,405.08,5.5,2679.59,1759.0,920.59,34.4,9.2,45.8,19,23,230.0,383,12,4.4,SALE20,9,wallet,True
ORD-20251118,Москва,C,Одежда,mobile,False,False,2023-10-07 12:00:00,3,49.8,20.9,118.17,69.97,48.2,40.8,7.0,58.1,18,59,268.0,7469,13,4.9,NONE,6,credit,False
ORD-20251119,Казань,C,Спорт,online,False,False,2023-10-07 18:00:00,4,240.82,5.4,911.28,649.03,262.25,28.8,7.9,53.4,12,54,674.0,4231,7,4.2,SALE20,6,card,True
ORD-20251120,Москва,C,Электроника,online,False,False,2023-10-08 00:00:00,7,285.62,7.5,1849.37,1130.18,719.19,38.9,8.1,58.4,20,45,1073.0,1719,4,4.4,NEWYEAR,10,card,False
ORD-20251121,Самара,A,Одежда,online,False,False,2023-10-08 06:00:00,2,169.12,2.2,330.8,150.66,180.14,54.5,10.0,6.9,11,22,342.0,437,8,3.7,SALE20,5,credit,False
ORD-20251122,Москва,C,Продукты,mobile,False,False,2023-10-08 12:00:00,2,213.65,16.9,355.09,244.86,110.23,31.0,9.6,91.3,10,48,297.0,4622,1,4.7,NEWYEAR,4,credit,True
ORD-20251123,Новосибирск,C,Спорт,mobile,True,False,2023-10-08 18:00:00,6,294.42,7.1,1641.08,981.78,659.3,40.2,7.3,36.3,15,41,778.0,7814,4,3.8,NONE,8,credit,True
ORD-20251124,СПб,A,Одежда,mobile,False,False,2023-10-09 00:00:00,3,131.15,23.9,299.42,195.23,104.19,34.8,7.6,11.3,13,31,378.0,2191,6,3.6,NONE,4,card,False
ORD-20251125,Казань,C,Одежда,online,False,False,2023-10-09 06:00:00,2,199.51,18.5,325.2,177.9,147.3,45.3,7.7,21.1,6,26,433.0,6713,13,3.1,NONE,3,card,False
ORD-20251126,Самара,B,Одежда,store,False,False,2023-10-09 12:00:00,6,270.99,22.5,1260.12,831.27,428.85,34.0,7.6,46.0,13,19,477.0,1812,2,4.8,NONE,9,cash,True
ORD-20251127,Самара,B,Мебель,online,False,False,2023-10-09 18:00:00,2,386.18,4.9,734.51,489.7,244.81,33.3,10.0,27.5,4,50,340.0,6893,10,4.0,SALE20,3,credit,True
ORD-20251128,Новосибирск,B,Спорт,mobile,False,False,2023-10-10 00:00:00,1,187.11,16.0,157.17,117.81,39.36,25.0,7.9,69.1,8,53,328.0,5370,4,4.3,NONE,4,credit,True
ORD-20251129,Новосибирск,C,Электроника,mobile,False,False,2023-10-10 06:00:00,6,244.65,22.0,1144.95,640.53,504.42,44.1,7.4,50.9,16,25,433.0,7402,10,4.0,SALE20,9,credit,False
ORD-20251130,СПб,A,Мебель,store,False,False,2023-10-10 12:00:00,7,665.72,24.0,3541.63,1827.1,1714.53,48.4,6.6,53.8,19,32,379.0,4361,6,5.0,NEWYEAR,9,cash,True
ORD-20251131,Самара,C,Продукты,store,False,False,2023-10-10 18:00:00,7,268.03,16.3,1570.39,933.69,636.7,40.5,9.4,81.9,12,30,219.0,5762,12,4.3,NONE,9,card,True
ORD-20251132,Самара,A,Одежда,online,False,True,2023-10-11 00:00:00,1,26.3,23.7,20.07,13.2,6.87,34.2,7.0,12.2,7,68,312.0,1539,2,5.0,NONE,2,cash,True
ORD-20251133,Самара,A,Электроника,store,False,False,2023-10-11 06:00:00,4,117.5,3.7,452.6,269.08,183.52,40.5,7.9,43.0,19,62,423.0,2321,2,3.7,NEWYEAR,4,credit,False
ORD-20251134,СПб,A,Мебель,online,False,False,2023-10-11 12:00:00,7,287.12,1.0,1989.76,1409.75,580.01,29.1,8.8,29.2,14,23,358.0,7399,8,3.5,NONE,7,card,True
ORD-20251135,Новосибирск,B,Мебель,mobile,False,False,2023-10-11 18:00:00,5,208.15,11.6,920.01,679.84,240.17,26.1,8.4,29.4,8,18,545.0,7999,2,4.8,NONE,8,wallet,True
ORD-20251136,СПб,B,Электроника,online,False,False,2023-10-12 00:00:00,3,171.99,7.9,475.22,353.55,121.67,25.6,7.4,53.5,13,65,327.0,5220,12,4.2,NONE,3,card,True
ORD-20251137,Самара,B,Мебель,online,False,False,2023-10-12 06:00:00,3,227.13,23.1,523.99,255.59,268.4,51.2,7.3,19.1,10,19,923.0,2799,2,4.0,SUMMER,4,credit,True
ORD-20251138,Новосибирск,B,Продукты,mobile,False,False,2023-10-12 12:00:00,3,472.25,0.4,1411.09,738.08,673.01,47.7,10.0,14.7,10,29,456.0,3408,5,3.2,SALE20,7,cash,False
ORD-20251139,Москва,C,Продукты,store,False,False,2023-10-12 18:00:00,5,303.15,7.9,1396.02,751.58,644.44,46.2,9.7,101.6,17,56,461.0,6963,12,5.0,NONE,6,wallet,True
ORD-20251140,Казань,B,Продукты,online,False,True,2023-10-13 00:00:00,5,78.05,8.7,356.3,259.6,96.7,27.1,9.1,34.6,14,26,364.0,6127,7,4.0,SALE20,6,cash,False
ORD-20251141,Новосибирск,B,Спорт,online,False,False,2023-10-13 06:00:00,6,227.69,17.8,1122.98,768.53,354.45,31.6,7.3,29.8,11,29,402.0,6006,12,4.6,NONE,6,cash,False
ORD-20251142,Москва,B,Продукты,mobile,False,False,2023-10-13 12:00:00,2,343.98,0.0,687.96,334.63,353.33,51.4,8.6,8.2,11,54,210.0,4622,10,4.5,NONE,4,credit,False
ORD-20251143,Новосибирск,C,Спорт,mobile,False,False,2023-10-13 18:00:00,6,67.68,21.2,320.01,186.09,133.92,41.8,7.4,48.7,12,30,447.0,5082,6,4.3,SALE20,6,wallet,True
ORD-20251144,Новосибирск,B,Электроника,store,False,False,2023-10-14 00:00:00,4,34.84,23.4,106.75,77.8,28.95,27.1,5.4,48.8,11,50,982.0,6286,12,3.9,SALE20,7,credit,True
ORD-20251145,СПб,A,Мебель,online,False,False,2023-10-14 06:00:00,1,670.99,12.1,589.8,301.9,287.9,48.8,8.4,62.4,10,18,640.0,5376,9,4.8,SUMMER,1,wallet,True
ORD-20251146,Самара,B,Мебель,online,False,False,2023-10-14 12:00:00,6,394.48,2.7,2302.98,1418.76,884.22,38.4,8.0,38.1,15,67,233.0,6926,9,4.9,NEWYEAR,7,credit,True
ORD-20251147,Новосибирск,B,Мебель,mobile,True,False,2023-10-14 18:00:00,1,443.76,1.3,437.99,287.66,150.33,34.3,8.6,34.4,11,44,502.0,1,12,4.3,NEWYEAR,4,wallet,True
ORD-20251148,СПб,A,Одежда,online,False,False,2023-10-15 00:00:00,1,550.02,6.5,514.27,241.42,272.85,53.1,9.4,33.8,12,46,534.0,1216,2,4.0,SUMMER,3,card,True
ORD-20251149,Москва,C,Электроника,store,True,False,2023-10-15 06:00:00,5,257.04,3.4,1241.49,719.51,521.98,42.0,9.0,18.6,16,38,821.0,4586,5,4.2,NONE,8,credit,True
ORD-20251150,СПб,B,Электроника,online,False,False,2023-10-15 12:00:00,1,384.89,12.6,336.4,244.04,92.36,27.5,7.0,33.5,12,45,326.0,5175,6,3.6,SALE20,2,cash,False
ORD-20251151,Новосибирск,B,Одежда,online,False,False,2023-10-15 18:00:00,4,267.4,10.3,959.42,435.13,524.29,54.6,7.8,120.1,9,61,1115.0,758,4,4.3,SUMMER,8,wallet,True
ORD-20251152,Новосибирск,A,Электроника,online,False,False,2023-10-16 00:00:00,3,190.39,4.8,543.75,348.01,195.74,36.0,6.8,49.6,10,68,468.0,2155,5,5.0,SALE20,6,card,False
ORD-20251153,Новосибирск,C,Одежда,mobile,True,False,2023-10-16 06:00:00,7,42.21,20.8,234.02,166.68,67.34,28.8,7.6,29.2,18,23,321.0,7992,13,4.9,NONE,7,cash,False
ORD-20251154,Казань,B,Электроника,online,False,False,2023-10-16 12:00:00,3,302.78,15.0,772.09,447.03,325.06,42.1,8.5,10.3,7,42,233.0,6811,1,4.7,SUMMER,7,cash,True
ORD-20251155,СПб,A,Одежда,online,False,False,2023-10-16 18:00:00,1,164.49,15.7,138.67,73.17,65.5,47.2,6.9,52.0,7,69,426.0,1686,3,4.8,NONE,2,cash,True
ORD-20251156,Самара,A,Спорт,store,False,False,2023-10-17 00:00:00,1,578.62,17.1,479.67,320.42,159.25,33.2,9.5,18.6,8,58,486.0,578,8,5.0,NONE,2,cash,True
ORD-20251157,Новосибирск,B,Электроника,mobile,False,False,2023-10-17 06:00:00,7,272.19,21.6,1493.78,836.65,657.13,44.0,9.1,64.1,14,20,283.0,6790,7,3.9,SALE20,10,credit,False
ORD-20251158,Новосибирск,B,Одежда,store,False,False,2023-10-17 12:00:00,7,497.73,16.9,2895.3,1593.36,1301.94,45.0,7.2,24.0,14,65,574.0,4809,12,5.0,NONE,9,wallet,False
ORD-20251159,Москва,A,Одежда,online,False,False,2023-10-17 18:00:00,1,278.37,3.3,269.18,142.16,127.02,47.2,9.5,52.0,7,29,552.0,6328,8,4.8,NONE,3,credit,True
ORD-20251160,Самара,B,Продукты,online,False,True,2023-10-18 00:00:00,3,215.49,9.6,584.4,431.43,152.97,26.2,7.7,15.2,7,25,449.0,55,13,3.3,NONE,6,wallet,True
ORD-20251161,Новосибирск,B,Продукты,mobile,False,False,2023-10-18 06:00:00,1,142.05,13.0,123.59,83.25,40.34,32.6,8.3,27.2,12,25,317.0,5365,5,3.5,NONE,3,credit,False
ORD-20251162,Москва,B,Спорт,online,False,False,2023-10-18 12:00:00,6,150.13,4.6,859.36,422.45,436.91,50.8,9.5,25.0,16,29,450.0,2318,13,4.5,NONE,6,wallet,True
ORD-20251163,Самара,A,Электроника,store,False,False,2023-10-18 18:00:00,7,341.52,23.5,1828.83,986.17,842.66,46.1,8.9,23.0,10,58,934.0,4608,7,4.9,NONE,7,card,False
ORD-20251164,Самара,B,Одежда,store,True,False,2023-10-19 00:00:00,5,41.62,6.3,195.01,140.21,54.8,28.1,9.9,26.6,19,31,309.0,6153,2,4.0,NONE,7,wallet,True
ORD-20251165,Казань,C,Электроника,mobile,False,False,2023-10-19 06:00:00,4,313.78,19.3,1012.88,707.9,304.98,30.1,7.9,48.8,18,32,221.0,3424,11,4.2,NEWYEAR,4,cash,True
ORD-20251166,Самара,B,Электроника,store,False,False,2023-10-19 12:00:00,3,58.33,23.8,133.35,74.1,59.25,44.4,8.7,33.0,10,46,385.0,6303,3,5.0,NONE,7,cash,True
ORD-20251167,Новосибирск,C,Мебель,store,True,False,2023-10-19 18:00:00,3,340.66,6.9,951.47,630.59,320.88,33.7,10.0,15.3,15,19,323.0,6101,10,4.7,SALE20,6,cash,True
ORD-20251168,Самара,A,Одежда,mobile,True,False,2023-10-20 00:00:00,5,287.75,11.4,1274.72,612.18,662.54,52.0,8.4,60.3,12,35,213.0,1910,12,5.0,SUMMER,8,card,False
ORD-20251169,Москва,A,Одежда,online,True,False,2023-10-20 06:00:00,5,329.46,6.2,1545.16,764.37,780.79,50.5,8.1,46.0,12,45,526.0,3107,11,4.9,NONE,8,credit,False
ORD-20251170,Казань,C,Продукты,online,False,False,2023-10-20 12:00:00,4,361.83,20.6,1149.18,827.7,321.48,28.0,8.2,18.0,8,51,264.0,6817,4,5.0,SUMMER,5,card,False
ORD-20251171,Казань,B,Продукты,online,True,False,2023-10-20 18:00:00,3,372.12,19.9,894.2,548.16,346.04,38.7,6.5,13.7,10,30,253.0,6039,4,4.2,SALE20,3,cash,True
ORD-20251172,СПб,B,Продукты,mobile,False,False,2023-10-21 00:00:00,6,146.63,22.3,683.6,335.55,348.05,50.9,7.5,57.8,12,28,621.0,4000,2,5.0,SUMMER,10,wallet,False
ORD-20251173,Самара,B,Спорт,mobile,False,False,2023-10-21 06:00:00,7,159.74,1.6,1100.29,657.06,443.23,40.3,10.0,24.1,15,50,783.0,1463,4,3.9,NONE,11,credit,True
ORD-20251174,Казань,C,Мебель,mobile,True,False,2023-10-21 12:00:00,1,62.56,18.5,50.98,30.04,20.94,41.1,6.1,3.7,7,31,1258.0,138,8,4.7,SALE20,4,cash,True
ORD-20251175,Москва,C,Одежда,mobile,True,False,2023-10-21 18:00:00,6,242.26,14.5,1242.8,930.93,311.87,25.1,7.9,33.3,14,41,240.0,6550,4,4.4,NONE,9,credit,True
ORD-20251176,Самара,A,Электроника,mobile,False,False,2023-10-22 00:00:00,4,467.35,10.6,1671.26,759.4,911.86,54.6,7.5,14.4,19,67,523.0,6915,12,5.0,SUMMER,4,card,False
ORD-20251177,Москва,A,Электроника,online,False,False,2023-10-22 06:00:00,5,624.05,22.2,2427.55,1631.05,796.5,32.8,8.0,70.4,13,22,255.0,6160,7,5.0,NONE,6,credit,False
ORD-20251178,Новосибирск,C,Мебель,mobile,False,False,2023-10-22 12:00:00,6,111.92,21.7,525.81,355.92,169.89,32.3,9.7,104.3,13,64,460.0,4396,8,3.5,NONE,7,card,False
ORD-20251179,Самара,A,Мебель,online,False,False,2023-10-22 18:00:00,3,60.17,17.5,148.92,101.64,47.28,31.7,6.5,9.5,12,64,420.0,6096,3,4.9,SALE20,5,card,True
ORD-20251180,Новосибирск,B,Мебель,mobile,False,False,2023-10-23 00:00:00,2,117.8,4.3,225.46,154.05,71.41,31.7,5.8,8.8,8,69,190.0,1597,12,5.0,NONE,5,wallet,False
ORD-20251181,СПб,A,Мебель,online,False,False,2023-10-23 06:00:00,1,674.7,6.5,630.84,418.18,212.66,33.7,8.8,6.5,10,29,552.0,3268,13,5.0,NONE,2,credit,True
ORD-20251182,СПб,B,Мебель,online,True,False,2023-10-23 12:00:00,7,494.22,3.9,3324.64,1918.79,1405.85,42.3,8.2,59.4,17,41,447.0,2811,9,3.4,NONE,9,credit,True
ORD-20251183,Казань,B,Мебель,mobile,False,False,2023-10-23 18:00:00,6,183.17,6.4,1028.66,478.15,550.51,53.5,9.1,29.8,15,18,569.0,5616,11,4.9,NONE,10,cash,True
ORD-20251184,Новосибирск,A,Спорт,online,False,False,2023-10-24 00:00:00,6,350.08,19.3,1695.06,1254.81,440.25,26.0,7.8,43.7,14,38,270.0,7273,9,4.0,NONE,7,card,False
ORD-20251185,Самара,A,Продукты,mobile,False,False,2023-10-24 06:00:00,1,594.55,8.3,545.2,284.95,260.25,47.7,9.6,74.8,10,48,1042.0,4077,13,5.0,NONE,1,card,True
ORD-20251186,Казань,B,Спорт,mobile,False,False,2023-10-24 12:00:00,7,244.1,7.1,1587.37,859.67,727.7,45.8,9.6,62.6,16,59,497.0,3455,6,5.0,NONE,11,card,False
ORD-20251187,СПб,B,Мебель,online,False,False,2023-10-24 18:00:00,1,479.9,6.2,450.14,223.19,226.95,50.4,9.2,12.0,12,61,511.0,2153,4,5.0,SALE20,5,wallet,False
ORD-20251188,Самара,C,Продукты,mobile,True,False,2023-10-25 00:00:00,3,315.33,1.3,933.69,513.09,420.6,45.0,9.7,26.7,12,26,777.0,1861,7,5.0,NONE,7,cash,False
ORD-20251189,СПб,C,Одежда,online,False,True,2023-10-25 06:00:00,5,279.98,8.5,1280.92,702.39,578.53,45.2,8.6,85.9,14,43,445.0,3755,9,4.4,SALE20,8,credit,True
ORD-20251190,Москва,A,Электроника,mobile,True,True,2023-10-25 12:00:00,1,445.18,2.4,434.49,242.41,192.08,44.2,8.7,14.1,6,19,313.0,1151,11,4.2,SALE20,4,card,True
ORD-20251191,СПб,B,Одежда,online,True,False,2023-10-25 18:00:00,6,111.13,14.0,573.45,327.48,245.97,42.9,8.4,25.3,13,62,691.0,3202,12,4.9,SALE20,6,wallet,True
ORD-20251192,СПб,C,Продукты,store,False,False,2023-10-26 00:00:00,7,74.7,4.6,498.87,324.45,174.42,35.0,9.2,79.8,18,58,421.0,6696,1,4.5,SALE20,10,credit,False
ORD-20251193,Москва,B,Мебель,mobile,False,False,2023-10-26 06:00:00,3,434.62,6.8,1215.2,900.78,314.42,25.9,7.2,18.2,10,21,658.0,1294,6,4.3,SALE20,7,wallet,True
ORD-20251194,СПб,C,Спорт,store,False,True,2023-10-26 12:00:00,1,96.02,12.0,84.5,51.27,33.23,39.3,8.6,82.5,7,64,427.0,1827,9,3.7,SALE20,4,credit,True
ORD-20251195,Самара,C,Электроника,mobile,False,False,2023-10-26 18:00:00,5,97.01,9.5,438.96,328.44,110.52,25.2,7.2,23.2,6,32,1065.0,120,7,3.7,NONE,9,credit,False
ORD-20251196,СПб,B,Электроника,online,False,False,2023-10-27 00:00:00,6,424.57,8.0,2343.62,1093.37,1250.25,53.3,8.4,22.7,15,61,437.0,2740,2,4.6,NONE,6,cash,True
ORD-20251197,Москва,A,Мебель,mobile,False,False,2023-10-27 06:00:00,7,45.78,23.9,243.88,137.23,106.65,43.7,9.3,22.3,22,51,346.0,5235,1,5.0,NONE,10,credit,False
ORD-20251198,СПб,A,Электроника,mobile,True,False,2023-10-27 12:00:00,2,506.4,1.5,997.6,457.95,539.65,54.1,10.0,6.9,16,52,509.0,7892,10,5.0,NONE,2,card,False
ORD-20251199,Новосибирск,A,Спорт,mobile,False,False,2023-10-27 18:00:00,2,436.5,22.0,680.94,428.44,252.5,37.1,8.2,32.9,9,58,368.0,5928,13,4.4,NONE,4,credit,True
