timestamp,hour,day_of_week,month,is_weekend,outdoor_temp_c,energy_kwh,hvac_mode,occupancy_est,solar_gen_kwh,grid_import_kwh,is_anomaly,cost_rub
2024-01-01 00:00:00,0,0,1,False,7.6,6.032,heat,2,0.0,6.032,False,29.79
2024-01-01 01:00:00,1,0,1,False,3.9,6.22,heat,5,0.0,6.22,False,30.2
2024-01-01 02:00:00,2,0,1,False,7.3,5.964,heat,2,0.0,5.964,False,28.35
2024-01-01 03:00:00,3,0,1,False,2.5,6.642,heat,5,0.0,6.642,False,39.23
2024-01-01 04:00:00,4,0,1,False,3.0,6.255,heat,4,0.0,6.255,False,37.07
2024-01-01 05:00:00,5,0,1,False,8.1,5.169,heat,5,0.0,5.169,False,30.58
2024-01-01 06:00:00,6,0,1,False,7.5,4.74,heat,5,0.0,4.74,False,29.91
2024-01-01 07:00:00,7,0,1,False,9.2,6.065,heat,5,0.0,5.936,False,37.84
2024-01-01 08:00:00,8,0,1,False,4.4,7.409,heat,3,0.18,7.159,False,34.25
2024-01-01 09:00:00,9,0,1,False,8.9,6.628,heat,0,0.472,6.274,False,32.11
2024-01-01 10:00:00,10,0,1,False,6.3,7.87,heat,1,0.234,7.437,False,37.62
2024-01-01 11:00:00,11,0,1,False,6.2,7.1,heat,3,0.4,6.617,False,36.9
2024-01-01 12:00:00,12,0,1,False,2.4,7.772,heat,2,0.0,7.272,False,40.61
2024-01-01 13:00:00,13,0,1,False,7.0,7.39,heat,4,0.2,6.907,False,45.83
2024-01-01 14:00:00,14,0,1,False,4.2,7.814,heat,2,0.085,7.381,False,43.13
2024-01-01 15:00:00,15,0,1,False,10.6,6.618,off,3,0.356,6.264,False,39.09
2024-01-01 16:00:00,16,0,1,False,5.0,7.94,heat,6,0.171,7.69,False,37.77
2024-01-01 17:00:00,17,0,1,False,4.5,7.912,heat,7,0.0,7.783,False,37.88
2024-01-01 18:00:00,18,0,1,False,8.8,6.734,heat,4,0.0,6.734,False,31.34
2024-01-01 19:00:00,19,0,1,False,5.3,7.877,heat,4,0.011,7.877,False,38.12
2024-01-01 20:00:00,20,0,1,False,2.4,8.55,heat,8,0.0,8.55,False,42.72
2024-01-01 21:00:00,21,0,1,False,0.4,9.077,heat,4,0.121,9.077,False,51.26
2024-01-01 22:00:00,22,0,1,False,2.3,8.592,heat,8,0.0,8.592,False,50.0
2024-01-01 23:00:00,23,0,1,False,-0.5,7.392,heat,2,0.113,7.392,False,44.33
2024-01-02 00:00:00,0,1,1,False,4.7,5.797,heat,1,0.0,5.797,False,35.09
2024-01-02 01:00:00,1,1,1,False,7.6,5.416,heat,1,0.0,5.416,False,26.45
2024-01-02 02:00:00,2,1,1,False,3.3,6.315,heat,2,0.0,6.315,False,29.36
2024-01-02 03:00:00,3,1,1,False,12.6,3.78,off,2,0.0,3.78,False,20.1
2024-01-02 04:00:00,4,1,1,False,0.7,7.752,heat,3,0.091,7.752,False,49.6
2024-01-02 05:00:00,5,1,1,False,6.6,5.648,heat,3,0.0,5.648,False,31.02
2024-01-02 06:00:00,6,1,1,False,6.3,5.303,heat,0,0.0,5.303,False,32.33
2024-01-02 07:00:00,7,1,1,False,3.7,8.403,heat,4,0.064,8.274,False,52.86
2024-01-02 08:00:00,8,1,1,False,4.5,7.713,heat,4,0.231,7.463,False,43.16
2024-01-02 09:00:00,9,1,1,False,10.0,6.701,heat,2,0.293,6.347,False,33.03
2024-01-02 10:00:00,10,1,1,False,8.2,6.598,heat,2,0.144,6.165,False,39.68
2024-01-02 11:00:00,11,1,1,False,7.8,7.086,heat,2,0.122,6.603,False,40.31
2024-01-02 12:00:00,12,1,1,False,2.2,8.507,heat,2,0.114,8.007,False,54.71
2024-01-02 13:00:00,13,1,1,False,6.5,7.22,heat,2,0.179,6.737,False,41.11
2024-01-02 14:00:00,14,1,1,False,7.5,6.686,heat,6,0.296,6.253,False,42.29
2024-01-02 15:00:00,15,1,1,False,7.6,7.061,heat,3,0.138,6.707,False,38.04
2024-01-02 16:00:00,16,1,1,False,0.8,8.838,heat,5,0.0,8.588,False,57.26
2024-01-02 17:00:00,17,1,1,False,6.0,6.814,heat,1,0.27,6.685,False,36.5
2024-01-02 18:00:00,18,1,1,False,6.0,8.27,heat,7,0.124,8.27,False,40.87
2024-01-02 19:00:00,19,1,1,False,8.4,7.362,heat,5,0.0,7.362,False,40.77
2024-01-02 20:00:00,20,1,1,False,4.2,7.806,heat,4,0.0,7.806,False,35.38
2024-01-02 21:00:00,21,1,1,False,1.5,8.756,heat,10,0.0,8.756,False,52.21
2024-01-02 22:00:00,22,1,1,False,2.2,8.254,heat,5,0.0,8.254,False,49.1
2024-01-02 23:00:00,23,1,1,False,6.1,5.525,heat,4,0.0,5.525,False,34.42
2024-01-03 00:00:00,0,2,1,False,8.5,5.559,heat,2,0.0,5.559,False,33.02
2024-01-03 01:00:00,1,2,1,False,3.9,5.998,heat,3,0.0,5.998,False,27.42
2024-01-03 02:00:00,2,2,1,False,5.9,5.979,heat,1,0.0,5.979,False,37.53
2024-01-03 03:00:00,3,2,1,False,-1.1,7.323,heat,1,0.0,7.323,False,40.77
2024-01-03 04:00:00,4,2,1,False,-1.4,7.313,heat,3,0.0,7.313,False,41.82
2024-01-03 05:00:00,5,2,1,False,6.4,5.752,heat,3,0.1,5.752,False,30.65
2024-01-03 06:00:00,6,2,1,False,6.4,6.123,heat,1,0.0,6.123,False,32.76
2024-01-03 07:00:00,7,2,1,False,7.1,7.118,heat,2,0.064,6.989,False,37.42
2024-01-03 08:00:00,8,2,1,False,-1.3,9.143,heat,5,0.0,8.893,False,55.69
2024-01-03 09:00:00,9,2,1,False,9.4,5.741,heat,3,0.353,5.387,False,25.87
2024-01-03 10:00:00,10,2,1,False,3.3,7.89,heat,7,0.178,7.457,False,38.37
2024-01-03 11:00:00,11,2,1,False,3.2,7.44,heat,2,0.095,6.957,False,44.61
2024-01-03 12:00:00,12,2,1,False,7.0,7.073,heat,3,0.432,6.573,False,37.61
2024-01-03 13:00:00,13,2,1,False,5.2,7.486,heat,2,0.186,7.003,False,40.03
2024-01-03 14:00:00,14,2,1,False,10.1,6.257,off,3,0.489,5.824,False,35.94
2024-01-03 15:00:00,15,2,1,False,7.2,6.998,heat,5,0.093,6.644,False,32.56
2024-01-03 16:00:00,16,2,1,False,9.6,6.594,heat,0,0.158,6.344,False,38.77
2024-01-03 17:00:00,17,2,1,False,3.7,8.089,heat,3,0.0,7.96,False,48.93
2024-01-03 18:00:00,18,2,1,False,8.7,6.765,heat,5,0.021,6.765,False,35.83
2024-01-03 19:00:00,19,2,1,False,-1.7,9.603,heat,4,0.025,9.603,False,56.57
2024-01-03 20:00:00,20,2,1,False,4.7,6.647,heat,3,0.0,6.647,False,35.95
2024-01-03 21:00:00,21,2,1,False,1.0,8.157,heat,2,0.0,8.157,False,43.52
2024-01-03 22:00:00,22,2,1,False,5.4,7.628,heat,3,0.0,7.628,False,34.69
2024-01-03 23:00:00,23,2,1,False,5.6,5.914,heat,2,0.0,5.914,False,38.23
2024-01-04 00:00:00,0,3,1,False,7.9,4.988,heat,4,0.0,4.988,False,27.27
2024-01-04 01:00:00,1,3,1,False,5.8,6.032,heat,2,0.0,6.032,False,37.68
2024-01-04 02:00:00,2,3,1,False,2.8,6.891,heat,1,0.0,6.891,False,36.64
2024-01-04 03:00:00,3,3,1,False,3.6,6.089,heat,2,0.0,6.089,False,30.78
2024-01-04 04:00:00,4,3,1,False,5.6,5.637,heat,5,0.0,5.637,False,33.91
2024-01-04 05:00:00,5,3,1,False,3.1,5.877,heat,1,0.0,5.877,False,35.5
2024-01-04 06:00:00,6,3,1,False,8.6,5.114,heat,4,0.0,5.114,False,32.21
2024-01-04 07:00:00,7,3,1,False,3.9,7.81,heat,2,0.002,7.681,False,47.08
2024-01-04 08:00:00,8,3,1,False,8.1,6.355,heat,4,0.23,6.105,False,37.52
2024-01-04 09:00:00,9,3,1,False,3.0,7.847,heat,3,0.059,7.493,False,35.39
2024-01-04 10:00:00,10,3,1,False,6.9,7.059,heat,5,0.303,6.626,False,34.15
2024-01-04 11:00:00,11,3,1,False,4.4,8.074,heat,4,0.305,7.591,False,45.63
2024-01-04 12:00:00,12,3,1,False,8.5,6.521,heat,4,0.357,6.021,False,36.83
2024-01-04 13:00:00,13,3,1,False,10.7,5.752,off,2,0.604,5.269,False,33.4
2024-01-04 14:00:00,14,3,1,False,5.6,7.985,heat,4,0.235,7.552,False,46.05
2024-01-04 15:00:00,15,3,1,False,10.7,6.4,off,5,0.361,6.046,False,30.2
2024-01-04 16:00:00,16,3,1,False,4.5,7.144,heat,0,0.0,6.894,False,45.67
2024-01-04 17:00:00,17,3,1,False,5.6,7.685,heat,4,0.146,7.556,False,41.5
2024-01-04 18:00:00,18,3,1,False,4.7,7.419,heat,2,0.193,7.419,False,44.28
2024-01-04 19:00:00,19,3,1,False,2.0,8.712,heat,6,0.0,8.712,False,52.14
2024-01-04 20:00:00,20,3,1,False,9.4,6.285,heat,3,0.0,6.285,False,30.97
2024-01-04 21:00:00,21,3,1,False,5.5,6.714,heat,7,0.0,6.714,False,35.74
2024-01-04 22:00:00,22,3,1,False,3.7,7.636,heat,4,0.0,7.636,False,35.19
2024-01-04 23:00:00,23,3,1,False,2.9,6.234,heat,2,0.0,6.234,False,28.4
2024-01-05 00:00:00,0,4,1,False,10.7,4.363,off,3,0.0,4.363,False,20.95
2024-01-05 01:00:00,1,4,1,False,4.6,5.239,heat,5,0.0,5.239,False,24.8
2024-01-05 02:00:00,2,4,1,False,4.5,6.117,heat,1,0.0,6.117,False,36.3
2024-01-05 03:00:00,3,4,1,False,8.1,4.465,heat,2,0.0,4.465,False,24.5
2024-01-05 04:00:00,4,4,1,False,9.6,4.838,heat,6,0.0,4.838,False,25.53
2024-01-05 05:00:00,5,4,1,False,3.5,5.471,heat,2,0.0,5.471,False,26.44
2024-01-05 06:00:00,6,4,1,False,6.9,5.142,heat,4,0.206,5.142,False,27.19
2024-01-05 07:00:00,7,4,1,False,6.9,7.302,heat,4,0.226,7.173,False,44.61
2024-01-05 08:00:00,8,4,1,False,4.5,7.96,heat,1,0.269,7.71,False,50.48
2024-01-05 09:00:00,9,4,1,False,3.9,7.519,heat,5,0.07,7.165,False,39.69
2024-01-05 10:00:00,10,4,1,False,3.2,8.224,heat,4,0.17,7.791,False,48.75
2024-01-05 11:00:00,11,4,1,False,8.1,6.039,heat,2,0.561,5.556,False,37.4
2024-01-05 12:00:00,12,4,1,False,5.8,7.751,heat,0,0.248,7.251,False,40.99
2024-01-05 13:00:00,13,4,1,False,5.2,7.961,heat,7,0.214,7.478,False,40.39
2024-01-05 14:00:00,14,4,1,False,2.9,8.001,heat,2,0.216,7.568,False,41.91
2024-01-05 15:00:00,15,4,1,False,8.1,6.593,heat,3,0.334,6.239,False,35.17
2024-01-05 16:00:00,16,4,1,False,6.0,6.373,heat,4,0.147,6.123,False,37.9
2024-01-05 17:00:00,17,4,1,False,2.4,8.177,heat,3,0.058,8.048,False,41.38
2024-01-05 18:00:00,18,4,1,False,4.0,8.074,heat,9,0.0,8.074,False,38.72
2024-01-05 19:00:00,19,4,1,False,7.3,7.124,heat,3,0.0,7.124,False,40.14
2024-01-05 20:00:00,20,4,1,False,-0.3,8.93,heat,5,0.0,8.93,False,40.55
2024-01-05 21:00:00,21,4,1,False,4.9,7.003,heat,4,0.0,7.003,False,38.3
2024-01-05 22:00:00,22,4,1,False,7.5,6.975,heat,6,0.0,6.975,False,41.23
2024-01-05 23:00:00,23,4,1,False,5.7,5.519,heat,0,0.0,5.519,False,27.74
2024-01-06 00:00:00,0,5,1,True,7.2,4.964,heat,7,0.0,4.964,False,22.49
2024-01-06 01:00:00,1,5,1,True,-1.3,6.756,heat,4,0.155,6.756,False,42.37
2024-01-06 02:00:00,2,5,1,True,1.1,6.032,heat,5,0.0,6.032,False,31.55
2024-01-06 03:00:00,3,5,1,True,7.7,4.294,heat,3,0.0,4.294,False,22.19
2024-01-06 04:00:00,4,5,1,True,6.2,4.268,heat,3,0.0,4.268,False,25.22
2024-01-06 05:00:00,5,5,1,True,4.2,4.822,heat,0,0.0,4.822,False,23.34
2024-01-06 06:00:00,6,5,1,True,5.8,5.507,heat,0,0.032,5.507,False,32.39
2024-01-06 07:00:00,7,5,1,True,6.8,5.639,heat,3,0.007,5.51,False,32.28
2024-01-06 08:00:00,8,5,1,True,3.5,6.821,heat,3,0.0,6.571,False,33.6
2024-01-06 09:00:00,9,5,1,True,2.9,7.009,heat,8,0.0,6.655,False,36.65
2024-01-06 10:00:00,10,5,1,True,1.0,7.451,heat,3,0.0,7.018,False,47.08
2024-01-06 11:00:00,11,5,1,True,9.4,5.43,heat,2,0.43,4.947,False,32.11
2024-01-06 12:00:00,12,5,1,True,5.2,7.142,heat,1,0.229,6.642,False,44.02
2024-01-06 13:00:00,13,5,1,True,9.6,5.365,heat,7,0.296,4.882,False,28.68
2024-01-06 14:00:00,14,5,1,True,1.0,7.653,heat,1,0.018,7.22,False,44.13
2024-01-06 15:00:00,15,5,1,True,5.4,6.23,heat,3,0.357,5.876,False,31.89
2024-01-06 16:00:00,16,5,1,True,1.4,7.264,heat,1,0.071,7.014,False,39.03
2024-01-06 17:00:00,17,5,1,True,10.3,5.318,off,3,0.333,5.189,False,34.31
2024-01-06 18:00:00,18,5,1,True,13.2,4.968,off,2,0.0,4.968,False,28.81
2024-01-06 19:00:00,19,5,1,True,8.8,6.025,heat,4,0.0,6.025,False,29.83
2024-01-06 20:00:00,20,5,1,True,1.6,6.025,heat,3,0.0,6.025,False,35.47
2024-01-06 21:00:00,21,5,1,True,1.5,6.646,heat,6,0.128,6.646,False,43.12
2024-01-06 22:00:00,22,5,1,True,4.7,7.353,heat,3,0.0,7.353,False,43.31
2024-01-06 23:00:00,23,5,1,True,5.4,4.632,heat,1,0.0,4.632,False,26.58
2024-01-07 00:00:00,0,6,1,True,6.6,4.407,heat,2,0.0,4.407,False,25.33
2024-01-07 01:00:00,1,6,1,True,6.4,4.361,heat,3,0.0,4.361,False,26.0
2024-01-07 02:00:00,2,6,1,True,5.1,4.415,heat,2,0.0,4.415,False,28.47
2024-01-07 03:00:00,3,6,1,True,4.3,4.811,heat,3,0.0,4.811,False,21.66
2024-01-07 04:00:00,4,6,1,True,2.5,5.349,heat,1,0.09,5.349,False,25.7
2024-01-07 05:00:00,5,6,1,True,7.0,4.241,heat,1,0.088,4.241,False,24.89
2024-01-07 06:00:00,6,6,1,True,-2.1,6.342,heat,1,0.0,6.342,False,29.26
2024-01-07 07:00:00,7,6,1,True,5.3,6.742,heat,2,0.204,6.613,False,41.04
2024-01-07 08:00:00,8,6,1,True,5.7,6.243,heat,0,0.325,5.993,False,31.38
2024-01-07 09:00:00,9,6,1,True,4.3,6.675,heat,2,0.278,6.321,False,40.37
2024-01-07 10:00:00,10,6,1,True,7.4,5.875,heat,2,0.277,5.442,False,36.7
2024-01-07 11:00:00,11,6,1,True,8.0,5.502,heat,2,0.466,5.019,False,27.04
2024-01-07 12:00:00,12,6,1,True,5.6,6.014,heat,5,0.126,5.514,False,38.05
2024-01-07 13:00:00,13,6,1,True,11.9,4.122,off,3,0.437,3.639,False,19.47
2024-01-07 14:00:00,14,6,1,True,2.9,7.261,heat,2,0.376,6.828,False,36.5
2024-01-07 15:00:00,15,6,1,True,3.6,6.738,heat,3,0.082,6.384,False,34.22
2024-01-07 16:00:00,16,6,1,True,3.8,7.252,heat,8,0.0,7.002,False,37.87
2024-01-07 17:00:00,17,6,1,True,8.4,5.754,heat,3,0.073,5.625,False,34.08
2024-01-07 18:00:00,18,6,1,True,6.1,6.81,heat,4,0.187,6.81,False,33.19
2024-01-07 19:00:00,19,6,1,True,-0.8,7.739,heat,4,0.117,7.739,False,41.6
2024-01-07 20:00:00,20,6,1,True,4.0,6.308,heat,4,0.0,6.308,False,39.42
2024-01-07 21:00:00,21,6,1,True,3.2,7.644,heat,3,0.0,7.644,False,34.95
2024-01-07 22:00:00,22,6,1,True,10.1,5.642,off,5,0.0,5.642,False,31.82
2024-01-07 23:00:00,23,6,1,True,2.6,4.812,heat,1,0.0,4.812,False,27.56
2024-01-08 00:00:00,0,0,1,False,5.0,6.246,heat,3,0.0,6.246,False,31.63
2024-01-08 01:00:00,1,0,1,False,0.3,7.513,heat,6,0.0,7.513,False,45.78
2024-01-08 02:00:00,2,0,1,False,5.5,5.842,heat,4,0.0,5.842,False,37.31
2024-01-08 03:00:00,3,0,1,False,10.6,4.124,off,3,0.0,4.124,False,21.41
2024-01-08 04:00:00,4,0,1,False,2.5,6.6,heat,2,0.034,6.6,False,40.81
2024-01-08 05:00:00,5,0,1,False,7.8,5.429,heat,1,0.0,5.429,False,27.06
2024-01-08 06:00:00,6,0,1,False,4.4,5.923,heat,5,0.035,5.923,False,29.47
2024-01-08 07:00:00,7,0,1,False,4.9,7.853,heat,3,0.0,7.724,False,44.05
2024-01-08 08:00:00,8,0,1,False,6.9,6.442,heat,5,0.237,6.192,False,35.84
2024-01-08 09:00:00,9,0,1,False,1.2,8.563,heat,1,0.113,8.209,False,54.11
2024-01-08 10:00:00,10,0,1,False,2.7,8.901,heat,3,0.0,8.468,False,48.09
2024-01-08 11:00:00,11,0,1,False,2.3,8.469,heat,4,0.191,7.986,False,47.7
2024-01-08 12:00:00,12,0,1,False,10.1,24.152,off,5,0.39,23.652,True,125.34
2024-01-08 13:00:00,13,0,1,False,8.2,6.705,heat,2,0.328,6.222,False,33.13
2024-01-08 14:00:00,14,0,1,False,8.0,6.892,heat,2,0.439,6.459,False,40.77
2024-01-08 15:00:00,15,0,1,False,8.0,6.619,heat,3,0.221,6.265,False,30.61
2024-01-08 16:00:00,16,0,1,False,7.4,6.784,heat,2,0.199,6.534,False,42.22
2024-01-08 17:00:00,17,0,1,False,0.1,8.97,heat,3,0.0,8.841,False,56.78
2024-01-08 18:00:00,18,0,1,False,3.2,7.622,heat,3,0.0,7.622,False,42.35
2024-01-08 19:00:00,19,0,1,False,4.3,8.046,heat,3,0.087,8.046,False,37.44
2024-01-08 20:00:00,20,0,1,False,5.4,7.646,heat,5,0.01,7.646,False,39.53
2024-01-08 21:00:00,21,0,1,False,1.9,7.827,heat,5,0.0,7.827,False,36.15
2024-01-08 22:00:00,22,0,1,False,0.8,8.977,heat,3,0.0,8.977,False,44.56
2024-01-08 23:00:00,23,0,1,False,1.8,7.683,heat,2,0.0,7.683,False,44.58
2024-01-09 00:00:00,0,1,1,False,2.7,6.974,heat,3,0.0,6.974,False,31.76
2024-01-09 01:00:00,1,1,1,False,3.9,5.55,heat,4,0.0,5.55,False,27.77
2024-01-09 02:00:00,2,1,1,False,6.3,6.681,heat,5,0.0,6.681,False,38.15
2024-01-09 03:00:00,3,1,1,False,4.5,5.28,heat,3,0.0,5.28,False,32.45
2024-01-09 04:00:00,4,1,1,False,8.7,4.449,heat,1,0.0,4.449,False,26.17
2024-01-09 05:00:00,5,1,1,False,6.9,4.882,heat,4,0.0,4.882,False,27.94
2024-01-09 06:00:00,6,1,1,False,4.1,6.173,heat,1,0.022,6.173,False,29.94
2024-01-09 07:00:00,7,1,1,False,6.3,6.435,heat,1,0.168,6.306,False,39.01
2024-01-09 08:00:00,8,1,1,False,4.7,6.728,heat,2,0.073,6.478,False,33.93
2024-01-09 09:00:00,9,1,1,False,3.2,7.713,heat,2,0.0,7.359,False,46.35
2024-01-09 10:00:00,10,1,1,False,5.2,7.212,heat,1,0.241,6.779,False,37.68
2024-01-09 11:00:00,11,1,1,False,6.2,7.114,heat,0,0.188,6.631,False,38.34
2024-01-09 12:00:00,12,1,1,False,8.0,6.983,heat,3,0.461,6.483,False,43.93
2024-01-09 13:00:00,13,1,1,False,11.6,6.478,off,1,0.63,5.995,False,31.32
2024-01-09 14:00:00,14,1,1,False,8.8,6.577,heat,3,0.599,6.144,False,37.58
2024-01-09 15:00:00,15,1,1,False,2.0,8.471,heat,2,0.215,8.117,False,51.59
2024-01-09 16:00:00,16,1,1,False,0.2,22.163,heat,2,0.036,21.913,True,109.97
2024-01-09 17:00:00,17,1,1,False,8.9,7.039,heat,3,0.093,6.91,False,37.32
2024-01-09 18:00:00,18,1,1,False,4.6,22.405,heat,6,0.092,22.405,True,114.59
2024-01-09 19:00:00,19,1,1,False,2.9,7.835,heat,3,0.0,7.835,False,47.08
2024-01-09 20:00:00,20,1,1,False,9.9,5.782,heat,4,0.0,5.782,False,33.12
2024-01-09 21:00:00,21,1,1,False,4.4,7.449,heat,4,0.0,7.449,False,40.71
2024-01-09 22:00:00,22,1,1,False,4.7,7.439,heat,6,0.031,7.439,False,46.18
2024-01-09 23:00:00,23,1,1,False,3.1,6.434,heat,3,0.0,6.434,False,32.95
2024-01-10 00:00:00,0,2,1,False,-1.1,7.571,heat,2,0.068,7.571,False,37.22
2024-01-10 01:00:00,1,2,1,False,2.2,6.648,heat,3,0.0,6.648,False,40.34
2024-01-10 02:00:00,2,2,1,False,3.1,6.014,heat,5,0.059,6.014,False,30.98
2024-01-10 03:00:00,3,2,1,False,0.1,7.173,heat,5,0.089,7.173,False,38.1
2024-01-10 04:00:00,4,2,1,False,5.2,6.096,heat,0,0.0,6.096,False,34.16
2024-01-10 05:00:00,5,2,1,False,5.8,6.448,heat,4,0.0,6.448,False,41.7
2024-01-10 06:00:00,6,2,1,False,7.7,5.13,heat,6,0.079,5.13,False,26.64
2024-01-10 07:00:00,7,2,1,False,2.7,8.1,heat,1,0.159,7.971,False,46.77
2024-01-10 08:00:00,8,2,1,False,-0.6,8.894,heat,2,0.0,8.644,False,56.28
2024-01-10 09:00:00,9,2,1,False,4.0,7.579,heat,6,0.298,7.225,False,38.31
2024-01-10 10:00:00,10,2,1,False,1.2,8.282,heat,5,0.0,7.849,False,50.37
2024-01-10 11:00:00,11,2,1,False,4.9,6.815,heat,4,0.215,6.332,False,40.72
2024-01-10 12:00:00,12,2,1,False,7.6,7.068,heat,4,0.362,6.568,False,42.78
2024-01-10 13:00:00,13,2,1,False,3.4,8.205,heat,1,0.263,7.722,False,50.26
2024-01-10 14:00:00,14,2,1,False,4.8,7.428,heat,1,0.341,6.995,False,40.01
2024-01-10 15:00:00,15,2,1,False,-1.1,9.276,heat,2,0.131,8.922,False,44.24
2024-01-10 16:00:00,16,2,1,False,3.8,7.135,heat,2,0.0,6.885,False,39.49
2024-01-10 17:00:00,17,2,1,False,9.8,6.927,heat,3,0.145,6.798,False,33.67
2024-01-10 18:00:00,18,2,1,False,6.7,6.812,heat,5,0.0,6.812,False,32.64
2024-01-10 19:00:00,19,2,1,False,2.7,8.02,heat,4,0.0,8.02,False,43.76
2024-01-10 20:00:00,20,2,1,False,1.6,8.751,heat,8,0.129,8.751,False,44.06
2024-01-10 21:00:00,21,2,1,False,4.9,6.978,heat,6,0.032,6.978,False,36.88
2024-01-10 22:00:00,22,2,1,False,6.5,6.965,heat,5,0.0,6.965,False,34.04
2024-01-10 23:00:00,23,2,1,False,2.7,6.325,heat,3,0.0,6.325,False,39.23
2024-01-11 00:00:00,0,3,1,False,4.4,6.403,heat,1,0.0,6.403,False,38.14
2024-01-11 01:00:00,1,3,1,False,-0.8,7.11,heat,2,0.001,7.11,False,41.0
2024-01-11 02:00:00,2,3,1,False,7.4,5.733,heat,6,0.0,5.733,False,26.97
2024-01-11 03:00:00,3,3,1,False,2.4,6.784,heat,3,0.0,6.784,False,34.8
2024-01-11 04:00:00,4,3,1,False,6.9,4.941,heat,5,0.0,4.941,False,28.46
2024-01-11 05:00:00,5,3,1,False,6.0,6.116,heat,5,0.0,6.116,False,30.0
2024-01-11 06:00:00,6,3,1,False,6.4,6.44,heat,2,0.0,6.44,False,39.75
2024-01-11 07:00:00,7,3,1,False,4.2,7.371,heat,2,0.108,7.242,False,46.07
2024-01-11 08:00:00,8,3,1,False,9.9,6.101,heat,1,0.406,5.851,False,34.27
2024-01-11 09:00:00,9,3,1,False,3.0,7.51,heat,5,0.173,7.156,False,35.78
2024-01-11 10:00:00,10,3,1,False,10.0,6.273,heat,4,0.364,5.84,False,30.98
2024-01-11 11:00:00,11,3,1,False,5.8,7.787,heat,3,0.205,7.304,False,35.36
2024-01-11 12:00:00,12,3,1,False,5.4,7.177,heat,2,0.143,6.677,False,36.39
2024-01-11 13:00:00,13,3,1,False,4.3,7.345,heat,0,0.198,6.862,False,44.96
2024-01-11 14:00:00,14,3,1,False,5.3,7.966,heat,5,0.149,7.533,False,40.65
2024-01-11 15:00:00,15,3,1,False,5.0,7.229,heat,5,0.203,6.875,False,44.3
2024-01-11 16:00:00,16,3,1,False,10.2,5.949,off,4,0.186,5.699,False,37.02
2024-01-11 17:00:00,17,3,1,False,1.4,8.358,heat,8,0.0,8.229,False,51.93
2024-01-11 18:00:00,18,3,1,False,4.4,6.992,heat,8,0.0,6.992,False,43.09
2024-01-11 19:00:00,19,3,1,False,2.2,7.914,heat,3,0.035,7.914,False,38.71
2024-01-11 20:00:00,20,3,1,False,3.3,8.719,heat,5,0.0,8.719,False,49.93
2024-01-11 21:00:00,21,3,1,False,5.1,7.816,heat,5,0.0,7.816,False,41.81
2024-01-11 22:00:00,22,3,1,False,9.5,6.659,heat,6,0.0,6.659,False,32.96
2024-01-11 23:00:00,23,3,1,False,6.4,5.932,heat,1,0.0,5.932,False,37.61
2024-01-12 00:00:00,0,4,1,False,2.1,7.012,heat,4,0.0,7.012,False,45.07
2024-01-12 01:00:00,1,4,1,False,4.1,6.101,heat,3,0.0,6.101,False,32.05
2024-01-12 02:00:00,2,4,1,False,8.5,5.152,heat,3,0.0,5.152,False,31.85
2024-01-12 03:00:00,3,4,1,False,3.2,6.63,heat,4,0.0,6.63,False,43.0
2024-01-12 04:00:00,4,4,1,False,5.4,5.755,heat,1,0.014,5.755,False,36.8
2024-01-12 05:00:00,5,4,1,False,6.2,6.267,heat,1,0.0,6.267,False,31.45
2024-01-12 06:00:00,6,4,1,False,4.3,5.535,heat,3,0.0,5.535,False,25.16
2024-01-12 07:00:00,7,4,1,False,2.3,8.107,heat,3,0.006,7.978,False,39.54
2024-01-12 08:00:00,8,4,1,False,5.8,7.804,heat,3,0.155,7.554,False,37.86
2024-01-12 09:00:00,9,4,1,False,11.9,6.219,off,6,0.378,5.865,False,31.32
2024-01-12 10:00:00,10,4,1,False,3.6,7.699,heat,3,0.0,7.266,False,40.44
2024-01-12 11:00:00,11,4,1,False,3.4,8.076,heat,5,0.066,7.593,False,49.39
2024-01-12 12:00:00,12,4,1,False,7.2,7.115,heat,2,0.263,6.615,False,36.95
2024-01-12 13:00:00,13,4,1,False,12.2,6.632,off,2,0.567,6.149,False,41.8
2024-01-12 14:00:00,14,4,1,False,2.4,7.868,heat,4,0.0,7.435,False,46.13
2024-01-12 15:00:00,15,4,1,False,1.5,8.52,heat,3,0.134,8.166,False,39.79
2024-01-12 16:00:00,16,4,1,False,7.4,6.786,heat,3,0.197,6.536,False,43.9
2024-01-12 17:00:00,17,4,1,False,7.5,7.545,heat,3,0.055,7.416,False,38.14
2024-01-12 18:00:00,18,4,1,False,2.1,8.227,heat,4,0.0,8.227,False,48.6
2024-01-12 19:00:00,19,4,1,False,4.1,7.524,heat,3,0.0,7.524,False,45.82
2024-01-12 20:00:00,20,4,1,False,1.5,8.714,heat,5,0.056,8.714,False,45.74
2024-01-12 21:00:00,21,4,1,False,3.9,7.506,heat,8,0.0,7.506,False,47.07
2024-01-12 22:00:00,22,4,1,False,4.1,7.841,heat,4,0.0,7.841,False,47.98
2024-01-12 23:00:00,23,4,1,False,7.9,5.605,heat,1,0.0,5.605,False,33.86
2024-01-13 00:00:00,0,5,1,True,8.7,3.339,heat,3,0.0,3.339,False,20.93
2024-01-13 01:00:00,1,5,1,True,4.7,4.696,heat,2,0.0,4.696,False,24.38
2024-01-13 02:00:00,2,5,1,True,9.5,4.588,heat,1,0.0,4.588,False,27.34
2024-01-13 03:00:00,3,5,1,True,7.9,4.319,heat,5,0.0,4.319,False,23.67
2024-01-13 04:00:00,4,5,1,True,1.0,5.484,heat,3,0.0,5.484,False,32.27
2024-01-13 05:00:00,5,5,1,True,8.4,4.158,heat,1,0.0,4.158,False,24.85
2024-01-13 06:00:00,6,5,1,True,7.4,3.594,heat,3,0.0,3.594,False,20.73
2024-01-13 07:00:00,7,5,1,True,10.8,5.075,off,6,0.063,4.946,False,31.43
2024-01-13 08:00:00,8,5,1,True,5.8,6.408,heat,2,0.101,6.158,False,31.93
2024-01-13 09:00:00,9,5,1,True,10.3,5.085,off,2,0.386,4.731,False,23.18
2024-01-13 10:00:00,10,5,1,True,-0.2,7.451,heat,7,0.0,7.018,False,43.4
2024-01-13 11:00:00,11,5,1,True,3.7,7.497,heat,1,0.207,7.014,False,34.72
2024-01-13 12:00:00,12,5,1,True,-0.9,7.803,heat,2,0.0,7.303,False,39.09
2024-01-13 13:00:00,13,5,1,True,4.1,5.924,heat,2,0.193,5.441,False,28.72
2024-01-13 14:00:00,14,5,1,True,5.5,6.26,heat,2,0.27,5.827,False,32.51
2024-01-13 15:00:00,15,5,1,True,4.9,6.937,heat,4,0.077,6.583,False,44.95
2024-01-13 16:00:00,16,5,1,True,7.8,6.399,heat,8,0.301,6.149,False,37.65
2024-01-13 17:00:00,17,5,1,True,12.4,3.513,off,3,0.275,3.384,False,16.06
2024-01-13 18:00:00,18,5,1,True,3.9,6.385,heat,5,0.021,6.385,False,41.18
2024-01-13 19:00:00,19,5,1,True,8.8,5.346,heat,6,0.048,5.346,False,34.28
2024-01-13 20:00:00,20,5,1,True,7.1,5.983,heat,5,0.0,5.983,False,35.47
2024-01-13 21:00:00,21,5,1,True,6.1,5.625,heat,5,0.0,5.625,False,34.1
2024-01-13 22:00:00,22,5,1,True,7.6,6.03,heat,11,0.0,6.03,False,29.17
2024-01-13 23:00:00,23,5,1,True,4.0,5.577,heat,3,0.0,5.577,False,31.07
2024-01-14 00:00:00,0,6,1,True,8.2,3.804,heat,5,0.0,3.804,False,20.6
2024-01-14 01:00:00,1,6,1,True,0.7,6.013,heat,2,0.0,6.013,False,34.99
2024-01-14 02:00:00,2,6,1,True,5.5,5.157,heat,4,0.0,5.157,False,30.78
2024-01-14 03:00:00,3,6,1,True,4.1,5.887,heat,2,0.022,5.887,False,29.52
2024-01-14 04:00:00,4,6,1,True,12.5,3.505,off,2,0.0,3.505,False,17.76
2024-01-14 05:00:00,5,6,1,True,1.8,5.549,heat,2,0.0,5.549,False,34.67
2024-01-14 06:00:00,6,6,1,True,6.5,17.336,heat,3,0.0,17.336,True,87.57
2024-01-14 07:00:00,7,6,1,True,8.8,5.407,heat,4,0.363,5.278,False,28.16
2024-01-14 08:00:00,8,6,1,True,3.3,6.57,heat,3,0.0,6.32,False,38.85
2024-01-14 09:00:00,9,6,1,True,5.1,6.619,heat,4,0.09,6.265,False,39.27
2024-01-14 10:00:00,10,6,1,True,3.5,7.024,heat,4,0.206,6.591,False,36.93
2024-01-14 11:00:00,11,6,1,True,3.7,6.772,heat,1,0.17,6.289,False,43.65
2024-01-14 12:00:00,12,6,1,True,10.1,5.584,off,2,0.755,5.084,False,29.02
2024-01-14 13:00:00,13,6,1,True,-0.7,7.751,heat,2,0.199,7.268,False,38.94
2024-01-14 14:00:00,14,6,1,True,5.8,6.205,heat,5,0.314,5.772,False,28.89
2024-01-14 15:00:00,15,6,1,True,-1.3,8.091,heat,2,0.093,7.737,False,42.72
2024-01-14 16:00:00,16,6,1,True,7.9,5.862,heat,2,0.27,5.612,False,33.7
2024-01-14 17:00:00,17,6,1,True,3.9,6.366,heat,3,0.154,6.237,False,29.79
2024-01-14 18:00:00,18,6,1,True,-0.2,8.497,heat,5,0.052,8.497,False,38.26
2024-01-14 19:00:00,19,6,1,True,4.6,6.827,heat,5,0.0,6.827,False,36.05
2024-01-14 20:00:00,20,6,1,True,1.4,7.354,heat,4,0.0,7.354,False,40.26
2024-01-14 21:00:00,21,6,1,True,8.0,5.712,heat,3,0.0,5.712,False,28.81
2024-01-14 22:00:00,22,6,1,True,8.1,5.637,heat,5,0.0,5.637,False,26.2
2024-01-14 23:00:00,23,6,1,True,1.6,6.389,heat,0,0.058,6.389,False,38.0
2024-01-15 00:00:00,0,0,1,False,6.6,6.021,heat,2,0.0,6.021,False,31.11
2024-01-15 01:00:00,1,0,1,False,3.1,6.785,heat,0,0.0,6.785,False,33.65
2024-01-15 02:00:00,2,0,1,False,4.1,7.255,heat,6,0.0,7.255,False,38.35
2024-01-15 03:00:00,3,0,1,False,11.0,4.789,off,1,0.0,4.789,False,25.4
2024-01-15 04:00:00,4,0,1,False,3.9,5.968,heat,2,0.0,5.968,False,30.81
2024-01-15 05:00:00,5,0,1,False,9.4,5.243,heat,2,0.0,5.243,False,31.45
2024-01-15 06:00:00,6,0,1,False,10.3,4.933,off,0,0.0,4.933,False,29.21
2024-01-15 07:00:00,7,0,1,False,4.1,8.336,heat,3,0.052,8.207,False,38.11
2024-01-15 08:00:00,8,0,1,False,5.9,7.629,heat,1,0.179,7.379,False,39.69
2024-01-15 09:00:00,9,0,1,False,3.6,7.951,heat,2,0.215,7.597,False,44.85
2024-01-15 10:00:00,10,0,1,False,5.1,7.914,heat,1,0.185,7.481,False,48.81
2024-01-15 11:00:00,11,0,1,False,7.0,6.374,heat,6,0.382,5.891,False,32.73
2024-01-15 12:00:00,12,0,1,False,4.8,7.794,heat,2,0.232,7.294,False,35.5
2024-01-15 13:00:00,13,0,1,False,6.2,7.472,heat,0,0.145,6.989,False,46.28
2024-01-15 14:00:00,14,0,1,False,3.0,7.526,heat,4,0.265,7.093,False,44.64
2024-01-15 15:00:00,15,0,1,False,2.4,8.26,heat,3,0.115,7.906,False,46.46
2024-01-15 16:00:00,16,0,1,False,3.9,7.548,heat,2,0.08,7.298,False,42.83
2024-01-15 17:00:00,17,0,1,False,5.5,7.255,heat,1,0.0,7.126,False,43.58
2024-01-15 18:00:00,18,0,1,False,8.9,6.938,heat,3,0.0,6.938,False,38.54
2024-01-15 19:00:00,19,0,1,False,4.5,7.261,heat,4,0.0,7.261,False,41.66
2024-01-15 20:00:00,20,0,1,False,6.3,7.138,heat,8,0.0,7.138,False,46.33
2024-01-15 21:00:00,21,0,1,False,2.2,7.872,heat,5,0.0,7.872,False,38.93
2024-01-15 22:00:00,22,0,1,False,7.6,6.982,heat,5,0.0,6.982,False,40.25
2024-01-15 23:00:00,23,0,1,False,3.9,6.462,heat,3,0.0,6.462,False,39.26
2024-01-16 00:00:00,0,1,1,False,4.4,5.688,heat,3,0.0,5.688,False,27.28
2024-01-16 01:00:00,1,1,1,False,5.2,17.426,heat,2,0.0,17.426,True,110.51
2024-01-16 02:00:00,2,1,1,False,3.4,6.369,heat,5,0.0,6.369,False,32.38
2024-01-16 03:00:00,3,1,1,False,1.7,6.916,heat,4,0.0,6.916,False,41.77
2024-01-16 04:00:00,4,1,1,False,6.4,6.074,heat,4,0.0,6.074,False,34.92
2024-01-16 05:00:00,5,1,1,False,7.8,4.973,heat,6,0.0,4.973,False,27.85
2024-01-16 06:00:00,6,1,1,False,1.1,6.874,heat,3,0.0,6.874,False,43.68
2024-01-16 07:00:00,7,1,1,False,5.8,7.874,heat,8,0.073,7.745,False,42.15
2024-01-16 08:00:00,8,1,1,False,5.8,20.707,heat,1,0.258,20.457,True,112.29
2024-01-16 09:00:00,9,1,1,False,4.0,7.423,heat,1,0.138,7.069,False,41.29
2024-01-16 10:00:00,10,1,1,False,4.0,7.765,heat,7,0.398,7.332,False,48.9
2024-01-16 11:00:00,11,1,1,False,8.3,6.901,heat,5,0.407,6.418,False,44.63
2024-01-16 12:00:00,12,1,1,False,11.6,6.266,off,3,0.485,5.766,False,40.1
2024-01-16 13:00:00,13,1,1,False,8.9,6.691,heat,3,0.23,6.208,False,41.47
2024-01-16 14:00:00,14,1,1,False,6.7,22.564,heat,4,0.333,22.131,True,123.3
2024-01-16 15:00:00,15,1,1,False,8.6,6.825,heat,4,0.283,6.471,False,34.57
2024-01-16 16:00:00,16,1,1,False,6.5,7.202,heat,4,0.068,6.952,False,46.05
2024-01-16 17:00:00,17,1,1,False,3.0,7.42,heat,1,0.108,7.291,False,35.59
2024-01-16 18:00:00,18,1,1,False,6.1,7.065,heat,2,0.027,7.065,False,32.32
2024-01-16 19:00:00,19,1,1,False,1.0,9.043,heat,4,0.0,9.043,False,50.31
2024-01-16 20:00:00,20,1,1,False,2.8,8.443,heat,3,0.0,8.443,False,48.16
2024-01-16 21:00:00,21,1,1,False,7.9,6.83,heat,7,0.0,6.83,False,40.03
2024-01-16 22:00:00,22,1,1,False,4.5,7.587,heat,3,0.0,7.587,False,40.34
2024-01-16 23:00:00,23,1,1,False,2.5,19.7,heat,3,0.0,19.7,True,121.49
2024-01-17 00:00:00,0,2,1,False,3.2,6.15,heat,3,0.0,6.15,False,36.04
2024-01-17 01:00:00,1,2,1,False,1.4,7.34,heat,6,0.059,7.34,False,45.45
2024-01-17 02:00:00,2,2,1,False,6.0,5.676,heat,3,0.0,5.676,False,35.3
2024-01-17 03:00:00,3,2,1,False,3.7,6.485,heat,3,0.0,6.485,False,40.7
2024-01-17 04:00:00,4,2,1,False,4.3,7.194,heat,2,0.0,7.194,False,40.92
2024-01-17 05:00:00,5,2,1,False,6.3,5.778,heat,0,0.0,5.778,False,27.14
2024-01-17 06:00:00,6,2,1,False,6.0,5.491,heat,1,0.0,5.491,False,27.01
2024-01-17 07:00:00,7,2,1,False,1.4,8.788,heat,3,0.0,8.659,False,42.85
2024-01-17 08:00:00,8,2,1,False,1.5,8.844,heat,2,0.045,8.594,False,48.41
2024-01-17 09:00:00,9,2,1,False,4.8,6.825,heat,2,0.143,6.471,False,32.92
2024-01-17 10:00:00,10,2,1,False,7.0,7.561,heat,0,0.351,7.128,False,38.72
2024-01-17 11:00:00,11,2,1,False,3.0,7.69,heat,3,0.098,7.207,False,38.06
2024-01-17 12:00:00,12,2,1,False,3.4,8.592,heat,4,0.0,8.092,False,52.17
2024-01-17 13:00:00,13,2,1,False,5.4,7.954,heat,1,0.337,7.471,False,46.52
2024-01-17 14:00:00,14,2,1,False,5.4,7.509,heat,4,0.224,7.076,False,46.11
2024-01-17 15:00:00,15,2,1,False,4.8,7.25,heat,2,0.241,6.896,False,32.83
2024-01-17 16:00:00,16,2,1,False,6.2,7.701,heat,3,0.216,7.451,False,45.45
2024-01-17 17:00:00,17,2,1,False,2.3,8.398,heat,5,0.138,8.269,False,37.98
2024-01-17 18:00:00,18,2,1,False,9.5,6.105,heat,5,0.0,6.105,False,32.02
2024-01-17 19:00:00,19,2,1,False,4.1,7.984,heat,4,0.0,7.984,False,35.95
2024-01-17 20:00:00,20,2,1,False,10.0,5.838,off,4,0.0,5.838,False,35.32
2024-01-17 21:00:00,21,2,1,False,-1.5,9.29,heat,6,0.0,9.29,False,46.22
2024-01-17 22:00:00,22,2,1,False,-0.1,8.936,heat,7,0.125,8.936,False,50.77
2024-01-17 23:00:00,23,2,1,False,4.8,6.303,heat,3,0.0,6.303,False,29.17
2024-01-18 00:00:00,0,3,1,False,8.0,5.784,heat,2,0.0,5.784,False,26.19
2024-01-18 01:00:00,1,3,1,False,5.7,5.677,heat,3,0.0,5.677,False,36.23
2024-01-18 02:00:00,2,3,1,False,4.7,5.875,heat,7,0.0,5.875,False,37.23
2024-01-18 03:00:00,3,3,1,False,5.9,5.847,heat,1,0.0,5.847,False,29.16
2024-01-18 04:00:00,4,3,1,False,4.9,6.392,heat,4,0.0,6.392,False,40.97
2024-01-18 05:00:00,5,3,1,False,10.9,4.494,off,1,0.0,4.494,False,21.16
2024-01-18 06:00:00,6,3,1,False,3.5,5.793,heat,1,0.045,5.793,False,28.2
2024-01-18 07:00:00,7,3,1,False,8.8,6.489,heat,5,0.178,6.36,False,35.06
2024-01-18 08:00:00,8,3,1,False,2.8,8.169,heat,2,0.146,7.919,False,47.16
2024-01-18 09:00:00,9,3,1,False,4.1,7.459,heat,2,0.203,7.105,False,38.87
2024-01-18 10:00:00,10,3,1,False,2.1,7.338,heat,2,0.03,6.905,False,39.54
2024-01-18 11:00:00,11,3,1,False,7.6,7.035,heat,2,0.289,6.552,False,33.31
2024-01-18 12:00:00,12,3,1,False,8.6,6.117,heat,1,0.562,5.617,False,39.26
2024-01-18 13:00:00,13,3,1,False,4.5,8.068,heat,0,0.177,7.585,False,38.41
2024-01-18 14:00:00,14,3,1,False,6.6,8.062,heat,3,0.253,7.629,False,37.32
2024-01-18 15:00:00,15,3,1,False,5.4,7.097,heat,3,0.179,6.743,False,34.05
2024-01-18 16:00:00,16,3,1,False,6.8,7.245,heat,3,0.02,6.995,False,35.76
2024-01-18 17:00:00,17,3,1,False,8.5,6.783,heat,3,0.092,6.654,False,31.84
2024-01-18 18:00:00,18,3,1,False,1.6,24.292,heat,3,0.0,24.292,True,123.21
2024-01-18 19:00:00,19,3,1,False,1.8,7.373,heat,5,0.039,7.373,False,33.98
2024-01-18 20:00:00,20,3,1,False,3.3,7.421,heat,4,0.0,7.421,False,36.42
2024-01-18 21:00:00,21,3,1,False,3.7,7.759,heat,5,0.0,7.759,False,38.22
2024-01-18 22:00:00,22,3,1,False,5.6,8.368,heat,4,0.0,8.368,False,37.83
2024-01-18 23:00:00,23,3,1,False,5.0,6.271,heat,4,0.0,6.271,False,29.34
2024-01-19 00:00:00,0,4,1,False,4.4,5.846,heat,2,0.019,5.846,False,34.27
2024-01-19 01:00:00,1,4,1,False,4.8,5.748,heat,1,0.0,5.748,False,34.77
2024-01-19 02:00:00,2,4,1,False,5.7,5.61,heat,5,0.0,5.61,False,27.85
2024-01-19 03:00:00,3,4,1,False,2.7,5.874,heat,2,0.062,5.874,False,34.73
2024-01-19 04:00:00,4,4,1,False,-1.4,7.284,heat,0,0.237,7.284,False,38.71
2024-01-19 05:00:00,5,4,1,False,2.3,6.914,heat,4,0.0,6.914,False,35.81
2024-01-19 06:00:00,6,4,1,False,8.3,5.128,heat,3,0.121,5.128,False,30.24
2024-01-19 07:00:00,7,4,1,False,-2.8,9.329,heat,7,0.0,9.2,False,57.32
2024-01-19 08:00:00,8,4,1,False,8.4,7.033,heat,2,0.0,6.783,False,39.95
2024-01-19 09:00:00,9,4,1,False,3.3,7.525,heat,3,0.0,7.171,False,41.61
2024-01-19 10:00:00,10,4,1,False,7.6,7.083,heat,4,0.29,6.65,False,38.44
2024-01-19 11:00:00,11,4,1,False,1.9,7.86,heat,7,0.0,7.377,False,40.26
2024-01-19 12:00:00,12,4,1,False,-2.5,9.763,heat,3,0.131,9.263,False,59.42
2024-01-19 13:00:00,13,4,1,False,2.4,8.22,heat,2,0.121,7.737,False,49.39
2024-01-19 14:00:00,14,4,1,False,4.6,7.714,heat,3,0.261,7.281,False,46.63
2024-01-19 15:00:00,15,4,1,False,6.2,7.206,heat,3,0.183,6.852,False,45.07
2024-01-19 16:00:00,16,4,1,False,0.8,8.828,heat,2,0.0,8.578,False,55.96
2024-01-19 17:00:00,17,4,1,False,6.1,6.926,heat,3,0.071,6.797,False,43.78
2024-01-19 18:00:00,18,4,1,False,5.1,7.934,heat,5,0.195,7.934,False,47.18
2024-01-19 19:00:00,19,4,1,False,3.1,7.91,heat,5,0.0,7.91,False,41.3
2024-01-19 20:00:00,20,4,1,False,5.4,7.66,heat,8,0.0,7.66,False,45.24
2024-01-19 21:00:00,21,4,1,False,5.3,7.747,heat,4,0.0,7.747,False,48.99
2024-01-19 22:00:00,22,4,1,False,6.6,6.849,heat,7,0.0,6.849,False,32.96
2024-01-19 23:00:00,23,4,1,False,5.6,6.097,heat,2,0.0,6.097,False,28.51
2024-01-20 00:00:00,0,5,1,True,5.3,4.573,heat,3,0.0,4.573,False,26.37
2024-01-20 01:00:00,1,5,1,True,10.9,2.83,off,4,0.0,2.83,False,15.8
2024-01-20 02:00:00,2,5,1,True,-0.8,6.486,heat,4,0.0,6.486,False,32.77
2024-01-20 03:00:00,3,5,1,True,1.1,6.793,heat,5,0.006,6.793,False,35.38
2024-01-20 04:00:00,4,5,1,True,8.3,3.87,heat,3,0.0,3.87,False,19.18
2024-01-20 05:00:00,5,5,1,True,0.6,6.254,heat,5,0.051,6.254,False,36.67
2024-01-20 06:00:00,6,5,1,True,7.7,4.605,heat,3,0.057,4.605,False,27.79
2024-01-20 07:00:00,7,5,1,True,6.0,5.747,heat,1,0.137,5.618,False,28.19
2024-01-20 08:00:00,8,5,1,True,1.1,7.183,heat,2,0.064,6.933,False,38.5
2024-01-20 09:00:00,9,5,1,True,8.0,6.207,heat,6,0.148,5.853,False,29.61
2024-01-20 10:00:00,10,5,1,True,8.6,5.821,heat,2,0.468,5.388,False,26.84
2024-01-20 11:00:00,11,5,1,True,5.1,6.455,heat,4,0.418,5.972,False,29.82
2024-01-20 12:00:00,12,5,1,True,4.7,5.893,heat,4,0.362,5.393,False,31.27
2024-01-20 13:00:00,13,5,1,True,8.9,5.246,heat,3,0.457,4.763,False,32.05
2024-01-20 14:00:00,14,5,1,True,-0.1,7.932,heat,1,0.0,7.499,False,41.07
2024-01-20 15:00:00,15,5,1,True,7.1,4.671,heat,4,0.188,4.317,False,27.46
2024-01-20 16:00:00,16,5,1,True,0.7,7.856,heat,4,0.0,7.606,False,44.16
2024-01-20 17:00:00,17,5,1,True,6.7,6.467,heat,7,0.184,6.338,False,34.33
2024-01-20 18:00:00,18,5,1,True,4.6,7.267,heat,3,0.0,7.267,False,35.16
2024-01-20 19:00:00,19,5,1,True,4.9,6.985,heat,3,0.0,6.985,False,33.97
2024-01-20 20:00:00,20,5,1,True,9.9,5.376,heat,5,0.0,5.376,False,31.14
2024-01-20 21:00:00,21,5,1,True,0.3,7.936,heat,6,0.115,7.936,False,40.9
2024-01-20 22:00:00,22,5,1,True,7.2,5.768,heat,5,0.0,5.768,False,33.92
2024-01-20 23:00:00,23,5,1,True,4.8,4.782,heat,1,0.0,4.782,False,27.32
2024-01-21 00:00:00,0,6,1,True,5.3,5.05,heat,6,0.0,5.05,False,29.5
2024-01-21 01:00:00,1,6,1,True,7.6,3.977,heat,1,0.0,3.977,False,23.35
2024-01-21 02:00:00,2,6,1,True,7.4,4.173,heat,3,0.0,4.173,False,22.5
2024-01-21 03:00:00,3,6,1,True,6.9,5.359,heat,5,0.0,5.359,False,28.49
2024-01-21 04:00:00,4,6,1,True,2.4,5.307,heat,4,0.0,5.307,False,30.72
2024-01-21 05:00:00,5,6,1,True,6.9,4.581,heat,0,0.0,4.581,False,29.27
2024-01-21 06:00:00,6,6,1,True,7.3,3.73,heat,1,0.245,3.73,False,21.22
2024-01-21 07:00:00,7,6,1,True,6.5,5.744,heat,3,0.005,5.615,False,35.71
2024-01-21 08:00:00,8,6,1,True,6.9,5.651,heat,1,0.295,5.401,False,27.96
2024-01-21 09:00:00,9,6,1,True,5.3,6.327,heat,6,0.145,5.973,False,29.53
2024-01-21 10:00:00,10,6,1,True,1.5,6.969,heat,2,0.057,6.536,False,40.08
2024-01-21 11:00:00,11,6,1,True,3.8,6.639,heat,7,0.319,6.156,False,34.83
2024-01-21 12:00:00,12,6,1,True,3.6,6.596,heat,3,0.235,6.096,False,38.15
2024-01-21 13:00:00,13,6,1,True,5.1,6.347,heat,2,0.235,5.864,False,30.35
2024-01-21 14:00:00,14,6,1,True,3.8,6.08,heat,2,0.13,5.647,False,32.22
2024-01-21 15:00:00,15,6,1,True,10.4,4.468,off,3,0.508,4.114,False,27.98
2024-01-21 16:00:00,16,6,1,True,6.4,6.417,heat,1,0.124,6.167,False,32.52
2024-01-21 17:00:00,17,6,1,True,4.8,6.26,heat,0,0.027,6.131,False,40.31
2024-01-21 18:00:00,18,6,1,True,5.9,6.312,heat,5,0.0,6.312,False,35.7
2024-01-21 19:00:00,19,6,1,True,6.3,6.283,heat,8,0.1,6.283,False,38.08
2024-01-21 20:00:00,20,6,1,True,11.5,4.847,off,5,0.0,4.847,False,25.21
2024-01-21 21:00:00,21,6,1,True,6.4,5.568,heat,4,0.0,5.568,False,30.19
2024-01-21 22:00:00,22,6,1,True,3.8,5.925,heat,4,0.0,5.925,False,31.68
2024-01-21 23:00:00,23,6,1,True,1.9,5.545,heat,1,0.0,5.545,False,33.28
2024-01-22 00:00:00,0,0,1,False,5.7,5.886,heat,2,0.0,5.886,False,28.31
2024-01-22 01:00:00,1,0,1,False,11.2,5.064,off,0,0.0,5.064,False,27.65
2024-01-22 02:00:00,2,0,1,False,4.5,6.947,heat,2,0.0,6.947,False,31.86
2024-01-22 03:00:00,3,0,1,False,2.2,6.882,heat,2,0.0,6.882,False,41.44
2024-01-22 04:00:00,4,0,1,False,8.0,5.264,heat,5,0.0,5.264,False,24.17
2024-01-22 05:00:00,5,0,1,False,5.4,5.918,heat,4,0.0,5.918,False,31.72
2024-01-22 06:00:00,6,0,1,False,0.1,7.245,heat,2,0.201,7.245,False,37.26
2024-01-22 07:00:00,7,0,1,False,5.6,7.109,heat,2,0.007,6.98,False,36.71
2024-01-22 08:00:00,8,0,1,False,8.4,7.227,heat,6,0.237,6.977,False,34.21
2024-01-22 09:00:00,9,0,1,False,-1.3,8.95,heat,3,0.012,8.596,False,53.59
2024-01-22 10:00:00,10,0,1,False,7.2,7.139,heat,1,0.371,6.706,False,35.37
2024-01-22 11:00:00,11,0,1,False,1.2,8.61,heat,1,0.082,8.127,False,47.37
2024-01-22 12:00:00,12,0,1,False,4.4,6.759,heat,7,0.136,6.259,False,42.72
2024-01-22 13:00:00,13,0,1,False,3.6,7.485,heat,2,0.238,7.002,False,41.86
2024-01-22 14:00:00,14,0,1,False,8.3,6.846,heat,3,0.363,6.413,False,38.15
2024-01-22 15:00:00,15,0,1,False,8.0,7.29,heat,2,0.381,6.936,False,34.89
2024-01-22 16:00:00,16,0,1,False,0.9,8.636,heat,3,0.102,8.386,False,50.64
2024-01-22 17:00:00,17,0,1,False,-1.0,9.308,heat,3,0.06,9.179,False,47.56
2024-01-22 18:00:00,18,0,1,False,0.5,8.241,heat,4,0.094,8.241,False,44.24
2024-01-22 19:00:00,19,0,1,False,6.3,7.242,heat,6,0.0,7.242,False,38.89
2024-01-22 20:00:00,20,0,1,False,-1.8,8.791,heat,4,0.01,8.791,False,43.82
2024-01-22 21:00:00,21,0,1,False,3.1,8.343,heat,5,0.003,8.343,False,38.51
2024-01-22 22:00:00,22,0,1,False,7.8,6.869,heat,5,0.0,6.869,False,39.83
2024-01-22 23:00:00,23,0,1,False,6.8,6.295,heat,1,0.0,6.295,False,38.96
2024-01-23 00:00:00,0,1,1,False,-0.1,7.314,heat,3,0.0,7.314,False,34.4
2024-01-23 01:00:00,1,1,1,False,5.6,5.27,heat,1,0.0,5.27,False,27.5
2024-01-23 02:00:00,2,1,1,False,2.1,6.899,heat,2,0.0,6.899,False,35.87
2024-01-23 03:00:00,3,1,1,False,3.1,6.351,heat,4,0.0,6.351,False,29.61
2024-01-23 04:00:00,4,1,1,False,3.3,6.86,heat,2,0.059,6.86,False,35.09
2024-01-23 05:00:00,5,1,1,False,3.6,6.1,heat,6,0.0,6.1,False,32.71
2024-01-23 06:00:00,6,1,1,False,4.7,6.615,heat,5,0.119,6.615,False,40.63
2024-01-23 07:00:00,7,1,1,False,2.8,7.547,heat,4,0.0,7.418,False,34.64
2024-01-23 08:00:00,8,1,1,False,2.9,8.638,heat,4,0.193,8.388,False,46.97
2024-01-23 09:00:00,9,1,1,False,7.7,6.332,heat,1,0.289,5.978,False,33.26
2024-01-23 10:00:00,10,1,1,False,5.0,7.232,heat,4,0.046,6.799,False,46.53
2024-01-23 11:00:00,11,1,1,False,1.7,8.64,heat,2,0.0,8.157,False,55.55
2024-01-23 12:00:00,12,1,1,False,5.3,8.331,heat,5,0.179,7.831,False,53.24
2024-01-23 13:00:00,13,1,1,False,0.5,8.699,heat,3,0.039,8.216,False,45.17
2024-01-23 14:00:00,14,1,1,False,5.3,21.471,heat,0,0.344,21.038,True,108.26
2024-01-23 15:00:00,15,1,1,False,6.7,6.195,heat,5,0.275,5.841,False,29.35
2024-01-23 16:00:00,16,1,1,False,7.4,7.326,heat,2,0.099,7.076,False,46.14
2024-01-23 17:00:00,17,1,1,False,6.3,7.893,heat,4,0.226,7.764,False,40.07
2024-01-23 18:00:00,18,1,1,False,1.8,8.799,heat,6,0.0,8.799,False,52.16
2024-01-23 19:00:00,19,1,1,False,3.3,8.042,heat,9,0.0,8.042,False,39.52
2024-01-23 20:00:00,20,1,1,False,8.4,6.39,heat,3,0.0,6.39,False,31.92
2024-01-23 21:00:00,21,1,1,False,4.1,7.991,heat,5,0.0,7.991,False,46.04
2024-01-23 22:00:00,22,1,1,False,4.7,7.755,heat,3,0.0,7.755,False,44.87
2024-01-23 23:00:00,23,1,1,False,7.0,6.333,heat,4,0.0,6.333,False,32.47
2024-01-24 00:00:00,0,2,1,False,9.5,5.126,heat,2,0.0,5.126,False,27.49
2024-01-24 01:00:00,1,2,1,False,4.8,6.461,heat,2,0.0,6.461,False,35.13
2024-01-24 02:00:00,2,2,1,False,3.8,6.294,heat,3,0.0,6.294,False,40.84
2024-01-24 03:00:00,3,2,1,False,10.7,4.233,off,8,0.0,4.233,False,24.53
2024-01-24 04:00:00,4,2,1,False,10.9,4.559,off,2,0.0,4.559,False,23.43
2024-01-24 05:00:00,5,2,1,False,5.1,5.053,heat,4,0.01,5.053,False,24.16
2024-01-24 06:00:00,6,2,1,False,5.1,6.027,heat,4,0.0,6.027,False,38.0
2024-01-24 07:00:00,7,2,1,False,7.7,6.994,heat,4,0.088,6.865,False,34.17
2024-01-24 08:00:00,8,2,1,False,6.3,6.997,heat,0,0.0,6.747,False,45.43
2024-01-24 09:00:00,9,2,1,False,5.1,7.67,heat,1,0.193,7.316,False,39.23
2024-01-24 10:00:00,10,2,1,False,7.2,7.426,heat,4,0.336,6.993,False,39.74
2024-01-24 11:00:00,11,2,1,False,3.1,8.086,heat,5,0.128,7.603,False,46.43
2024-01-24 12:00:00,12,2,1,False,8.3,6.675,heat,1,0.321,6.175,False,37.68
2024-01-24 13:00:00,13,2,1,False,7.0,6.894,heat,3,0.443,6.411,False,32.4
2024-01-24 14:00:00,14,2,1,False,6.4,7.106,heat,4,0.154,6.673,False,35.09
2024-01-24 15:00:00,15,2,1,False,4.7,8.42,heat,2,0.316,8.066,False,51.45
2024-01-24 16:00:00,16,2,1,False,3.1,7.697,heat,1,0.0,7.447,False,43.25
2024-01-24 17:00:00,17,2,1,False,-0.3,8.619,heat,4,0.0,8.49,False,55.96
2024-01-24 18:00:00,18,2,1,False,-0.3,9.25,heat,4,0.0,9.25,False,56.42
2024-01-24 19:00:00,19,2,1,False,-0.0,8.495,heat,6,0.0,8.495,False,54.54
2024-01-24 20:00:00,20,2,1,False,8.7,6.984,heat,4,0.0,6.984,False,39.56
2024-01-24 21:00:00,21,2,1,False,3.0,7.668,heat,6,0.0,7.668,False,40.56
2024-01-24 22:00:00,22,2,1,False,1.4,8.453,heat,2,0.0,8.453,False,49.49
2024-01-24 23:00:00,23,2,1,False,4.7,6.489,heat,6,0.0,6.489,False,35.37
2024-01-25 00:00:00,0,3,1,False,2.1,6.272,heat,4,0.129,6.272,False,38.55
2024-01-25 01:00:00,1,3,1,False,3.8,6.638,heat,3,0.0,6.638,False,33.31
2024-01-25 02:00:00,2,3,1,False,6.7,5.994,heat,1,0.0,5.994,False,27.4
2024-01-25 03:00:00,3,3,1,False,4.0,6.191,heat,2,0.011,6.191,False,33.56
2024-01-25 04:00:00,4,3,1,False,4.0,6.809,heat,1,0.0,6.809,False,34.55
2024-01-25 05:00:00,5,3,1,False,4.9,5.996,heat,2,0.0,5.996,False,32.63
2024-01-25 06:00:00,6,3,1,False,0.8,7.058,heat,1,0.162,7.058,False,37.46
2024-01-25 07:00:00,7,3,1,False,5.9,7.619,heat,1,0.0,7.49,False,37.76
2024-01-25 08:00:00,8,3,1,False,9.3,6.974,heat,1,0.372,6.724,False,43.55
2024-01-25 09:00:00,9,3,1,False,3.9,6.694,heat,1,0.127,6.34,False,39.99
2024-01-25 10:00:00,10,3,1,False,5.3,6.643,heat,2,0.0,6.21,False,42.77
2024-01-25 11:00:00,11,3,1,False,2.5,7.663,heat,4,0.007,7.18,False,42.09
2024-01-25 12:00:00,12,3,1,False,2.8,8.341,heat,4,0.118,7.841,False,43.11
2024-01-25 13:00:00,13,3,1,False,8.0,6.9,heat,2,0.332,6.417,False,39.05
2024-01-25 14:00:00,14,3,1,False,5.5,6.676,heat,4,0.165,6.243,False,31.62
2024-01-25 15:00:00,15,3,1,False,7.0,7.829,heat,0,0.099,7.475,False,43.06
2024-01-25 16:00:00,16,3,1,False,5.8,7.577,heat,3,0.142,7.327,False,48.61
2024-01-25 17:00:00,17,3,1,False,4.5,7.564,heat,6,0.211,7.435,False,45.81
2024-01-25 18:00:00,18,3,1,False,8.6,24.553,heat,3,0.15,24.553,True,154.89
2024-01-25 19:00:00,19,3,1,False,-0.4,8.765,heat,5,0.121,8.765,False,43.4
2024-01-25 20:00:00,20,3,1,False,2.6,19.208,heat,6,0.0,19.208,True,87.15
2024-01-25 21:00:00,21,3,1,False,3.9,8.374,heat,10,0.0,8.374,False,50.1
2024-01-25 22:00:00,22,3,1,False,5.1,8.143,heat,4,0.0,8.143,False,49.77
2024-01-25 23:00:00,23,3,1,False,4.1,6.468,heat,3,0.0,6.468,False,33.42
2024-01-26 00:00:00,0,4,1,False,5.6,5.938,heat,5,0.0,5.938,False,32.89
2024-01-26 01:00:00,1,4,1,False,9.1,5.437,heat,3,0.0,5.437,False,28.92
2024-01-26 02:00:00,2,4,1,False,1.5,7.593,heat,4,0.0,7.593,False,44.1
2024-01-26 03:00:00,3,4,1,False,9.6,4.803,heat,1,0.0,4.803,False,30.1
2024-01-26 04:00:00,4,4,1,False,4.3,6.796,heat,8,0.0,6.796,False,40.1
2024-01-26 05:00:00,5,4,1,False,5.6,5.685,heat,5,0.0,5.685,False,31.73
2024-01-26 06:00:00,6,4,1,False,5.1,5.718,heat,2,0.0,5.718,False,34.24
2024-01-26 07:00:00,7,4,1,False,5.8,7.49,heat,6,0.065,7.361,False,44.41
2024-01-26 08:00:00,8,4,1,False,8.6,6.354,heat,2,0.192,6.104,False,29.41
2024-01-26 09:00:00,9,4,1,False,1.6,7.653,heat,4,0.0,7.299,False,46.41
2024-01-26 10:00:00,10,4,1,False,2.8,8.013,heat,1,0.234,7.58,False,50.5
2024-01-26 11:00:00,11,4,1,False,6.9,8.048,heat,3,0.314,7.565,False,37.56
2024-01-26 12:00:00,12,4,1,False,2.6,7.409,heat,2,0.0,6.909,False,42.64
2024-01-26 13:00:00,13,4,1,False,-0.6,9.3,heat,7,0.0,8.817,False,42.01
2024-01-26 14:00:00,14,4,1,False,6.9,6.965,heat,1,0.244,6.532,False,38.38
2024-01-26 15:00:00,15,4,1,False,2.7,7.848,heat,2,0.0,7.494,False,44.73
2024-01-26 16:00:00,16,4,1,False,7.6,6.554,heat,5,0.153,6.304,False,32.69
2024-01-26 17:00:00,17,4,1,False,3.7,7.927,heat,4,0.176,7.798,False,37.74
2024-01-26 18:00:00,18,4,1,False,8.4,6.583,heat,5,0.0,6.583,False,33.22
2024-01-26 19:00:00,19,4,1,False,5.8,7.602,heat,5,0.0,7.602,False,46.87
2024-01-26 20:00:00,20,4,1,False,2.9,8.959,heat,7,0.0,8.959,False,49.5
2024-01-26 21:00:00,21,4,1,False,1.3,8.563,heat,6,0.0,8.563,False,43.67
2024-01-26 22:00:00,22,4,1,False,4.3,7.482,heat,4,0.0,7.482,False,46.36
2024-01-26 23:00:00,23,4,1,False,5.2,6.165,heat,0,0.0,6.165,False,38.91
2024-01-27 00:00:00,0,5,1,True,3.1,20.326,heat,2,0.0,20.326,True,117.01
2024-01-27 01:00:00,1,5,1,True,1.1,5.736,heat,2,0.0,5.736,False,27.85
2024-01-27 02:00:00,2,5,1,True,4.3,4.849,heat,2,0.0,4.849,False,26.76
2024-01-27 03:00:00,3,5,1,True,9.6,4.179,heat,2,0.0,4.179,False,21.5
2024-01-27 04:00:00,4,5,1,True,5.7,5.114,heat,5,0.0,5.114,False,23.71
2024-01-27 05:00:00,5,5,1,True,3.1,5.367,heat,2,0.0,5.367,False,34.81
2024-01-27 06:00:00,6,5,1,True,5.4,4.257,heat,1,0.0,4.257,False,19.92
2024-01-27 07:00:00,7,5,1,True,6.9,5.623,heat,1,0.343,5.494,False,28.87
2024-01-27 08:00:00,8,5,1,True,2.2,7.128,heat,5,0.293,6.878,False,36.02
2024-01-27 09:00:00,9,5,1,True,4.2,7.113,heat,3,0.301,6.759,False,36.0
2024-01-27 10:00:00,10,5,1,True,4.6,5.351,heat,3,0.122,4.918,False,26.44
2024-01-27 11:00:00,11,5,1,True,3.8,6.85,heat,5,0.1,6.367,False,38.36
2024-01-27 12:00:00,12,5,1,True,1.3,7.646,heat,6,0.0,7.146,False,46.25
2024-01-27 13:00:00,13,5,1,True,7.0,6.235,heat,1,0.214,5.752,False,30.58
2024-01-27 14:00:00,14,5,1,True,-1.3,8.317,heat,7,0.062,7.884,False,50.6
2024-01-27 15:00:00,15,5,1,True,3.0,7.37,heat,4,0.28,7.016,False,41.46
2024-01-27 16:00:00,16,5,1,True,2.8,6.906,heat,3,0.045,6.656,False,44.84
2024-01-27 17:00:00,17,5,1,True,3.3,7.171,heat,5,0.0,7.042,False,39.83
2024-01-27 18:00:00,18,5,1,True,9.4,4.617,heat,5,0.0,4.617,False,28.78
2024-01-27 19:00:00,19,5,1,True,4.1,6.504,heat,4,0.0,6.504,False,33.95
2024-01-27 20:00:00,20,5,1,True,8.2,5.79,heat,5,0.0,5.79,False,34.23
2024-01-27 21:00:00,21,5,1,True,5.4,6.153,heat,7,0.0,6.153,False,30.5
2024-01-27 22:00:00,22,5,1,True,6.3,5.709,heat,4,0.0,5.709,False,26.57
2024-01-27 23:00:00,23,5,1,True,4.1,4.915,heat,3,0.0,4.915,False,29.25
2024-01-28 00:00:00,0,6,1,True,7.2,4.674,heat,2,0.0,4.674,False,27.6
2024-01-28 01:00:00,1,6,1,True,3.2,5.368,heat,5,0.0,5.368,False,30.04
2024-01-28 02:00:00,2,6,1,True,3.7,5.269,heat,5,0.0,5.269,False,32.51
2024-01-28 03:00:00,3,6,1,True,3.4,5.496,heat,0,0.0,5.496,False,32.49
2024-01-28 04:00:00,4,6,1,True,1.9,5.843,heat,0,0.0,5.843,False,32.17
2024-01-28 05:00:00,5,6,1,True,4.9,5.554,heat,5,0.0,5.554,False,31.3
2024-01-28 06:00:00,6,6,1,True,7.6,4.772,heat,5,0.005,4.772,False,28.8
2024-01-28 07:00:00,7,6,1,True,4.0,6.875,heat,5,0.0,6.746,False,34.06
2024-01-28 08:00:00,8,6,1,True,2.6,6.939,heat,2,0.093,6.689,False,34.64
2024-01-28 09:00:00,9,6,1,True,10.8,5.532,off,2,0.224,5.178,False,28.16
2024-01-28 10:00:00,10,6,1,True,3.8,7.42,heat,2,0.083,6.987,False,43.16
2024-01-28 11:00:00,11,6,1,True,7.2,5.291,heat,2,0.508,4.808,False,33.51
2024-01-28 12:00:00,12,6,1,True,5.0,6.419,heat,7,0.288,5.919,False,29.72
2024-01-28 13:00:00,13,6,1,True,8.2,5.574,heat,4,0.49,5.091,False,27.47
2024-01-28 14:00:00,14,6,1,True,4.8,6.11,heat,6,0.211,5.677,False,29.75
2024-01-28 15:00:00,15,6,1,True,4.9,6.294,heat,2,0.044,5.94,False,29.24
2024-01-28 16:00:00,16,6,1,True,4.8,6.349,heat,3,0.047,6.099,False,38.26
2024-01-28 17:00:00,17,6,1,True,4.2,7.075,heat,6,0.0,6.946,False,45.53
2024-01-28 18:00:00,18,6,1,True,5.2,5.854,heat,4,0.0,5.854,False,33.85
2024-01-28 19:00:00,19,6,1,True,2.7,7.132,heat,8,0.096,7.132,False,39.6
2024-01-28 20:00:00,20,6,1,True,6.5,5.775,heat,4,0.0,5.775,False,36.41
2024-01-28 21:00:00,21,6,1,True,13.1,4.914,off,3,0.0,4.914,False,30.81
2024-01-28 22:00:00,22,6,1,True,2.2,7.199,heat,5,0.0,7.199,False,37.5
2024-01-28 23:00:00,23,6,1,True,5.9,5.095,heat,1,0.0,5.095,False,24.61
2024-01-29 00:00:00,0,0,1,False,5.0,6.083,heat,1,0.0,6.083,False,30.36
2024-01-29 01:00:00,1,0,1,False,1.6,13.492,heat,2,0.031,13.492,True,81.83
2024-01-29 02:00:00,2,0,1,False,7.3,5.259,heat,7,0.0,5.259,False,31.63
2024-01-29 03:00:00,3,0,1,False,3.7,7.077,heat,3,0.0,7.077,False,38.78
2024-01-29 04:00:00,4,0,1,False,2.9,6.803,heat,2,0.0,6.803,False,31.95
2024-01-29 05:00:00,5,0,1,False,9.1,5.834,heat,1,0.0,5.834,False,35.57
2024-01-29 06:00:00,6,0,1,False,4.0,6.927,heat,5,0.0,6.927,False,39.05
2024-01-29 07:00:00,7,0,1,False,8.5,6.434,heat,6,0.068,6.305,False,33.69
2024-01-29 08:00:00,8,0,1,False,6.6,6.624,heat,2,0.138,6.374,False,42.16
2024-01-29 09:00:00,9,0,1,False,5.3,7.93,heat,4,0.224,7.576,False,38.57
2024-01-29 10:00:00,10,0,1,False,6.9,7.495,heat,5,0.445,7.062,False,38.02
2024-01-29 11:00:00,11,0,1,False,7.4,6.978,heat,7,0.329,6.495,False,35.45
2024-01-29 12:00:00,12,0,1,False,4.5,7.103,heat,1,0.07,6.603,False,45.21
2024-01-29 13:00:00,13,0,1,False,3.9,7.614,heat,1,0.01,7.131,False,47.73
2024-01-29 14:00:00,14,0,1,False,7.6,6.977,heat,2,0.25,6.544,False,40.65
2024-01-29 15:00:00,15,0,1,False,13.3,5.779,off,3,0.441,5.425,False,31.11
2024-01-29 16:00:00,16,0,1,False,0.1,8.37,heat,2,0.121,8.12,False,39.97
2024-01-29 17:00:00,17,0,1,False,1.7,8.801,heat,0,0.0,8.672,False,54.62
2024-01-29 18:00:00,18,0,1,False,2.1,8.594,heat,2,0.0,8.594,False,39.42
2024-01-29 19:00:00,19,0,1,False,4.0,8.121,heat,12,0.094,8.121,False,36.69
2024-01-29 20:00:00,20,0,1,False,2.1,8.497,heat,2,0.0,8.497,False,45.74
2024-01-29 21:00:00,21,0,1,False,6.8,6.225,heat,6,0.0,6.225,False,35.1
2024-01-29 22:00:00,22,0,1,False,0.7,8.763,heat,6,0.0,8.763,False,50.55
2024-01-29 23:00:00,23,0,1,False,3.7,6.218,heat,3,0.0,6.218,False,34.95
2024-01-30 00:00:00,0,1,1,False,3.5,6.655,heat,7,0.0,6.655,False,36.12
2024-01-30 01:00:00,1,1,1,False,8.0,4.668,heat,2,0.0,4.668,False,25.25
2024-01-30 02:00:00,2,1,1,False,4.9,5.28,heat,1,0.0,5.28,False,26.41
2024-01-30 03:00:00,3,1,1,False,1.0,7.293,heat,2,0.017,7.293,False,35.83
2024-01-30 04:00:00,4,1,1,False,5.9,5.472,heat,3,0.0,5.472,False,27.36
2024-01-30 05:00:00,5,1,1,False,2.2,5.894,heat,3,0.0,5.894,False,26.9
2024-01-30 06:00:00,6,1,1,False,1.4,6.521,heat,1,0.067,6.521,False,32.24
2024-01-30 07:00:00,7,1,1,False,8.3,6.653,heat,2,0.035,6.524,False,31.48
2024-01-30 08:00:00,8,1,1,False,3.7,8.324,heat,2,0.123,8.074,False,51.84
2024-01-30 09:00:00,9,1,1,False,6.5,7.198,heat,5,0.293,6.844,False,41.71
2024-01-30 10:00:00,10,1,1,False,3.6,7.676,heat,1,0.024,7.243,False,38.61
2024-01-30 11:00:00,11,1,1,False,5.7,7.262,heat,1,0.249,6.779,False,41.82
2024-01-30 12:00:00,12,1,1,False,9.2,6.803,heat,3,0.61,6.303,False,41.78
2024-01-30 13:00:00,13,1,1,False,5.6,7.629,heat,1,0.397,7.146,False,47.74
2024-01-30 14:00:00,14,1,1,False,3.9,8.107,heat,1,0.207,7.674,False,48.56
2024-01-30 15:00:00,15,1,1,False,1.0,9.237,heat,2,0.013,8.883,False,48.33
2024-01-30 16:00:00,16,1,1,False,7.7,6.902,heat,4,0.159,6.652,False,33.93
2024-01-30 17:00:00,17,1,1,False,6.4,7.472,heat,5,0.01,7.343,False,47.82
2024-01-30 18:00:00,18,1,1,False,6.0,6.449,heat,7,0.0,6.449,False,30.76
2024-01-30 19:00:00,19,1,1,False,4.8,7.682,heat,7,0.061,7.682,False,49.45
2024-01-30 20:00:00,20,1,1,False,8.4,6.167,heat,5,0.0,6.167,False,39.04
2024-01-30 21:00:00,21,1,1,False,3.7,7.626,heat,3,0.0,7.626,False,41.75
2024-01-30 22:00:00,22,1,1,False,6.7,6.953,heat,5,0.0,6.953,False,37.82
2024-01-30 23:00:00,23,1,1,False,10.5,4.685,off,3,0.0,4.685,False,21.96
2024-01-31 00:00:00,0,2,1,False,5.2,5.757,heat,2,0.0,5.757,False,36.44
2024-01-31 01:00:00,1,2,1,False,4.0,6.15,heat,2,0.0,6.15,False,33.76
2024-01-31 02:00:00,2,2,1,False,3.3,6.726,heat,4,0.0,6.726,False,30.48
2024-01-31 03:00:00,3,2,1,False,3.3,6.511,heat,10,0.0,6.511,False,33.67
2024-01-31 04:00:00,4,2,1,False,5.1,5.996,heat,2,0.0,5.996,False,33.9
2024-01-31 05:00:00,5,2,1,False,10.0,4.807,heat,1,0.0,4.807,False,26.15
2024-01-31 06:00:00,6,2,1,False,6.3,5.634,heat,2,0.038,5.634,False,28.99
2024-01-31 07:00:00,7,2,1,False,5.6,7.793,heat,1,0.078,7.664,False,42.21
2024-01-31 08:00:00,8,2,1,False,5.4,26.42,heat,3,0.0,26.17,True,137.42
2024-01-31 09:00:00,9,2,1,False,0.3,9.617,heat,1,0.012,9.263,False,60.92
2024-01-31 10:00:00,10,2,1,False,4.7,7.805,heat,7,0.067,7.372,False,38.23
2024-01-31 11:00:00,11,2,1,False,2.2,8.544,heat,2,0.027,8.061,False,45.36
2024-01-31 12:00:00,12,2,1,False,9.5,6.295,heat,2,0.397,5.795,False,39.39
2024-01-31 13:00:00,13,2,1,False,2.4,8.426,heat,4,0.164,7.943,False,44.81
2024-01-31 14:00:00,14,2,1,False,1.0,8.959,heat,7,0.0,8.526,False,49.35
2024-01-31 15:00:00,15,2,1,False,-0.2,8.926,heat,0,0.0,8.572,False,49.15
2024-01-31 16:00:00,16,2,1,False,2.7,7.976,heat,5,0.049,7.726,False,47.6
2024-01-31 17:00:00,17,2,1,False,-3.7,10.166,heat,3,0.069,10.037,False,54.63
2024-01-31 18:00:00,18,2,1,False,5.6,8.194,heat,5,0.001,8.194,False,39.61
2024-01-31 19:00:00,19,2,1,False,5.7,6.778,heat,5,0.0,6.778,False,41.7
2024-01-31 20:00:00,20,2,1,False,1.7,8.177,heat,4,0.0,8.177,False,48.21
2024-01-31 21:00:00,21,2,1,False,7.6,6.885,heat,3,0.0,6.885,False,42.92
2024-01-31 22:00:00,22,2,1,False,4.5,7.532,heat,3,0.0,7.532,False,38.61
2024-01-31 23:00:00,23,2,1,False,4.5,6.14,heat,3,0.005,6.14,False,31.26
2024-02-01 00:00:00,0,3,2,False,15.1,3.123,off,2,0.0,3.123,False,14.06
2024-02-01 01:00:00,1,3,2,False,15.9,3.699,off,5,0.0,3.699,False,16.87
2024-02-01 02:00:00,2,3,2,False,9.4,4.949,heat,1,0.0,4.949,False,26.55
2024-02-01 03:00:00,3,3,2,False,8.2,5.354,heat,5,0.0,5.354,False,32.11
2024-02-01 04:00:00,4,3,2,False,11.4,4.346,off,2,0.0,4.346,False,20.33
2024-02-01 05:00:00,5,3,2,False,17.1,2.737,off,1,0.0,2.737,False,12.93
2024-02-01 06:00:00,6,3,2,False,10.2,4.492,off,2,0.331,4.492,False,23.67
2024-02-01 07:00:00,7,3,2,False,15.4,5.593,off,6,0.171,5.464,False,33.63
2024-02-01 08:00:00,8,3,2,False,9.6,6.012,heat,1,0.375,5.762,False,28.26
2024-02-01 09:00:00,9,3,2,False,12.0,5.632,off,5,0.349,5.278,False,32.33
2024-02-01 10:00:00,10,3,2,False,10.8,5.382,off,1,0.321,4.949,False,28.03
2024-02-01 11:00:00,11,3,2,False,13.7,5.559,off,1,0.595,5.076,False,27.59
2024-02-01 12:00:00,12,3,2,False,12.9,5.917,off,3,0.661,5.417,False,38.25
2024-02-01 13:00:00,13,3,2,False,9.8,5.645,heat,1,0.481,5.162,False,35.01
2024-02-01 14:00:00,14,3,2,False,11.1,5.748,off,2,0.409,5.315,False,28.16
2024-02-01 15:00:00,15,3,2,False,9.3,6.157,heat,3,0.279,5.803,False,33.13
2024-02-01 16:00:00,16,3,2,False,13.2,5.36,off,3,0.34,5.11,False,27.04
2024-02-01 17:00:00,17,3,2,False,9.4,6.659,heat,3,0.04,6.53,False,36.48
2024-02-01 18:00:00,18,3,2,False,12.8,5.593,off,4,0.0,5.593,False,27.67
2024-02-01 19:00:00,19,3,2,False,13.7,5.377,off,5,0.0,5.377,False,24.76
2024-02-01 20:00:00,20,3,2,False,14.5,4.61,off,6,0.0,4.61,False,25.16
2024-02-01 21:00:00,21,3,2,False,14.5,5.153,off,9,0.0,5.153,False,29.96
2024-02-01 22:00:00,22,3,2,False,13.5,5.804,off,5,0.0,5.804,False,30.7
2024-02-01 23:00:00,23,3,2,False,9.3,5.028,heat,3,0.0,5.028,False,24.48
2024-02-02 00:00:00,0,4,2,False,9.9,4.023,heat,4,0.0,4.023,False,23.04
2024-02-02 01:00:00,1,4,2,False,9.9,5.337,heat,2,0.0,5.337,False,32.63
2024-02-02 02:00:00,2,4,2,False,12.3,4.764,off,1,0.0,4.764,False,24.54
2024-02-02 03:00:00,3,4,2,False,15.8,3.584,off,3,0.0,3.584,False,22.52
2024-02-02 04:00:00,4,4,2,False,10.4,5.071,off,6,0.0,5.071,False,24.28
2024-02-02 05:00:00,5,4,2,False,11.6,4.599,off,3,0.0,4.599,False,24.29
2024-02-02 06:00:00,6,4,2,False,16.1,3.538,off,5,0.044,3.538,False,16.28
2024-02-02 07:00:00,7,4,2,False,8.4,6.473,heat,2,0.168,6.344,False,38.45
2024-02-02 08:00:00,8,4,2,False,17.1,4.851,off,2,0.674,4.601,False,30.82
2024-02-02 09:00:00,9,4,2,False,14.4,4.313,off,4,0.336,3.959,False,24.44
2024-02-02 10:00:00,10,4,2,False,10.4,6.137,off,3,0.491,5.704,False,32.88
2024-02-02 11:00:00,11,4,2,False,11.5,6.297,off,5,0.627,5.814,False,35.51
2024-02-02 12:00:00,12,4,2,False,17.6,4.988,off,0,0.909,4.488,False,30.01
2024-02-02 13:00:00,13,4,2,False,11.0,6.217,off,2,0.632,5.734,False,33.32
2024-02-02 14:00:00,14,4,2,False,14.6,5.618,off,0,0.73,5.185,False,34.74
2024-02-02 15:00:00,15,4,2,False,18.6,4.278,off,3,0.694,3.924,False,22.1
2024-02-02 16:00:00,16,4,2,False,12.4,5.962,off,2,0.299,5.712,False,30.75
2024-02-02 17:00:00,17,4,2,False,12.5,5.967,off,2,0.0,5.838,False,37.03
2024-02-02 18:00:00,18,4,2,False,19.1,3.356,off,5,0.217,3.356,False,20.32
2024-02-02 19:00:00,19,4,2,False,9.2,6.804,heat,7,0.0,6.804,False,31.06
2024-02-02 20:00:00,20,4,2,False,12.4,5.736,off,6,0.0,5.736,False,31.45
2024-02-02 21:00:00,21,4,2,False,13.8,5.443,off,6,0.0,5.443,False,34.08
2024-02-02 22:00:00,22,4,2,False,7.9,7.191,heat,3,0.0,7.191,False,39.41
2024-02-02 23:00:00,23,4,2,False,9.0,4.833,heat,4,0.0,4.833,False,21.8
2024-02-03 00:00:00,0,5,2,True,10.8,3.514,off,5,0.0,3.514,False,19.83
2024-02-03 01:00:00,1,5,2,True,13.7,2.797,off,2,0.0,2.797,False,12.97
2024-02-03 02:00:00,2,5,2,True,11.0,3.593,off,3,0.0,3.593,False,17.61
2024-02-03 03:00:00,3,5,2,True,12.2,2.28,off,3,0.0,2.28,False,10.49
2024-02-03 04:00:00,4,5,2,True,14.8,2.757,off,4,0.0,2.757,False,17.26
2024-02-03 05:00:00,5,5,2,True,14.3,2.908,off,3,0.0,2.908,False,16.43
2024-02-03 06:00:00,6,5,2,True,6.4,4.09,heat,2,0.191,4.09,False,21.51
2024-02-03 07:00:00,7,5,2,True,13.0,4.142,off,2,0.197,4.013,False,22.33
2024-02-03 08:00:00,8,5,2,True,14.1,4.617,off,2,0.4,4.367,False,25.32
2024-02-03 09:00:00,9,5,2,True,12.3,4.244,off,6,0.434,3.89,False,20.0
2024-02-03 10:00:00,10,5,2,True,14.1,4.777,off,1,0.691,4.344,False,25.52
2024-02-03 11:00:00,11,5,2,True,14.8,3.625,off,0,0.777,3.142,False,19.64
2024-02-03 12:00:00,12,5,2,True,13.5,4.721,off,4,0.626,4.221,False,27.05
2024-02-03 13:00:00,13,5,2,True,12.2,4.262,off,2,0.48,3.779,False,21.34
2024-02-03 14:00:00,14,5,2,True,13.3,4.718,off,2,0.558,4.285,False,29.28
2024-02-03 15:00:00,15,5,2,True,5.5,6.412,heat,5,0.272,6.058,False,34.17
2024-02-03 16:00:00,16,5,2,True,16.7,3.614,off,2,0.404,3.364,False,17.87
2024-02-03 17:00:00,17,5,2,True,16.5,3.17,off,2,0.123,3.041,False,17.89
2024-02-03 18:00:00,18,5,2,True,16.3,3.633,off,5,0.0,3.633,False,19.54
2024-02-03 19:00:00,19,5,2,True,12.9,4.166,off,3,0.0,4.166,False,20.25
2024-02-03 20:00:00,20,5,2,True,14.2,3.792,off,4,0.0,3.792,False,23.56
2024-02-03 21:00:00,21,5,2,True,12.9,4.997,off,4,0.0,4.997,False,28.54
2024-02-03 22:00:00,22,5,2,True,13.5,5.478,off,2,0.0,5.478,False,33.18
2024-02-03 23:00:00,23,5,2,True,16.6,1.743,off,3,0.0,1.743,False,10.7
2024-02-04 00:00:00,0,6,2,True,7.2,4.573,heat,1,0.0,4.573,False,24.25
2024-02-04 01:00:00,1,6,2,True,13.8,3.123,off,3,0.0,3.123,False,19.95
2024-02-04 02:00:00,2,6,2,True,10.0,3.448,heat,3,0.0,3.448,False,15.92
2024-02-04 03:00:00,3,6,2,True,9.0,3.585,heat,4,0.0,3.585,False,17.85
2024-02-04 04:00:00,4,6,2,True,12.1,3.17,off,5,0.0,3.17,False,15.53
2024-02-04 05:00:00,5,6,2,True,8.7,11.53,heat,0,0.0,11.53,True,56.16
2024-02-04 06:00:00,6,6,2,True,8.7,3.006,heat,3,0.116,3.006,False,18.19
2024-02-04 07:00:00,7,6,2,True,7.5,5.923,heat,4,0.0,5.794,False,27.67
2024-02-04 08:00:00,8,6,2,True,11.1,5.259,off,2,0.355,5.009,False,25.96
2024-02-04 09:00:00,9,6,2,True,14.1,4.373,off,3,0.476,4.019,False,21.42
2024-02-04 10:00:00,10,6,2,True,15.0,3.852,off,0,0.601,3.419,False,23.34
2024-02-04 11:00:00,11,6,2,True,18.4,2.618,off,5,0.697,2.135,False,16.28
2024-02-04 12:00:00,12,6,2,True,11.3,13.05,off,4,0.406,12.55,True,61.7
2024-02-04 13:00:00,13,6,2,True,14.9,3.667,off,4,0.669,3.184,False,17.27
2024-02-04 14:00:00,14,6,2,True,13.0,4.313,off,3,0.482,3.88,False,19.42
2024-02-04 15:00:00,15,6,2,True,13.0,4.465,off,6,0.558,4.111,False,25.69
2024-02-04 16:00:00,16,6,2,True,13.6,4.616,off,2,0.414,4.366,False,25.12
2024-02-04 17:00:00,17,6,2,True,14.9,4.39,off,4,0.343,4.261,False,26.7
2024-02-04 18:00:00,18,6,2,True,13.9,4.3,off,5,0.0,4.3,False,26.6
2024-02-04 19:00:00,19,6,2,True,11.3,4.885,off,8,0.0,4.885,False,24.48
2024-02-04 20:00:00,20,6,2,True,14.3,4.443,off,8,0.0,4.443,False,23.0
2024-02-04 21:00:00,21,6,2,True,10.6,4.696,off,5,0.0,4.696,False,23.0
2024-02-04 22:00:00,22,6,2,True,14.3,3.861,off,6,0.0,3.861,False,19.64
2024-02-04 23:00:00,23,6,2,True,12.8,3.572,off,2,0.0,3.572,False,21.3
2024-02-05 00:00:00,0,0,2,False,6.9,6.163,heat,3,0.0,6.163,False,32.93
2024-02-05 01:00:00,1,0,2,False,12.1,3.573,off,4,0.0,3.573,False,20.75
2024-02-05 02:00:00,2,0,2,False,15.3,3.276,off,2,0.0,3.276,False,18.32
2024-02-05 03:00:00,3,0,2,False,12.1,4.641,off,1,0.0,4.641,False,28.9
2024-02-05 04:00:00,4,0,2,False,13.2,4.156,off,4,0.0,4.156,False,23.45
2024-02-05 05:00:00,5,0,2,False,11.1,4.474,off,2,0.0,4.474,False,22.06
2024-02-05 06:00:00,6,0,2,False,11.7,3.896,off,0,0.114,3.896,False,24.49
2024-02-05 07:00:00,7,0,2,False,15.3,4.759,off,2,0.057,4.63,False,28.04
2024-02-05 08:00:00,8,0,2,False,11.2,5.661,off,2,0.292,5.411,False,29.79
2024-02-05 09:00:00,9,0,2,False,9.0,7.083,heat,5,0.221,6.729,False,34.57
2024-02-05 10:00:00,10,0,2,False,6.0,7.007,heat,3,0.286,6.574,False,40.81
2024-02-05 11:00:00,11,0,2,False,10.2,6.298,off,7,0.523,5.815,False,35.77
2024-02-05 12:00:00,12,0,2,False,9.2,6.667,heat,3,0.396,6.167,False,35.42
2024-02-05 13:00:00,13,0,2,False,8.0,6.746,heat,5,0.372,6.263,False,34.66
2024-02-05 14:00:00,14,0,2,False,9.3,6.464,heat,8,0.412,6.031,False,37.34
2024-02-05 15:00:00,15,0,2,False,9.5,5.907,heat,2,0.268,5.553,False,27.87
2024-02-05 16:00:00,16,0,2,False,9.3,6.313,heat,3,0.066,6.063,False,34.88
2024-02-05 17:00:00,17,0,2,False,16.6,4.508,off,0,0.293,4.379,False,29.22
2024-02-05 18:00:00,18,0,2,False,7.5,6.671,heat,7,0.077,6.671,False,42.24
2024-02-05 19:00:00,19,0,2,False,14.2,5.797,off,4,0.0,5.797,False,29.37
2024-02-05 20:00:00,20,0,2,False,14.1,6.041,off,5,0.0,6.041,False,32.03
2024-02-05 21:00:00,21,0,2,False,14.3,5.608,off,3,0.0,5.608,False,35.18
2024-02-05 22:00:00,22,0,2,False,12.4,6.316,off,6,0.0,6.316,False,36.36
2024-02-05 23:00:00,23,0,2,False,16.3,2.973,off,4,0.0,2.973,False,14.93
2024-02-06 00:00:00,0,1,2,False,12.5,4.09,off,6,0.0,4.09,False,20.75
2024-02-06 01:00:00,1,1,2,False,11.9,3.989,off,6,0.0,3.989,False,17.99
2024-02-06 02:00:00,2,1,2,False,16.0,3.346,off,2,0.0,3.346,False,20.83
2024-02-06 03:00:00,3,1,2,False,12.0,3.949,off,7,0.0,3.949,False,18.63
2024-02-06 04:00:00,4,1,2,False,7.7,4.944,heat,1,0.0,4.944,False,25.43
2024-02-06 05:00:00,5,1,2,False,14.0,2.707,off,4,0.0,2.707,False,14.11
2024-02-06 06:00:00,6,1,2,False,15.8,3.544,off,1,0.041,3.544,False,21.91
2024-02-06 07:00:00,7,1,2,False,13.4,5.927,off,5,0.118,5.798,False,26.89
2024-02-06 08:00:00,8,1,2,False,11.4,6.374,off,6,0.124,6.124,False,30.36
2024-02-06 09:00:00,9,1,2,False,13.3,5.786,off,1,0.453,5.432,False,36.54
2024-02-06 10:00:00,10,1,2,False,14.5,5.492,off,2,0.741,5.059,False,27.12
2024-02-06 11:00:00,11,1,2,False,9.4,6.326,heat,3,0.456,5.843,False,30.8
2024-02-06 12:00:00,12,1,2,False,6.4,6.574,heat,0,0.225,6.074,False,36.92
2024-02-06 13:00:00,13,1,2,False,12.1,5.347,off,1,0.86,4.864,False,26.56
2024-02-06 14:00:00,14,1,2,False,15.6,4.775,off,7,0.677,4.342,False,27.85
2024-02-06 15:00:00,15,1,2,False,9.1,5.659,heat,3,0.236,5.305,False,35.63
2024-02-06 16:00:00,16,1,2,False,8.7,23.645,heat,5,0.431,23.395,True,149.56
2024-02-06 17:00:00,17,1,2,False,13.1,5.69,off,2,0.0,5.561,False,35.08
2024-02-06 18:00:00,18,1,2,False,11.8,6.062,off,4,0.0,6.062,False,38.55
2024-02-06 19:00:00,19,1,2,False,10.4,6.559,off,6,0.0,6.559,False,41.59
2024-02-06 20:00:00,20,1,2,False,16.0,4.081,off,5,0.0,4.081,False,20.03
2024-02-06 21:00:00,21,1,2,False,10.5,5.861,off,4,0.0,5.861,False,33.52
2024-02-06 22:00:00,22,1,2,False,13.6,4.942,off,2,0.0,4.942,False,25.95
2024-02-06 23:00:00,23,1,2,False,15.0,3.317,off,3,0.0,3.317,False,17.53
2024-02-07 00:00:00,0,2,2,False,11.9,4.047,off,1,0.0,4.047,False,20.75
2024-02-07 01:00:00,1,2,2,False,15.0,2.677,off,1,0.0,2.677,False,15.35
2024-02-07 02:00:00,2,2,2,False,14.5,3.95,off,1,0.0,3.95,False,20.56
2024-02-07 03:00:00,3,2,2,False,13.1,4.575,off,3,0.0,4.575,False,23.3
2024-02-07 04:00:00,4,2,2,False,11.4,4.162,off,6,0.0,4.162,False,22.03
2024-02-07 05:00:00,5,2,2,False,16.8,2.848,off,4,0.0,2.848,False,17.32
2024-02-07 06:00:00,6,2,2,False,15.2,3.831,off,4,0.0,3.831,False,22.61
2024-02-07 07:00:00,7,2,2,False,14.7,5.091,off,2,0.207,4.962,False,25.34
2024-02-07 08:00:00,8,2,2,False,12.7,5.855,off,1,0.124,5.605,False,36.64
2024-02-07 09:00:00,9,2,2,False,10.9,5.673,off,3,0.41,5.319,False,26.28
2024-02-07 10:00:00,10,2,2,False,6.7,7.37,heat,5,0.235,6.937,False,37.96
2024-02-07 11:00:00,11,2,2,False,14.1,5.44,off,2,0.743,4.957,False,25.4
2024-02-07 12:00:00,12,2,2,False,11.5,5.744,off,3,0.305,5.244,False,32.41
2024-02-07 13:00:00,13,2,2,False,13.2,5.49,off,0,0.73,5.007,False,34.54
2024-02-07 14:00:00,14,2,2,False,19.9,3.449,off,2,0.863,3.016,False,16.08
2024-02-07 15:00:00,15,2,2,False,16.3,4.626,off,3,0.528,4.272,False,26.35
2024-02-07 16:00:00,16,2,2,False,13.8,5.351,off,4,0.398,5.101,False,32.4
2024-02-07 17:00:00,17,2,2,False,12.2,5.583,off,2,0.202,5.454,False,31.61
2024-02-07 18:00:00,18,2,2,False,14.8,4.748,off,6,0.0,4.748,False,29.61
2024-02-07 19:00:00,19,2,2,False,15.2,5.548,off,3,0.0,5.548,False,30.57
2024-02-07 20:00:00,20,2,2,False,11.3,6.462,off,5,0.0,6.462,False,34.03
2024-02-07 21:00:00,21,2,2,False,11.7,5.888,off,4,0.0,5.888,False,27.9
2024-02-07 22:00:00,22,2,2,False,13.2,5.644,off,3,0.0,5.644,False,31.8
2024-02-07 23:00:00,23,2,2,False,10.2,4.017,off,6,0.0,4.017,False,19.64
2024-02-08 00:00:00,0,3,2,False,10.4,4.241,off,2,0.0,4.241,False,24.79
2024-02-08 01:00:00,1,3,2,False,9.1,4.835,heat,2,0.0,4.835,False,28.91
2024-02-08 02:00:00,2,3,2,False,17.7,2.445,off,3,0.0,2.445,False,12.91
2024-02-08 03:00:00,3,3,2,False,8.5,5.588,heat,7,0.0,5.588,False,31.1
2024-02-08 04:00:00,4,3,2,False,8.6,4.909,heat,3,0.0,4.909,False,29.4
2024-02-08 05:00:00,5,3,2,False,5.7,5.404,heat,1,0.005,5.404,False,30.23
2024-02-08 06:00:00,6,3,2,False,14.4,4.512,off,8,0.059,4.512,False,22.72
2024-02-08 07:00:00,7,3,2,False,9.7,7.123,heat,2,0.085,6.994,False,43.65
2024-02-08 08:00:00,8,3,2,False,14.8,5.4,off,1,0.287,5.15,False,33.6
2024-02-08 09:00:00,9,3,2,False,12.4,4.935,off,2,0.376,4.581,False,27.77
2024-02-08 10:00:00,10,3,2,False,16.3,5.311,off,8,0.822,4.878,False,24.71
2024-02-08 11:00:00,11,3,2,False,9.9,6.889,heat,7,0.328,6.406,False,37.79
2024-02-08 12:00:00,12,3,2,False,12.7,4.938,off,2,0.635,4.438,False,31.84
2024-02-08 13:00:00,13,3,2,False,15.8,3.935,off,3,0.71,3.452,False,23.99
2024-02-08 14:00:00,14,3,2,False,16.1,4.542,off,2,0.763,4.109,False,27.47
2024-02-08 15:00:00,15,3,2,False,15.8,5.005,off,6,0.532,4.651,False,28.22
2024-02-08 16:00:00,16,3,2,False,14.2,5.83,off,3,0.224,5.58,False,29.39
2024-02-08 17:00:00,17,3,2,False,12.4,4.941,off,5,0.315,4.812,False,24.27
2024-02-08 18:00:00,18,3,2,False,14.3,5.962,off,6,0.017,5.962,False,32.03
2024-02-08 19:00:00,19,3,2,False,8.6,18.644,heat,6,0.0,18.644,True,85.19
2024-02-08 20:00:00,20,3,2,False,11.4,6.305,off,6,0.0,6.305,False,39.64
2024-02-08 21:00:00,21,3,2,False,16.7,4.605,off,8,0.0,4.605,False,22.69
2024-02-08 22:00:00,22,3,2,False,15.3,5.485,off,7,0.0,5.485,False,30.71
2024-02-08 23:00:00,23,3,2,False,8.8,5.24,heat,1,0.0,5.24,False,30.65
2024-02-09 00:00:00,0,4,2,False,13.6,3.885,off,4,0.0,3.885,False,20.03
2024-02-09 01:00:00,1,4,2,False,9.8,5.124,heat,3,0.0,5.124,False,31.92
2024-02-09 02:00:00,2,4,2,False,11.6,4.072,off,2,0.0,4.072,False,18.65
2024-02-09 03:00:00,3,4,2,False,16.9,3.016,off,4,0.0,3.016,False,18.11
2024-02-09 04:00:00,4,4,2,False,7.0,5.001,heat,5,0.0,5.001,False,27.05
2024-02-09 05:00:00,5,4,2,False,8.7,5.426,heat,3,0.0,5.426,False,26.75
2024-02-09 06:00:00,6,4,2,False,13.0,4.532,off,2,0.163,4.532,False,23.29
2024-02-09 07:00:00,7,4,2,False,13.9,13.827,off,2,0.073,13.698,True,66.09
2024-02-09 08:00:00,8,4,2,False,11.6,22.457,off,3,0.266,22.207,True,101.65
2024-02-09 09:00:00,9,4,2,False,16.0,4.686,off,4,0.479,4.332,False,27.24
2024-02-09 10:00:00,10,4,2,False,11.8,6.808,off,4,0.413,6.375,False,30.92
2024-02-09 11:00:00,11,4,2,False,13.3,5.457,off,1,0.797,4.974,False,35.19
2024-02-09 12:00:00,12,4,2,False,12.7,17.546,off,5,0.777,17.046,True,87.5
2024-02-09 13:00:00,13,4,2,False,11.7,6.092,off,1,0.513,5.609,False,39.14
2024-02-09 14:00:00,14,4,2,False,14.7,5.137,off,4,0.977,4.704,False,32.6
2024-02-09 15:00:00,15,4,2,False,10.1,7.111,off,5,0.464,6.757,False,37.8
2024-02-09 16:00:00,16,4,2,False,16.4,13.306,off,2,0.509,13.056,True,76.24
2024-02-09 17:00:00,17,4,2,False,15.4,4.408,off,3,0.198,4.279,False,23.46
2024-02-09 18:00:00,18,4,2,False,15.4,5.618,off,5,0.117,5.618,False,28.88
2024-02-09 19:00:00,19,4,2,False,19.3,4.421,off,5,0.0,4.421,False,28.53
2024-02-09 20:00:00,20,4,2,False,13.8,5.131,off,7,0.0,5.131,False,32.06
2024-02-09 21:00:00,21,4,2,False,12.9,6.485,off,5,0.0,6.485,False,32.87
2024-02-09 22:00:00,22,4,2,False,13.9,5.311,off,5,0.0,5.311,False,26.99
2024-02-09 23:00:00,23,4,2,False,11.3,4.26,off,5,0.0,4.26,False,25.13
2024-02-10 00:00:00,0,5,2,True,12.2,3.521,off,1,0.0,3.521,False,17.22
2024-02-10 01:00:00,1,5,2,True,10.0,4.083,off,4,0.0,4.083,False,23.33
2024-02-10 02:00:00,2,5,2,True,16.6,2.423,off,3,0.0,2.423,False,11.92
2024-02-10 03:00:00,3,5,2,True,9.5,4.368,heat,4,0.0,4.368,False,22.88
2024-02-10 04:00:00,4,5,2,True,10.0,2.928,off,0,0.0,2.928,False,14.44
2024-02-10 05:00:00,5,5,2,True,11.9,3.568,off,5,0.0,3.568,False,19.03
2024-02-10 06:00:00,6,5,2,True,9.2,3.935,heat,4,0.0,3.935,False,21.5
2024-02-10 07:00:00,7,5,2,True,10.5,5.118,off,3,0.057,4.989,False,29.76
2024-02-10 08:00:00,8,5,2,True,11.4,4.639,off,0,0.286,4.389,False,25.07
2024-02-10 09:00:00,9,5,2,True,14.9,3.81,off,3,0.536,3.456,False,23.58
2024-02-10 10:00:00,10,5,2,True,8.2,5.563,heat,4,0.383,5.13,False,26.0
2024-02-10 11:00:00,11,5,2,True,10.9,5.021,off,4,0.628,4.538,False,26.23
2024-02-10 12:00:00,12,5,2,True,13.4,3.471,off,6,1.032,2.971,False,21.71
2024-02-10 13:00:00,13,5,2,True,14.0,4.487,off,1,0.515,4.004,False,20.67
2024-02-10 14:00:00,14,5,2,True,20.3,3.592,off,3,0.817,3.159,False,21.82
2024-02-10 15:00:00,15,5,2,True,16.9,3.665,off,3,0.637,3.311,False,16.5
2024-02-10 16:00:00,16,5,2,True,17.5,3.572,off,0,0.632,3.322,False,18.8
2024-02-10 17:00:00,17,5,2,True,7.9,6.113,heat,3,0.079,5.984,False,37.9
2024-02-10 18:00:00,18,5,2,True,13.5,4.418,off,5,0.0,4.418,False,21.71
2024-02-10 19:00:00,19,5,2,True,14.4,4.977,off,5,0.0,4.977,False,23.87
2024-02-10 20:00:00,20,5,2,True,8.8,5.493,heat,4,0.0,5.493,False,27.91
2024-02-10 21:00:00,21,5,2,True,11.8,5.142,off,6,0.0,5.142,False,27.02
2024-02-10 22:00:00,22,5,2,True,14.9,3.608,off,5,0.0,3.608,False,20.74
2024-02-10 23:00:00,23,5,2,True,15.1,2.37,off,1,0.0,2.37,False,12.86
2024-02-11 00:00:00,0,6,2,True,16.3,2.561,off,2,0.0,2.561,False,15.87
2024-02-11 01:00:00,1,6,2,True,12.9,2.909,off,3,0.0,2.909,False,18.29
2024-02-11 02:00:00,2,6,2,True,10.9,3.256,off,3,0.0,3.256,False,20.23
2024-02-11 03:00:00,3,6,2,True,14.3,2.757,off,4,0.0,2.757,False,16.93
2024-02-11 04:00:00,4,6,2,True,13.1,2.94,off,3,0.0,2.94,False,17.9
2024-02-11 05:00:00,5,6,2,True,13.9,2.351,off,2,0.0,2.351,False,12.33
2024-02-11 06:00:00,6,6,2,True,6.9,4.317,heat,3,0.092,4.317,False,26.61
2024-02-11 07:00:00,7,6,2,True,12.5,4.657,off,2,0.059,4.528,False,22.92
2024-02-11 08:00:00,8,6,2,True,13.8,3.283,off,2,0.27,3.033,False,20.68
2024-02-11 09:00:00,9,6,2,True,12.5,4.588,off,4,0.406,4.234,False,28.53
2024-02-11 10:00:00,10,6,2,True,12.1,4.31,off,0,0.714,3.877,False,25.57
2024-02-11 11:00:00,11,6,2,True,12.1,4.569,off,4,0.747,4.086,False,27.67
2024-02-11 12:00:00,12,6,2,True,9.9,4.723,heat,3,0.326,4.223,False,30.04
2024-02-11 13:00:00,13,6,2,True,15.1,3.784,off,0,0.605,3.301,False,23.25
2024-02-11 14:00:00,14,6,2,True,11.6,5.514,off,5,0.691,5.081,False,31.51
2024-02-11 15:00:00,15,6,2,True,5.0,6.05,heat,4,0.394,5.696,False,38.91
2024-02-11 16:00:00,16,6,2,True,10.7,4.766,off,4,0.315,4.516,False,25.33
2024-02-11 17:00:00,17,6,2,True,10.2,4.997,off,5,0.146,4.868,False,31.07
2024-02-11 18:00:00,18,6,2,True,11.5,3.965,off,3,0.0,3.965,False,23.6
2024-02-11 19:00:00,19,6,2,True,10.6,4.362,off,4,0.0,4.362,False,27.68
2024-02-11 20:00:00,20,6,2,True,12.2,4.873,off,3,0.0,4.873,False,24.32
2024-02-11 21:00:00,21,6,2,True,13.1,4.185,off,8,0.0,4.185,False,21.85
2024-02-11 22:00:00,22,6,2,True,10.1,5.883,off,5,0.0,5.883,False,31.02
2024-02-11 23:00:00,23,6,2,True,12.7,2.656,off,2,0.0,2.656,False,15.7
2024-02-12 00:00:00,0,0,2,False,14.5,4.415,off,4,0.0,4.415,False,24.7
2024-02-12 01:00:00,1,0,2,False,11.4,3.736,off,0,0.0,3.736,False,18.19
2024-02-12 02:00:00,2,0,2,False,14.5,3.61,off,3,0.0,3.61,False,18.95
2024-02-12 03:00:00,3,0,2,False,16.5,2.817,off,1,0.0,2.817,False,17.4
2024-02-12 04:00:00,4,0,2,False,9.7,5.182,heat,7,0.0,5.182,False,29.67
2024-02-12 05:00:00,5,0,2,False,13.4,3.685,off,4,0.0,3.685,False,21.5
2024-02-12 06:00:00,6,0,2,False,18.6,2.578,off,2,0.0,2.578,False,12.25
2024-02-12 07:00:00,7,0,2,False,13.2,5.448,off,3,0.043,5.319,False,29.81
2024-02-12 08:00:00,8,0,2,False,10.0,7.312,off,2,0.197,7.062,False,45.89
2024-02-12 09:00:00,9,0,2,False,14.0,5.855,off,2,0.502,5.501,False,36.85
2024-02-12 10:00:00,10,0,2,False,12.0,5.609,off,0,0.59,5.176,False,35.74
2024-02-12 11:00:00,11,0,2,False,8.7,6.233,heat,0,0.418,5.75,False,38.98
2024-02-12 12:00:00,12,0,2,False,12.0,5.442,off,3,0.67,4.942,False,27.66
2024-02-12 13:00:00,13,0,2,False,9.1,6.085,heat,4,0.442,5.602,False,32.27
2024-02-12 14:00:00,14,0,2,False,7.6,7.312,heat,5,0.333,6.879,False,43.07
2024-02-12 15:00:00,15,0,2,False,15.1,4.721,off,2,0.584,4.367,False,23.34
2024-02-12 16:00:00,16,0,2,False,5.5,7.907,heat,2,0.018,7.657,False,47.69
2024-02-12 17:00:00,17,0,2,False,16.7,5.101,off,2,0.405,4.972,False,29.7
2024-02-12 18:00:00,18,0,2,False,14.2,5.18,off,8,0.008,5.18,False,29.21
2024-02-12 19:00:00,19,0,2,False,17.0,3.953,off,3,0.0,3.953,False,25.49
2024-02-12 20:00:00,20,0,2,False,17.5,4.731,off,5,0.0,4.731,False,28.0
2024-02-12 21:00:00,21,0,2,False,15.9,4.324,off,7,0.0,4.324,False,20.06
2024-02-12 22:00:00,22,0,2,False,11.2,5.994,off,6,0.0,5.994,False,27.37
2024-02-12 23:00:00,23,0,2,False,10.6,5.24,off,1,0.0,5.24,False,32.39
2024-02-13 00:00:00,0,1,2,False,12.8,3.115,off,5,0.0,3.115,False,16.04
2024-02-13 01:00:00,1,1,2,False,15.5,3.314,off,6,0.0,3.314,False,16.43
2024-02-13 02:00:00,2,1,2,False,18.2,2.537,off,3,0.0,2.537,False,14.24
2024-02-13 03:00:00,3,1,2,False,9.5,4.739,heat,2,0.0,4.739,False,27.66
2024-02-13 04:00:00,4,1,2,False,14.9,2.996,off,4,0.0,2.996,False,16.83
2024-02-13 05:00:00,5,1,2,False,12.6,4.975,off,3,0.0,4.975,False,29.54
2024-02-13 06:00:00,6,1,2,False,12.6,4.208,off,3,0.0,4.208,False,22.96
2024-02-13 07:00:00,7,1,2,False,14.5,4.366,off,3,0.07,4.237,False,27.34
2024-02-13 08:00:00,8,1,2,False,4.8,7.753,heat,4,0.055,7.503,False,45.44
2024-02-13 09:00:00,9,1,2,False,12.6,6.104,off,3,0.35,5.75,False,33.57
2024-02-13 10:00:00,10,1,2,False,8.8,6.572,heat,2,0.388,6.139,False,39.98
2024-02-13 11:00:00,11,1,2,False,14.7,5.775,off,2,0.721,5.292,False,26.15
2024-02-13 12:00:00,12,1,2,False,13.4,4.604,off,1,0.671,4.104,False,29.64
2024-02-13 13:00:00,13,1,2,False,17.6,4.859,off,3,0.79,4.376,False,24.88
2024-02-13 14:00:00,14,1,2,False,17.0,4.451,off,2,0.638,4.018,False,20.92
2024-02-13 15:00:00,15,1,2,False,10.7,5.767,off,1,0.223,5.413,False,29.87
2024-02-13 16:00:00,16,1,2,False,13.3,5.784,off,1,0.268,5.534,False,34.39
2024-02-13 17:00:00,17,1,2,False,17.3,4.773,off,2,0.28,4.644,False,22.74
2024-02-13 18:00:00,18,1,2,False,13.9,5.92,off,5,0.0,5.92,False,30.56
2024-02-13 19:00:00,19,1,2,False,14.7,5.718,off,5,0.0,5.718,False,28.86
2024-02-13 20:00:00,20,1,2,False,17.5,4.463,off,3,0.0,4.463,False,20.21
2024-02-13 21:00:00,21,1,2,False,17.0,3.908,off,5,0.0,3.908,False,18.77
2024-02-13 22:00:00,22,1,2,False,13.2,4.778,off,5,0.0,4.778,False,26.26
2024-02-13 23:00:00,23,1,2,False,15.8,2.655,off,6,0.0,2.655,False,12.44
2024-02-14 00:00:00,0,2,2,False,15.3,3.296,off,1,0.0,3.296,False,20.71
2024-02-14 01:00:00,1,2,2,False,17.7,2.974,off,3,0.0,2.974,False,14.06
2024-02-14 02:00:00,2,2,2,False,12.9,4.284,off,2,0.0,4.284,False,20.24
2024-02-14 03:00:00,3,2,2,False,16.4,3.419,off,6,0.0,3.419,False,17.57
2024-02-14 04:00:00,4,2,2,False,11.4,4.108,off,2,0.0,4.108,False,23.54
2024-02-14 05:00:00,5,2,2,False,14.1,4.328,off,3,0.0,4.328,False,25.8
2024-02-14 06:00:00,6,2,2,False,15.4,4.098,off,4,0.03,4.098,False,20.0
2024-02-14 07:00:00,7,2,2,False,14.8,4.701,off,4,0.095,4.572,False,22.93
2024-02-14 08:00:00,8,2,2,False,13.6,5.345,off,4,0.144,5.095,False,26.69
2024-02-14 09:00:00,9,2,2,False,12.6,5.913,off,5,0.256,5.559,False,37.14
2024-02-14 10:00:00,10,2,2,False,14.9,5.666,off,5,0.642,5.233,False,30.89
2024-02-14 11:00:00,11,2,2,False,14.3,5.472,off,2,0.608,4.989,False,33.38
2024-02-14 12:00:00,12,2,2,False,13.0,5.298,off,4,0.697,4.798,False,32.97
2024-02-14 13:00:00,13,2,2,False,14.7,4.702,off,1,0.77,4.219,False,27.34
2024-02-14 14:00:00,14,2,2,False,8.2,6.312,heat,1,0.351,5.879,False,34.17
2024-02-14 15:00:00,15,2,2,False,14.0,5.201,off,3,0.333,4.847,False,33.1
2024-02-14 16:00:00,16,2,2,False,7.6,6.698,heat,2,0.085,6.448,False,32.15
2024-02-14 17:00:00,17,2,2,False,10.0,5.775,off,1,0.147,5.646,False,28.14
2024-02-14 18:00:00,18,2,2,False,13.7,5.665,off,7,0.027,5.665,False,31.09
2024-02-14 19:00:00,19,2,2,False,12.5,5.527,off,4,0.0,5.527,False,27.64
2024-02-14 20:00:00,20,2,2,False,7.6,7.074,heat,3,0.0,7.074,False,43.24
2024-02-14 21:00:00,21,2,2,False,7.0,6.528,heat,7,0.0,6.528,False,33.46
2024-02-14 22:00:00,22,2,2,False,11.6,6.297,off,6,0.0,6.297,False,39.45
2024-02-14 23:00:00,23,2,2,False,7.2,5.836,heat,7,0.0,5.836,False,35.18
2024-02-15 00:00:00,0,3,2,False,8.5,5.637,heat,1,0.0,5.637,False,33.55
2024-02-15 01:00:00,1,3,2,False,10.8,4.546,off,4,0.0,4.546,False,25.54
2024-02-15 02:00:00,2,3,2,False,15.2,3.406,off,2,0.0,3.406,False,21.74
2024-02-15 03:00:00,3,3,2,False,9.1,5.288,heat,1,0.0,5.288,False,33.18
2024-02-15 04:00:00,4,3,2,False,6.1,6.3,heat,3,0.0,6.3,False,31.36
2024-02-15 05:00:00,5,3,2,False,16.6,3.152,off,3,0.0,3.152,False,14.26
2024-02-15 06:00:00,6,3,2,False,15.1,2.906,off,7,0.0,2.906,False,18.11
2024-02-15 07:00:00,7,3,2,False,13.6,5.219,off,2,0.0,5.09,False,23.75
2024-02-15 08:00:00,8,3,2,False,12.4,6.241,off,4,0.357,5.991,False,36.06
2024-02-15 09:00:00,9,3,2,False,18.8,4.608,off,2,0.704,4.254,False,28.35
2024-02-15 10:00:00,10,3,2,False,13.5,5.557,off,3,0.603,5.124,False,25.15
2024-02-15 11:00:00,11,3,2,False,12.8,5.44,off,1,0.651,4.957,False,27.06
2024-02-15 12:00:00,12,3,2,False,12.0,6.491,off,3,0.576,5.991,False,39.67
2024-02-15 13:00:00,13,3,2,False,13.8,4.935,off,1,0.848,4.452,False,29.32
2024-02-15 14:00:00,14,3,2,False,10.3,6.23,off,3,0.529,5.797,False,31.52
2024-02-15 15:00:00,15,3,2,False,15.8,5.032,off,5,0.748,4.678,False,25.77
2024-02-15 16:00:00,16,3,2,False,16.4,4.869,off,6,0.338,4.619,False,31.11
2024-02-15 17:00:00,17,3,2,False,16.3,4.403,off,4,0.2,4.274,False,21.07
2024-02-15 18:00:00,18,3,2,False,12.4,6.041,off,4,0.0,6.041,False,32.99
2024-02-15 19:00:00,19,3,2,False,13.6,5.632,off,8,0.0,5.632,False,29.89
2024-02-15 20:00:00,20,3,2,False,8.5,6.743,heat,7,0.0,6.743,False,37.16
2024-02-15 21:00:00,21,3,2,False,8.7,6.786,heat,4,0.0,6.786,False,36.27
2024-02-15 22:00:00,22,3,2,False,14.8,4.883,off,4,0.0,4.883,False,23.98
2024-02-15 23:00:00,23,3,2,False,15.2,4.232,off,0,0.0,4.232,False,25.79
2024-02-16 00:00:00,0,4,2,False,7.3,6.025,heat,3,0.0,6.025,False,34.23
2024-02-16 01:00:00,1,4,2,False,8.6,4.877,heat,4,0.0,4.877,False,27.33
2024-02-16 02:00:00,2,4,2,False,9.7,4.81,heat,3,0.0,4.81,False,30.71
2024-02-16 03:00:00,3,4,2,False,13.5,4.378,off,2,0.0,4.378,False,25.54
2024-02-16 04:00:00,4,4,2,False,11.2,4.767,off,1,0.0,4.767,False,25.82
2024-02-16 05:00:00,5,4,2,False,9.0,5.104,heat,2,0.0,5.104,False,31.39
2024-02-16 06:00:00,6,4,2,False,11.6,4.023,off,5,0.114,4.023,False,25.44
2024-02-16 07:00:00,7,4,2,False,11.5,5.576,off,3,0.226,5.447,False,27.18
2024-02-16 08:00:00,8,4,2,False,15.2,5.036,off,2,0.503,4.786,False,26.64
2024-02-16 09:00:00,9,4,2,False,11.7,6.555,off,5,0.381,6.201,False,39.15
2024-02-16 10:00:00,10,4,2,False,16.9,5.058,off,5,0.867,4.625,False,29.73
2024-02-16 11:00:00,11,4,2,False,6.4,7.473,heat,0,0.361,6.99,False,36.22
2024-02-16 12:00:00,12,4,2,False,13.9,5.644,off,6,0.512,5.144,False,30.64
2024-02-16 13:00:00,13,4,2,False,18.8,3.398,off,4,1.045,2.915,False,18.3
2024-02-16 14:00:00,14,4,2,False,12.1,5.915,off,6,0.582,5.482,False,30.03
2024-02-16 15:00:00,15,4,2,False,11.7,6.019,off,4,0.383,5.665,False,30.26
2024-02-16 16:00:00,16,4,2,False,10.5,5.597,off,4,0.25,5.347,False,32.62
2024-02-16 17:00:00,17,4,2,False,8.1,7.673,heat,4,0.005,7.544,False,47.25
2024-02-16 18:00:00,18,4,2,False,15.7,5.082,off,3,0.015,5.082,False,31.83
2024-02-16 19:00:00,19,4,2,False,10.1,6.508,off,7,0.0,6.508,False,29.62
2024-02-16 20:00:00,20,4,2,False,15.2,4.708,off,3,0.0,4.708,False,24.04
2024-02-16 21:00:00,21,4,2,False,13.7,5.503,off,8,0.0,5.503,False,32.86
2024-02-16 22:00:00,22,4,2,False,14.5,5.258,off,5,0.0,5.258,False,29.66
2024-02-16 23:00:00,23,4,2,False,9.7,5.668,heat,2,0.0,5.668,False,35.51
2024-02-17 00:00:00,0,5,2,True,13.5,3.219,off,2,0.0,3.219,False,20.49
2024-02-17 01:00:00,1,5,2,True,12.5,3.166,off,4,0.0,3.166,False,15.06
2024-02-17 02:00:00,2,5,2,True,13.1,2.341,off,2,0.0,2.341,False,11.01
2024-02-17 03:00:00,3,5,2,True,5.0,4.473,heat,8,0.0,4.473,False,25.44
2024-02-17 04:00:00,4,5,2,True,14.1,6.222,off,2,0.0,6.222,True,33.7
2024-02-17 05:00:00,5,5,2,True,19.2,1.58,off,5,0.0,1.58,False,7.99
2024-02-17 06:00:00,6,5,2,True,8.7,4.252,heat,3,0.0,4.252,False,21.32
2024-02-17 07:00:00,7,5,2,True,15.3,3.91,off,0,0.033,3.781,False,22.51
2024-02-17 08:00:00,8,5,2,True,11.8,5.023,off,2,0.338,4.773,False,25.11
2024-02-17 09:00:00,9,5,2,True,9.4,6.223,heat,5,0.304,5.869,False,29.17
2024-02-17 10:00:00,10,5,2,True,10.4,4.735,off,3,0.453,4.302,False,29.81
2024-02-17 11:00:00,11,5,2,True,16.9,3.112,off,5,0.767,2.629,False,18.23
2024-02-17 12:00:00,12,5,2,True,13.4,4.42,off,4,0.832,3.92,False,27.5
2024-02-17 13:00:00,13,5,2,True,12.1,4.056,off,5,0.544,3.573,False,19.65
2024-02-17 14:00:00,14,5,2,True,7.8,5.743,heat,2,0.524,5.31,False,27.28
2024-02-17 15:00:00,15,5,2,True,14.2,3.991,off,1,0.578,3.637,False,23.83
2024-02-17 16:00:00,16,5,2,True,15.7,3.267,off,3,0.499,3.017,False,17.61
2024-02-17 17:00:00,17,5,2,True,13.4,3.839,off,5,0.161,3.71,False,24.35
2024-02-17 18:00:00,18,5,2,True,9.1,5.231,heat,3,0.0,5.231,False,32.25
2024-02-17 19:00:00,19,5,2,True,14.1,3.913,off,6,0.0,3.913,False,20.05
2024-02-17 20:00:00,20,5,2,True,18.1,3.067,off,6,0.0,3.067,False,19.1
2024-02-17 21:00:00,21,5,2,True,12.0,5.242,off,2,0.0,5.242,False,24.59
2024-02-17 22:00:00,22,5,2,True,15.6,4.228,off,9,0.0,4.228,False,19.16
2024-02-17 23:00:00,23,5,2,True,11.8,3.41,off,3,0.0,3.41,False,17.72
2024-02-18 00:00:00,0,6,2,True,12.0,3.491,off,2,0.0,3.491,False,22.42
2024-02-18 01:00:00,1,6,2,True,13.1,2.523,off,4,0.0,2.523,False,14.59
2024-02-18 02:00:00,2,6,2,True,11.4,3.603,off,2,0.0,3.603,False,20.65
2024-02-18 03:00:00,3,6,2,True,11.1,3.026,off,4,0.0,3.026,False,16.56
2024-02-18 04:00:00,4,6,2,True,12.6,3.308,off,3,0.0,3.308,False,15.12
2024-02-18 05:00:00,5,6,2,True,15.4,3.093,off,3,0.0,3.093,False,16.99
2024-02-18 06:00:00,6,6,2,True,12.7,3.423,off,0,0.0,3.423,False,20.07
2024-02-18 07:00:00,7,6,2,True,12.4,4.969,off,2,0.125,4.84,False,28.34
2024-02-18 08:00:00,8,6,2,True,13.1,4.012,off,3,0.238,3.762,False,22.42
2024-02-18 09:00:00,9,6,2,True,17.3,3.395,off,2,0.492,3.041,False,18.39
2024-02-18 10:00:00,10,6,2,True,9.5,5.441,heat,3,0.445,5.008,False,33.28
2024-02-18 11:00:00,11,6,2,True,14.5,4.507,off,2,0.716,4.024,False,24.1
2024-02-18 12:00:00,12,6,2,True,15.0,3.674,off,2,0.66,3.174,False,21.95
2024-02-18 13:00:00,13,6,2,True,12.0,13.553,off,3,0.501,13.07,True,74.92
2024-02-18 14:00:00,14,6,2,True,16.2,4.324,off,1,0.702,3.891,False,27.18
2024-02-18 15:00:00,15,6,2,True,15.3,3.917,off,5,0.583,3.563,False,18.58
2024-02-18 16:00:00,16,6,2,True,15.0,3.071,off,3,0.293,2.821,False,18.26
2024-02-18 17:00:00,17,6,2,True,8.7,5.101,heat,4,0.119,4.972,False,24.25
2024-02-18 18:00:00,18,6,2,True,10.9,4.735,off,2,0.055,4.735,False,30.19
2024-02-18 19:00:00,19,6,2,True,10.5,4.696,off,4,0.0,4.696,False,29.11
2024-02-18 20:00:00,20,6,2,True,14.7,4.162,off,3,0.0,4.162,False,21.77
2024-02-18 21:00:00,21,6,2,True,15.2,11.481,off,5,0.0,11.481,True,69.57
2024-02-18 22:00:00,22,6,2,True,11.7,5.324,off,4,0.0,5.324,False,24.81
2024-02-18 23:00:00,23,6,2,True,11.8,3.85,off,5,0.0,3.85,False,22.37
2024-02-19 00:00:00,0,0,2,False,19.2,2.593,off,5,0.0,2.593,False,16.41
2024-02-19 01:00:00,1,0,2,False,13.1,3.965,off,5,0.0,3.965,False,18.0
2024-02-19 02:00:00,2,0,2,False,13.9,3.824,off,8,0.0,3.824,False,20.14
2024-02-19 03:00:00,3,0,2,False,11.8,5.553,off,2,0.0,5.553,False,27.56
2024-02-19 04:00:00,4,0,2,False,16.5,3.368,off,4,0.0,3.368,False,18.41
2024-02-19 05:00:00,5,0,2,False,13.7,3.843,off,2,0.0,3.843,False,23.33
2024-02-19 06:00:00,6,0,2,False,13.0,3.709,off,2,0.068,3.709,False,19.46
2024-02-19 07:00:00,7,0,2,False,13.2,6.023,off,1,0.149,5.894,False,31.34
2024-02-19 08:00:00,8,0,2,False,11.3,5.517,off,1,0.169,5.267,False,30.0
2024-02-19 09:00:00,9,0,2,False,9.7,6.517,heat,5,0.23,6.163,False,32.67
2024-02-19 10:00:00,10,0,2,False,12.5,5.671,off,7,0.597,5.238,False,34.8
2024-02-19 11:00:00,11,0,2,False,17.2,4.406,off,4,0.842,3.923,False,21.04
2024-02-19 12:00:00,12,0,2,False,11.6,6.687,off,3,0.603,6.187,False,39.81
2024-02-19 13:00:00,13,0,2,False,15.7,5.134,off,1,0.738,4.651,False,24.86
2024-02-19 14:00:00,14,0,2,False,11.3,6.411,off,3,0.45,5.978,False,35.33
2024-02-19 15:00:00,15,0,2,False,6.9,6.64,heat,3,0.255,6.286,False,41.22
2024-02-19 16:00:00,16,0,2,False,10.9,6.511,off,5,0.27,6.261,False,35.71
2024-02-19 17:00:00,17,0,2,False,7.6,7.478,heat,0,0.022,7.349,False,36.44
2024-02-19 18:00:00,18,0,2,False,14.7,5.248,off,2,0.0,5.248,False,23.87
2024-02-19 19:00:00,19,0,2,False,7.0,6.896,heat,8,0.0,6.896,False,38.8
2024-02-19 20:00:00,20,0,2,False,12.8,5.311,off,3,0.0,5.311,False,29.68
2024-02-19 21:00:00,21,0,2,False,10.3,6.269,off,3,0.0,6.269,False,39.66
2024-02-19 22:00:00,22,0,2,False,10.6,6.085,off,6,0.0,6.085,False,38.38
2024-02-19 23:00:00,23,0,2,False,15.1,3.306,off,2,0.0,3.306,False,19.27
2024-02-20 00:00:00,0,1,2,False,12.1,4.475,off,2,0.0,4.475,False,20.71
2024-02-20 01:00:00,1,1,2,False,12.4,4.299,off,2,0.0,4.299,False,23.88
2024-02-20 02:00:00,2,1,2,False,12.2,4.113,off,4,0.0,4.113,False,19.84
2024-02-20 03:00:00,3,1,2,False,11.3,4.346,off,1,0.0,4.346,False,20.44
2024-02-20 04:00:00,4,1,2,False,10.1,4.109,off,1,0.0,4.109,False,25.53
2024-02-20 05:00:00,5,1,2,False,7.5,5.378,heat,3,0.0,5.378,False,26.08
2024-02-20 06:00:00,6,1,2,False,13.7,3.409,off,6,0.023,3.409,False,20.83
2024-02-20 07:00:00,7,1,2,False,13.4,5.312,off,4,0.166,5.183,False,26.21
2024-02-20 08:00:00,8,1,2,False,15.9,4.954,off,3,0.598,4.704,False,23.94
2024-02-20 09:00:00,9,1,2,False,13.7,4.648,off,4,0.606,4.294,False,25.28
2024-02-20 10:00:00,10,1,2,False,11.2,5.912,off,0,0.532,5.479,False,28.76
2024-02-20 11:00:00,11,1,2,False,12.0,5.948,off,2,0.673,5.465,False,35.79
2024-02-20 12:00:00,12,1,2,False,14.2,4.643,off,1,0.776,4.143,False,29.85
2024-02-20 13:00:00,13,1,2,False,15.8,4.614,off,4,0.736,4.131,False,25.97
2024-02-20 14:00:00,14,1,2,False,11.3,5.451,off,1,0.378,5.018,False,27.25
2024-02-20 15:00:00,15,1,2,False,15.8,5.201,off,6,0.656,4.847,False,32.03
2024-02-20 16:00:00,16,1,2,False,12.3,5.485,off,1,0.306,5.235,False,28.14
2024-02-20 17:00:00,17,1,2,False,10.5,5.906,off,3,0.226,5.777,False,31.44
2024-02-20 18:00:00,18,1,2,False,10.6,6.501,off,5,0.082,6.501,False,33.65
2024-02-20 19:00:00,19,1,2,False,11.6,5.791,off,4,0.0,5.791,False,36.6
2024-02-20 20:00:00,20,1,2,False,12.5,6.412,off,2,0.0,6.412,False,30.14
2024-02-20 21:00:00,21,1,2,False,16.0,5.029,off,5,0.0,5.029,False,23.24
2024-02-20 22:00:00,22,1,2,False,18.2,4.486,off,4,0.0,4.486,False,23.15
2024-02-20 23:00:00,23,1,2,False,11.9,4.533,off,3,0.0,4.533,False,26.32
2024-02-21 00:00:00,0,2,2,False,8.4,5.733,heat,2,0.0,5.733,False,26.37
2024-02-21 01:00:00,1,2,2,False,10.7,3.377,off,5,0.0,3.377,False,18.77
2024-02-21 02:00:00,2,2,2,False,11.6,4.678,off,2,0.0,4.678,False,29.82
2024-02-21 03:00:00,3,2,2,False,13.3,3.639,off,6,0.0,3.639,False,20.62
2024-02-21 04:00:00,4,2,2,False,7.1,5.047,heat,6,0.0,5.047,False,27.05
2024-02-21 05:00:00,5,2,2,False,15.7,3.325,off,6,0.0,3.325,False,19.58
2024-02-21 06:00:00,6,2,2,False,9.8,4.814,heat,0,0.086,4.814,False,29.49
2024-02-21 07:00:00,7,2,2,False,13.4,4.743,off,2,0.304,4.614,False,27.5
2024-02-21 08:00:00,8,2,2,False,12.1,5.29,off,0,0.299,5.04,False,28.23
2024-02-21 09:00:00,9,2,2,False,10.5,5.61,off,2,0.484,5.256,False,26.74
2024-02-21 10:00:00,10,2,2,False,16.5,4.331,off,4,0.725,3.898,False,23.02
2024-02-21 11:00:00,11,2,2,False,11.2,6.213,off,1,0.579,5.73,False,34.33
2024-02-21 12:00:00,12,2,2,False,9.6,6.238,heat,5,0.696,5.738,False,35.81
2024-02-21 13:00:00,13,2,2,False,14.1,5.389,off,1,0.556,4.906,False,29.4
2024-02-21 14:00:00,14,2,2,False,15.1,4.697,off,3,0.83,4.264,False,29.59
2024-02-21 15:00:00,15,2,2,False,11.9,6.368,off,3,0.233,6.014,False,40.96
2024-02-21 16:00:00,16,2,2,False,13.1,5.353,off,4,0.325,5.103,False,29.16
2024-02-21 17:00:00,17,2,2,False,15.4,5.31,off,1,0.255,5.181,False,25.6
2024-02-21 18:00:00,18,2,2,False,11.9,5.856,off,7,0.0,5.856,False,28.0
2024-02-21 19:00:00,19,2,2,False,11.8,5.547,off,7,0.0,5.547,False,31.32
2024-02-21 20:00:00,20,2,2,False,14.9,5.95,off,5,0.0,5.95,False,26.98
2024-02-21 21:00:00,21,2,2,False,12.1,6.279,off,9,0.0,6.279,False,30.51
2024-02-21 22:00:00,22,2,2,False,10.2,6.168,off,2,0.0,6.168,False,37.39
2024-02-21 23:00:00,23,2,2,False,12.5,4.545,off,4,0.0,4.545,False,21.24
2024-02-22 00:00:00,0,3,2,False,9.6,4.889,heat,2,0.0,4.889,False,23.44
2024-02-22 01:00:00,1,3,2,False,12.3,4.115,off,3,0.0,4.115,False,26.66
2024-02-22 02:00:00,2,3,2,False,15.4,3.167,off,0,0.0,3.167,False,18.45
2024-02-22 03:00:00,3,3,2,False,8.9,5.083,heat,2,0.0,5.083,False,30.86
2024-02-22 04:00:00,4,3,2,False,12.4,4.332,off,2,0.0,4.332,False,24.4
2024-02-22 05:00:00,5,3,2,False,14.3,3.812,off,1,0.0,3.812,False,21.63
2024-02-22 06:00:00,6,3,2,False,12.3,4.45,off,5,0.0,4.45,False,24.12
2024-02-22 07:00:00,7,3,2,False,16.7,4.619,off,3,0.105,4.49,False,22.46
2024-02-22 08:00:00,8,3,2,False,12.7,5.11,off,4,0.333,4.86,False,32.71
2024-02-22 09:00:00,9,3,2,False,13.7,5.541,off,3,0.394,5.187,False,34.81
2024-02-22 10:00:00,10,3,2,False,16.7,4.341,off,5,0.752,3.908,False,21.15
2024-02-22 11:00:00,11,3,2,False,14.1,4.616,off,2,0.781,4.133,False,27.62
2024-02-22 12:00:00,12,3,2,False,12.5,5.582,off,4,0.78,5.082,False,28.0
2024-02-22 13:00:00,13,3,2,False,11.2,5.773,off,4,0.531,5.29,False,35.03
2024-02-22 14:00:00,14,3,2,False,12.1,5.435,off,2,0.799,5.002,False,32.54
2024-02-22 15:00:00,15,3,2,False,13.5,4.878,off,4,0.54,4.524,False,28.27
2024-02-22 16:00:00,16,3,2,False,10.2,6.348,off,2,0.268,6.098,False,37.94
2024-02-22 17:00:00,17,3,2,False,16.5,4.405,off,3,0.407,4.276,False,26.92
2024-02-22 18:00:00,18,3,2,False,19.4,3.907,off,5,0.0,3.907,False,21.81
2024-02-22 19:00:00,19,3,2,False,12.5,5.805,off,3,0.0,5.805,False,27.4
2024-02-22 20:00:00,20,3,2,False,7.4,6.854,heat,5,0.0,6.854,False,38.2
2024-02-22 21:00:00,21,3,2,False,14.8,5.214,off,6,0.0,5.214,False,31.12
2024-02-22 22:00:00,22,3,2,False,12.8,5.508,off,5,0.0,5.508,False,28.69
2024-02-22 23:00:00,23,3,2,False,14.5,3.792,off,0,0.0,3.792,False,24.14
2024-02-23 00:00:00,0,4,2,False,12.4,3.59,off,4,0.0,3.59,False,19.6
2024-02-23 01:00:00,1,4,2,False,15.4,4.017,off,6,0.0,4.017,False,20.44
2024-02-23 02:00:00,2,4,2,False,10.4,3.997,off,2,0.0,3.997,False,25.28
2024-02-23 03:00:00,3,4,2,False,13.8,4.176,off,1,0.0,4.176,False,22.83
2024-02-23 04:00:00,4,4,2,False,13.5,3.862,off,4,0.0,3.862,False,17.87
2024-02-23 05:00:00,5,4,2,False,13.7,4.718,off,2,0.0,4.718,False,23.99
2024-02-23 06:00:00,6,4,2,False,14.9,3.582,off,2,0.0,3.582,False,17.46
2024-02-23 07:00:00,7,4,2,False,15.3,5.231,off,4,0.234,5.102,False,32.75
2024-02-23 08:00:00,8,4,2,False,9.1,5.674,heat,3,0.165,5.424,False,28.97
2024-02-23 09:00:00,9,4,2,False,14.9,5.552,off,0,0.55,5.198,False,30.28
2024-02-23 10:00:00,10,4,2,False,13.1,5.702,off,2,0.55,5.269,False,30.21
2024-02-23 11:00:00,11,4,2,False,11.9,5.085,off,5,0.605,4.602,False,27.62
2024-02-23 12:00:00,12,4,2,False,13.4,5.174,off,3,0.646,4.674,False,28.58
2024-02-23 13:00:00,13,4,2,False,13.2,5.352,off,2,0.591,4.869,False,27.95
2024-02-23 14:00:00,14,4,2,False,12.8,6.019,off,2,0.68,5.586,False,29.17
2024-02-23 15:00:00,15,4,2,False,7.2,6.868,heat,5,0.381,6.514,False,41.34
2024-02-23 16:00:00,16,4,2,False,12.9,5.037,off,0,0.514,4.787,False,26.65
2024-02-23 17:00:00,17,4,2,False,11.9,5.624,off,3,0.159,5.495,False,34.39
2024-02-23 18:00:00,18,4,2,False,13.5,5.618,off,3,0.0,5.618,False,30.33
2024-02-23 19:00:00,19,4,2,False,12.3,5.655,off,2,0.0,5.655,False,36.72
2024-02-23 20:00:00,20,4,2,False,18.9,4.549,off,7,0.0,4.549,False,29.39
2024-02-23 21:00:00,21,4,2,False,11.9,4.833,off,5,0.0,4.833,False,30.61
2024-02-23 22:00:00,22,4,2,False,7.9,7.534,heat,6,0.0,7.534,False,41.89
2024-02-23 23:00:00,23,4,2,False,12.2,4.222,off,2,0.0,4.222,False,20.09
2024-02-24 00:00:00,0,5,2,True,11.2,3.522,off,3,0.0,3.522,False,19.67
2024-02-24 01:00:00,1,5,2,True,13.1,3.251,off,5,0.0,3.251,False,17.24
2024-02-24 02:00:00,2,5,2,True,11.2,3.904,off,3,0.0,3.904,False,18.11
2024-02-24 03:00:00,3,5,2,True,14.4,3.047,off,6,0.0,3.047,False,16.67
2024-02-24 04:00:00,4,5,2,True,12.5,2.756,off,0,0.0,2.756,False,16.51
2024-02-24 05:00:00,5,5,2,True,13.6,2.128,off,1,0.0,2.128,False,12.33
2024-02-24 06:00:00,6,5,2,True,16.9,2.16,off,1,0.0,2.16,False,13.19
2024-02-24 07:00:00,7,5,2,True,12.7,4.992,off,4,0.145,4.863,False,31.74
2024-02-24 08:00:00,8,5,2,True,8.5,5.767,heat,1,0.251,5.517,False,34.79
2024-02-24 09:00:00,9,5,2,True,11.1,4.092,off,5,0.436,3.738,False,23.32
2024-02-24 10:00:00,10,5,2,True,8.4,6.422,heat,3,0.236,5.989,False,37.2
2024-02-24 11:00:00,11,5,2,True,10.7,4.802,off,0,0.344,4.319,False,27.3
2024-02-24 12:00:00,12,5,2,True,2.0,7.548,heat,2,0.094,7.048,False,37.61
2024-02-24 13:00:00,13,5,2,True,15.0,3.178,off,3,0.803,2.695,False,15.17
2024-02-24 14:00:00,14,5,2,True,8.0,6.243,heat,2,0.308,5.81,False,35.89
2024-02-24 15:00:00,15,5,2,True,14.7,4.429,off,3,0.74,4.075,False,28.72
2024-02-24 16:00:00,16,5,2,True,10.6,4.879,off,2,0.351,4.629,False,24.62
2024-02-24 17:00:00,17,5,2,True,11.7,5.289,off,2,0.109,5.16,False,32.4
2024-02-24 18:00:00,18,5,2,True,17.4,3.424,off,3,0.0,3.424,False,18.73
2024-02-24 19:00:00,19,5,2,True,11.6,5.141,off,5,0.0,5.141,False,29.36
2024-02-24 20:00:00,20,5,2,True,9.6,5.255,heat,4,0.0,5.255,False,28.7
2024-02-24 21:00:00,21,5,2,True,11.0,4.664,off,4,0.0,4.664,False,23.86
2024-02-24 22:00:00,22,5,2,True,8.8,6.231,heat,5,0.0,6.231,False,39.4
2024-02-24 23:00:00,23,5,2,True,15.0,2.625,off,5,0.0,2.625,False,13.59
2024-02-25 00:00:00,0,6,2,True,14.2,2.105,off,3,0.0,2.105,False,10.0
2024-02-25 01:00:00,1,6,2,True,11.6,3.359,off,5,0.0,3.359,False,17.47
2024-02-25 02:00:00,2,6,2,True,14.8,8.114,off,0,0.0,8.114,True,47.19
2024-02-25 03:00:00,3,6,2,True,14.3,3.07,off,3,0.0,3.07,False,16.8
2024-02-25 04:00:00,4,6,2,True,11.7,4.138,off,5,0.0,4.138,False,20.63
2024-02-25 05:00:00,5,6,2,True,13.2,3.141,off,1,0.0,3.141,False,20.17
2024-02-25 06:00:00,6,6,2,True,11.8,2.961,off,3,0.0,2.961,False,16.74
2024-02-25 07:00:00,7,6,2,True,10.5,4.983,off,4,0.0,4.854,False,31.82
2024-02-25 08:00:00,8,6,2,True,4.8,7.012,heat,5,0.175,6.762,False,40.72
2024-02-25 09:00:00,9,6,2,True,11.6,4.512,off,1,0.595,4.158,False,20.67
2024-02-25 10:00:00,10,6,2,True,12.5,4.669,off,6,0.712,4.236,False,27.69
2024-02-25 11:00:00,11,6,2,True,8.3,5.435,heat,3,0.387,4.952,False,28.95
2024-02-25 12:00:00,12,6,2,True,15.0,3.826,off,4,0.784,3.326,False,21.75
2024-02-25 13:00:00,13,6,2,True,11.8,4.662,off,2,0.459,4.179,False,26.75
2024-02-25 14:00:00,14,6,2,True,13.7,4.362,off,1,0.62,3.929,False,27.31
2024-02-25 15:00:00,15,6,2,True,13.3,4.326,off,3,0.538,3.972,False,19.73
2024-02-25 16:00:00,16,6,2,True,12.1,4.025,off,1,0.354,3.775,False,22.9
2024-02-25 17:00:00,17,6,2,True,10.7,5.511,off,6,0.256,5.382,False,25.52
2024-02-25 18:00:00,18,6,2,True,10.3,5.569,off,4,0.066,5.569,False,26.84
2024-02-25 19:00:00,19,6,2,True,7.3,5.947,heat,5,0.0,5.947,False,32.16
2024-02-25 20:00:00,20,6,2,True,16.8,3.996,off,2,0.0,3.996,False,24.13
2024-02-25 21:00:00,21,6,2,True,13.4,4.645,off,6,0.0,4.645,False,22.11
2024-02-25 22:00:00,22,6,2,True,9.5,5.639,heat,6,0.0,5.639,False,25.69
2024-02-25 23:00:00,23,6,2,True,14.1,2.8,off,3,0.0,2.8,False,15.23
2024-02-26 00:00:00,0,0,2,False,8.9,5.367,heat,5,0.0,5.367,False,25.51
2024-02-26 01:00:00,1,0,2,False,14.2,3.332,off,4,0.0,3.332,False,18.27
2024-02-26 02:00:00,2,0,2,False,13.7,3.74,off,2,0.0,3.74,False,17.35
2024-02-26 03:00:00,3,0,2,False,10.5,4.099,off,4,0.0,4.099,False,25.41
2024-02-26 04:00:00,4,0,2,False,7.7,4.909,heat,1,0.02,4.909,False,24.27
2024-02-26 05:00:00,5,0,2,False,10.9,5.071,off,2,0.0,5.071,False,27.01
2024-02-26 06:00:00,6,0,2,False,12.7,4.288,off,0,0.107,4.288,False,21.55
2024-02-26 07:00:00,7,0,2,False,7.7,6.673,heat,2,0.268,6.544,False,38.74
2024-02-26 08:00:00,8,0,2,False,10.3,5.832,off,4,0.291,5.582,False,27.84
2024-02-26 09:00:00,9,0,2,False,16.3,4.166,off,4,0.586,3.812,False,21.33
2024-02-26 10:00:00,10,0,2,False,12.2,5.266,off,2,0.605,4.833,False,26.8
2024-02-26 11:00:00,11,0,2,False,20.3,4.051,off,4,1.148,3.568,False,26.26
2024-02-26 12:00:00,12,0,2,False,13.7,4.232,off,4,0.719,3.732,False,26.12
2024-02-26 13:00:00,13,0,2,False,11.8,6.201,off,2,0.502,5.718,False,31.18
2024-02-26 14:00:00,14,0,2,False,9.7,6.495,heat,4,0.277,6.062,False,37.78
2024-02-26 15:00:00,15,0,2,False,9.0,6.721,heat,2,0.352,6.367,False,41.64
2024-02-26 16:00:00,16,0,2,False,12.9,5.836,off,1,0.221,5.586,False,34.73
2024-02-26 17:00:00,17,0,2,False,11.0,6.043,off,0,0.235,5.914,False,36.25
2024-02-26 18:00:00,18,0,2,False,11.5,6.023,off,6,0.126,6.023,False,38.98
2024-02-26 19:00:00,19,0,2,False,13.0,5.537,off,4,0.0,5.537,False,33.64
2024-02-26 20:00:00,20,0,2,False,10.4,6.787,off,7,0.0,6.787,False,31.05
2024-02-26 21:00:00,21,0,2,False,15.0,4.685,off,5,0.0,4.685,False,25.19
2024-02-26 22:00:00,22,0,2,False,13.3,5.817,off,2,0.0,5.817,False,33.35
2024-02-26 23:00:00,23,0,2,False,10.7,4.203,off,5,0.0,4.203,False,27.27
2024-02-27 00:00:00,0,1,2,False,13.1,3.55,off,2,0.0,3.55,False,19.59
2024-02-27 01:00:00,1,1,2,False,5.6,5.316,heat,4,0.0,5.316,False,33.69
2024-02-27 02:00:00,2,1,2,False,13.6,3.125,off,2,0.0,3.125,False,15.3
2024-02-27 03:00:00,3,1,2,False,13.6,4.011,off,4,0.0,4.011,False,21.29
2024-02-27 04:00:00,4,1,2,False,6.3,5.315,heat,5,0.0,5.315,False,26.27
2024-02-27 05:00:00,5,1,2,False,6.9,5.707,heat,3,0.0,5.707,False,33.93
2024-02-27 06:00:00,6,1,2,False,11.5,5.072,off,3,0.05,5.072,False,30.59
2024-02-27 07:00:00,7,1,2,False,10.6,5.976,off,3,0.146,5.847,False,29.88
2024-02-27 08:00:00,8,1,2,False,12.3,5.872,off,2,0.336,5.622,False,33.92
2024-02-27 09:00:00,9,1,2,False,12.6,6.054,off,5,0.422,5.7,False,35.98
2024-02-27 10:00:00,10,1,2,False,17.1,4.65,off,3,0.743,4.217,False,30.06
2024-02-27 11:00:00,11,1,2,False,11.4,6.001,off,3,0.715,5.518,False,27.63
2024-02-27 12:00:00,12,1,2,False,14.3,4.553,off,2,0.679,4.053,False,26.29
2024-02-27 13:00:00,13,1,2,False,11.1,6.083,off,4,0.471,5.6,False,36.11
2024-02-27 14:00:00,14,1,2,False,13.6,5.635,off,2,0.521,5.202,False,29.79
2024-02-27 15:00:00,15,1,2,False,11.2,6.717,off,3,0.291,6.363,False,33.26
2024-02-27 16:00:00,16,1,2,False,8.5,6.524,heat,4,0.274,6.274,False,29.47
2024-02-27 17:00:00,17,1,2,False,10.6,6.632,off,4,0.255,6.503,False,40.69
2024-02-27 18:00:00,18,1,2,False,13.6,5.15,off,4,0.0,5.15,False,24.21
2024-02-27 19:00:00,19,1,2,False,9.0,19.05,heat,7,0.0,19.05,True,94.49
2024-02-27 20:00:00,20,1,2,False,12.7,5.291,off,4,0.0,5.291,False,31.3
2024-02-27 21:00:00,21,1,2,False,13.4,5.492,off,6,0.0,5.492,False,32.67
2024-02-27 22:00:00,22,1,2,False,13.5,5.169,off,4,0.0,5.169,False,24.01
2024-02-27 23:00:00,23,1,2,False,14.7,3.631,off,3,0.0,3.631,False,22.25
2024-02-28 00:00:00,0,2,2,False,18.6,2.802,off,1,0.0,2.802,False,16.07
2024-02-28 01:00:00,1,2,2,False,8.6,5.176,heat,3,0.0,5.176,False,23.85
2024-02-28 02:00:00,2,2,2,False,11.3,4.151,off,4,0.0,4.151,False,25.76
2024-02-28 03:00:00,3,2,2,False,12.3,4.207,off,3,0.0,4.207,False,24.39
2024-02-28 04:00:00,4,2,2,False,11.0,4.699,off,1,0.0,4.699,False,27.68
2024-02-28 05:00:00,5,2,2,False,16.0,3.176,off,2,0.0,3.176,False,20.47
2024-02-28 06:00:00,6,2,2,False,16.2,2.902,off,4,0.048,2.902,False,14.83
2024-02-28 07:00:00,7,2,2,False,19.2,4.0,off,2,0.185,3.871,False,24.37
2024-02-28 08:00:00,8,2,2,False,12.0,6.185,off,0,0.192,5.935,False,39.52
2024-02-28 09:00:00,9,2,2,False,9.0,6.548,heat,0,0.326,6.194,False,32.7
2024-02-28 10:00:00,10,2,2,False,11.8,6.413,off,4,0.649,5.98,False,37.39
2024-02-28 11:00:00,11,2,2,False,9.6,6.31,heat,2,0.541,5.827,False,34.59
2024-02-28 12:00:00,12,2,2,False,15.0,4.999,off,7,0.946,4.499,False,29.33
2024-02-28 13:00:00,13,2,2,False,14.7,5.33,off,4,0.986,4.847,False,30.6
2024-02-28 14:00:00,14,2,2,False,14.8,5.324,off,5,0.63,4.891,False,29.06
2024-02-28 15:00:00,15,2,2,False,18.7,4.835,off,4,0.726,4.481,False,26.71
2024-02-28 16:00:00,16,2,2,False,12.5,4.804,off,1,0.313,4.554,False,23.15
2024-02-28 17:00:00,17,2,2,False,10.6,21.483,off,6,0.082,21.354,True,135.98
2024-02-28 18:00:00,18,2,2,False,12.3,5.287,off,5,0.044,5.287,False,27.6
2024-02-28 19:00:00,19,2,2,False,9.6,6.358,heat,5,0.0,6.358,False,35.04
2024-02-28 20:00:00,20,2,2,False,10.4,16.108,off,4,0.0,16.108,True,91.07
2024-02-28 21:00:00,21,2,2,False,12.5,5.754,off,5,0.0,5.754,False,29.89
2024-02-28 22:00:00,22,2,2,False,14.0,4.881,off,6,0.0,4.881,False,22.9
2024-02-28 23:00:00,23,2,2,False,10.0,4.043,heat,6,0.0,4.043,False,19.2
2024-02-29 00:00:00,0,3,2,False,8.5,4.7,heat,2,0.0,4.7,False,25.2
2024-02-29 01:00:00,1,3,2,False,14.6,4.099,off,3,0.0,4.099,False,24.37
2024-02-29 02:00:00,2,3,2,False,9.9,5.103,heat,3,0.0,5.103,False,24.54
2024-02-29 03:00:00,3,3,2,False,12.9,4.573,off,1,0.0,4.573,False,29.37
2024-02-29 04:00:00,4,3,2,False,15.9,2.536,off,6,0.0,2.536,False,14.64
2024-02-29 05:00:00,5,3,2,False,14.9,4.282,off,2,0.0,4.282,False,26.65
2024-02-29 06:00:00,6,3,2,False,14.3,4.686,off,2,0.0,4.686,False,28.06
2024-02-29 07:00:00,7,3,2,False,15.8,4.443,off,6,0.154,4.314,False,23.13
2024-02-29 08:00:00,8,3,2,False,13.2,5.649,off,7,0.351,5.399,False,32.8
2024-02-29 09:00:00,9,3,2,False,9.2,6.257,heat,4,0.276,5.903,False,40.59
2024-02-29 10:00:00,10,3,2,False,19.9,4.61,off,3,0.765,4.177,False,20.94
2024-02-29 11:00:00,11,3,2,False,13.8,6.004,off,2,0.736,5.521,False,38.8
2024-02-29 12:00:00,12,3,2,False,13.9,4.928,off,0,0.559,4.428,False,31.44
2024-02-29 13:00:00,13,3,2,False,13.0,5.02,off,4,0.525,4.537,False,25.98
2024-02-29 14:00:00,14,3,2,False,7.4,6.85,heat,1,0.432,6.417,False,37.57
2024-02-29 15:00:00,15,3,2,False,9.9,7.786,heat,6,0.233,7.432,False,41.59
2024-02-29 16:00:00,16,3,2,False,17.4,4.785,off,1,0.585,4.535,False,25.73
2024-02-29 17:00:00,17,3,2,False,6.7,7.322,heat,4,0.0,7.193,False,35.93
2024-02-29 18:00:00,18,3,2,False,12.1,6.177,off,3,0.0,6.177,False,36.53
2024-02-29 19:00:00,19,3,2,False,13.3,5.942,off,5,0.0,5.942,False,29.59
2024-02-29 20:00:00,20,3,2,False,11.4,6.075,off,3,0.0,6.075,False,29.03
2024-02-29 21:00:00,21,3,2,False,18.6,4.279,off,4,0.0,4.279,False,19.27
2024-02-29 22:00:00,22,3,2,False,7.9,6.6,heat,5,0.0,6.6,False,30.2
2024-02-29 23:00:00,23,3,2,False,10.3,4.81,off,2,0.0,4.81,False,28.97
2024-03-01 00:00:00,0,4,3,False,18.9,3.258,off,4,0.0,3.258,False,18.47
2024-03-01 01:00:00,1,4,3,False,19.2,3.234,off,6,0.0,3.234,False,14.79
2024-03-01 02:00:00,2,4,3,False,18.3,2.58,off,3,0.0,2.58,False,16.53
2024-03-01 03:00:00,3,4,3,False,18.8,2.754,off,5,0.0,2.754,False,14.25
2024-03-01 04:00:00,4,4,3,False,16.1,2.804,off,1,0.0,2.804,False,17.71
2024-03-01 05:00:00,5,4,3,False,17.0,3.489,off,3,0.0,3.489,False,19.81
2024-03-01 06:00:00,6,4,3,False,14.8,3.799,off,1,0.0,3.799,False,22.67
2024-03-01 07:00:00,7,4,3,False,19.2,4.19,off,1,0.107,4.061,False,26.66
2024-03-01 08:00:00,8,4,3,False,12.9,5.413,off,3,0.279,5.163,False,34.2
2024-03-01 09:00:00,9,4,3,False,13.9,4.941,off,4,0.499,4.587,False,26.98
2024-03-01 10:00:00,10,4,3,False,20.6,4.333,off,3,0.677,3.9,False,19.99
2024-03-01 11:00:00,11,4,3,False,16.2,5.346,off,2,0.693,4.863,False,34.53
2024-03-01 12:00:00,12,4,3,False,25.2,4.231,off,4,1.456,3.731,False,22.22
2024-03-01 13:00:00,13,4,3,False,16.6,4.102,off,4,0.801,3.619,False,21.29
2024-03-01 14:00:00,14,4,3,False,16.6,4.696,off,3,0.48,4.263,False,27.41
2024-03-01 15:00:00,15,4,3,False,21.9,4.773,off,5,0.776,4.419,False,28.69
2024-03-01 16:00:00,16,4,3,False,20.9,4.684,off,3,0.559,4.434,False,26.66
2024-03-01 17:00:00,17,4,3,False,17.4,4.937,off,2,0.224,4.808,False,29.76
2024-03-01 18:00:00,18,4,3,False,17.7,4.166,off,7,0.079,4.166,False,19.18
2024-03-01 19:00:00,19,4,3,False,21.0,4.655,off,5,0.0,4.655,False,28.83
2024-03-01 20:00:00,20,4,3,False,18.6,4.449,off,4,0.0,4.449,False,24.78
2024-03-01 21:00:00,21,4,3,False,17.0,4.449,off,5,0.0,4.449,False,22.82
2024-03-01 22:00:00,22,4,3,False,17.4,4.453,off,11,0.0,4.453,False,21.9
2024-03-01 23:00:00,23,4,3,False,23.9,3.128,off,3,0.0,3.128,False,17.81
2024-03-02 00:00:00,0,5,3,True,17.1,2.166,off,2,0.0,2.166,False,12.92
2024-03-02 01:00:00,1,5,3,True,17.0,2.159,off,1,0.0,2.159,False,13.01
2024-03-02 02:00:00,2,5,3,True,17.9,2.002,off,1,0.0,2.002,False,10.92
2024-03-02 03:00:00,3,5,3,True,18.2,1.538,off,2,0.0,1.538,False,7.37
2024-03-02 04:00:00,4,5,3,True,15.8,1.728,off,1,0.0,1.728,False,9.4
2024-03-02 05:00:00,5,5,3,True,22.8,1.424,off,5,0.0,1.424,False,7.77
2024-03-02 06:00:00,6,5,3,True,16.9,2.33,off,1,0.0,2.33,False,10.55
2024-03-02 07:00:00,7,5,3,True,19.5,2.63,off,3,0.227,2.501,False,14.66
2024-03-02 08:00:00,8,5,3,True,22.9,3.204,off,2,0.523,2.954,False,18.2
2024-03-02 09:00:00,9,5,3,True,17.0,3.509,off,7,0.608,3.155,False,20.57
2024-03-02 10:00:00,10,5,3,True,19.2,3.49,off,1,0.749,3.057,False,16.07
2024-03-02 11:00:00,11,5,3,True,14.3,3.607,off,6,0.857,3.124,False,17.81
2024-03-02 12:00:00,12,5,3,True,15.7,2.876,off,0,0.726,2.376,False,16.31
2024-03-02 13:00:00,13,5,3,True,18.4,2.972,off,2,0.832,2.489,False,18.09
2024-03-02 14:00:00,14,5,3,True,16.8,3.715,off,2,0.722,3.282,False,17.98
2024-03-02 15:00:00,15,5,3,True,20.3,3.756,off,5,0.755,3.402,False,19.82
2024-03-02 16:00:00,16,5,3,True,16.5,3.307,off,4,0.533,3.057,False,18.38
2024-03-02 17:00:00,17,5,3,True,17.3,3.049,off,4,0.276,2.92,False,16.89
2024-03-02 18:00:00,18,5,3,True,16.2,3.754,off,4,0.051,3.754,False,21.52
2024-03-02 19:00:00,19,5,3,True,21.4,4.034,off,4,0.0,4.034,False,22.01
2024-03-02 20:00:00,20,5,3,True,17.5,3.521,off,4,0.0,3.521,False,19.47
2024-03-02 21:00:00,21,5,3,True,16.1,3.887,off,4,0.0,3.887,False,19.3
2024-03-02 22:00:00,22,5,3,True,15.4,4.624,off,8,0.0,4.624,False,21.06
2024-03-02 23:00:00,23,5,3,True,14.8,2.878,off,1,0.0,2.878,False,17.71
2024-03-03 00:00:00,0,6,3,True,20.1,1.767,off,1,0.0,1.767,False,9.44
2024-03-03 01:00:00,1,6,3,True,17.8,1.302,off,3,0.0,1.302,False,6.66
2024-03-03 02:00:00,2,6,3,True,26.9,2.302,cool,3,0.0,2.302,False,14.54
2024-03-03 03:00:00,3,6,3,True,16.4,2.389,off,3,0.0,2.389,False,12.48
2024-03-03 04:00:00,4,6,3,True,13.4,2.438,off,3,0.0,2.438,False,14.1
2024-03-03 05:00:00,5,6,3,True,17.4,2.225,off,1,0.0,2.225,False,10.27
2024-03-03 06:00:00,6,6,3,True,24.8,5.911,off,2,0.012,5.911,True,31.6
2024-03-03 07:00:00,7,6,3,True,19.1,3.115,off,5,0.165,2.986,False,14.72
2024-03-03 08:00:00,8,6,3,True,17.8,2.882,off,5,0.423,2.632,False,18.72
2024-03-03 09:00:00,9,6,3,True,16.4,3.733,off,6,0.472,3.379,False,22.61
2024-03-03 10:00:00,10,6,3,True,17.0,3.712,off,0,0.823,3.279,False,19.0
2024-03-03 11:00:00,11,6,3,True,21.6,2.772,off,1,1.137,2.289,False,17.59
2024-03-03 12:00:00,12,6,3,True,15.5,4.032,off,2,0.766,3.532,False,25.85
2024-03-03 13:00:00,13,6,3,True,18.1,3.558,off,1,1.051,3.075,False,18.52
2024-03-03 14:00:00,14,6,3,True,18.4,3.537,off,2,0.776,3.104,False,20.0
2024-03-03 15:00:00,15,6,3,True,18.0,3.292,off,0,0.725,2.938,False,17.6
2024-03-03 16:00:00,16,6,3,True,17.1,3.303,off,3,0.402,3.053,False,20.29
2024-03-03 17:00:00,17,6,3,True,13.6,4.183,off,3,0.221,4.054,False,19.06
2024-03-03 18:00:00,18,6,3,True,18.6,2.643,off,6,0.0,2.643,False,12.09
2024-03-03 19:00:00,19,6,3,True,17.2,3.154,off,5,0.0,3.154,False,20.3
2024-03-03 20:00:00,20,6,3,True,21.7,3.083,off,4,0.0,3.083,False,17.3
2024-03-03 21:00:00,21,6,3,True,17.5,3.005,off,10,0.0,3.005,False,15.73
2024-03-03 22:00:00,22,6,3,True,17.8,3.299,off,4,0.0,3.299,False,18.07
2024-03-03 23:00:00,23,6,3,True,18.5,2.297,off,5,0.0,2.297,False,14.0
2024-03-04 00:00:00,0,0,3,False,19.4,3.468,off,1,0.0,3.468,False,16.88
2024-03-04 01:00:00,1,0,3,False,12.6,3.917,off,2,0.0,3.917,False,21.24
2024-03-04 02:00:00,2,0,3,False,18.9,3.504,off,1,0.0,3.504,False,21.45
2024-03-04 03:00:00,3,0,3,False,12.9,4.526,off,5,0.0,4.526,False,24.24
2024-03-04 04:00:00,4,0,3,False,16.9,2.8,off,1,0.0,2.8,False,17.02
2024-03-04 05:00:00,5,0,3,False,19.9,2.999,off,3,0.0,2.999,False,17.39
2024-03-04 06:00:00,6,0,3,False,24.2,2.831,off,0,0.0,2.831,False,14.67
2024-03-04 07:00:00,7,0,3,False,15.0,4.222,off,4,0.207,4.093,False,26.95
2024-03-04 08:00:00,8,0,3,False,15.5,4.414,off,2,0.397,4.164,False,24.94
2024-03-04 09:00:00,9,0,3,False,12.9,5.849,off,2,0.677,5.495,False,33.56
2024-03-04 10:00:00,10,0,3,False,15.8,4.223,off,2,0.661,3.79,False,20.08
2024-03-04 11:00:00,11,0,3,False,24.9,5.194,off,1,1.237,4.711,False,27.49
2024-03-04 12:00:00,12,0,3,False,13.2,5.894,off,2,0.666,5.394,False,30.7
2024-03-04 13:00:00,13,0,3,False,8.7,6.908,heat,2,0.175,6.425,False,32.55
2024-03-04 14:00:00,14,0,3,False,20.6,3.676,off,2,0.774,3.243,False,18.52
2024-03-04 15:00:00,15,0,3,False,20.6,4.718,off,4,0.506,4.364,False,26.69
2024-03-04 16:00:00,16,0,3,False,18.1,4.684,off,0,0.341,4.434,False,29.07
2024-03-04 17:00:00,17,0,3,False,18.4,4.66,off,2,0.218,4.531,False,29.99
2024-03-04 18:00:00,18,0,3,False,20.3,4.676,off,4,0.083,4.676,False,29.4
2024-03-04 19:00:00,19,0,3,False,20.4,4.998,off,6,0.0,4.998,False,26.08
2024-03-04 20:00:00,20,0,3,False,14.9,4.777,off,7,0.0,4.777,False,29.34
2024-03-04 21:00:00,21,0,3,False,14.2,5.161,off,5,0.0,5.161,False,31.95
2024-03-04 22:00:00,22,0,3,False,15.0,4.703,off,3,0.0,4.703,False,30.29
2024-03-04 23:00:00,23,0,3,False,15.7,3.693,off,1,0.0,3.693,False,23.15
2024-03-05 00:00:00,0,1,3,False,20.2,2.703,off,3,0.0,2.703,False,12.76
2024-03-05 01:00:00,1,1,3,False,21.2,2.265,off,1,0.0,2.265,False,14.17
2024-03-05 02:00:00,2,1,3,False,17.0,3.089,off,1,0.0,3.089,False,13.97
2024-03-05 03:00:00,3,1,3,False,18.8,1.997,off,5,0.0,1.997,False,11.02
2024-03-05 04:00:00,4,1,3,False,17.7,2.901,off,3,0.0,2.901,False,17.18
2024-03-05 05:00:00,5,1,3,False,15.5,3.477,off,2,0.0,3.477,False,19.65
2024-03-05 06:00:00,6,1,3,False,15.3,3.284,off,4,0.0,3.284,False,17.56
2024-03-05 07:00:00,7,1,3,False,18.2,4.702,off,1,0.224,4.573,False,28.98
2024-03-05 08:00:00,8,1,3,False,20.3,3.576,off,3,0.698,3.326,False,19.67
2024-03-05 09:00:00,9,1,3,False,19.2,4.338,off,5,0.625,3.984,False,26.51
2024-03-05 10:00:00,10,1,3,False,17.4,4.531,off,4,0.686,4.098,False,21.03
2024-03-05 11:00:00,11,1,3,False,22.2,4.282,off,4,1.042,3.799,False,20.64
2024-03-05 12:00:00,12,1,3,False,22.7,4.792,off,1,1.103,4.292,False,27.38
2024-03-05 13:00:00,13,1,3,False,13.5,5.177,off,5,0.654,4.694,False,29.23
2024-03-05 14:00:00,14,1,3,False,14.4,5.154,off,3,0.369,4.721,False,25.03
2024-03-05 15:00:00,15,1,3,False,13.6,5.432,off,0,0.38,5.078,False,34.07
2024-03-05 16:00:00,16,1,3,False,20.7,4.143,off,3,0.474,3.893,False,19.69
2024-03-05 17:00:00,17,1,3,False,17.1,3.885,off,5,0.245,3.756,False,18.78
2024-03-05 18:00:00,18,1,3,False,18.2,4.906,off,4,0.0,4.906,False,29.54
2024-03-05 19:00:00,19,1,3,False,19.8,3.986,off,5,0.0,3.986,False,20.69
2024-03-05 20:00:00,20,1,3,False,18.0,4.005,off,7,0.0,4.005,False,21.23
2024-03-05 21:00:00,21,1,3,False,16.1,3.887,off,10,0.0,3.887,False,25.24
2024-03-05 22:00:00,22,1,3,False,14.7,5.149,off,4,0.0,5.149,False,27.73
2024-03-05 23:00:00,23,1,3,False,17.3,3.049,off,5,0.0,3.049,False,14.33
2024-03-06 00:00:00,0,2,3,False,20.4,3.302,off,0,0.0,3.302,False,20.96
2024-03-06 01:00:00,1,2,3,False,12.9,3.92,off,6,0.0,3.92,False,22.14
2024-03-06 02:00:00,2,2,3,False,16.5,3.27,off,3,0.0,3.27,False,16.31
2024-03-06 03:00:00,3,2,3,False,12.2,4.653,off,2,0.0,4.653,False,21.73
2024-03-06 04:00:00,4,2,3,False,20.8,3.353,off,1,0.0,3.353,False,17.98
2024-03-06 05:00:00,5,2,3,False,13.0,4.201,off,4,0.024,4.201,False,26.72
2024-03-06 06:00:00,6,2,3,False,13.2,3.868,off,1,0.115,3.868,False,21.29
2024-03-06 07:00:00,7,2,3,False,20.5,4.781,off,1,0.378,4.652,False,25.99
2024-03-06 08:00:00,8,2,3,False,16.1,5.278,off,5,0.297,5.028,False,28.47
2024-03-06 09:00:00,9,2,3,False,12.5,4.972,off,7,0.426,4.618,False,25.06
2024-03-06 10:00:00,10,2,3,False,19.6,4.44,off,6,0.817,4.007,False,23.9
2024-03-06 11:00:00,11,2,3,False,18.3,4.691,off,2,0.851,4.208,False,22.54
2024-03-06 12:00:00,12,2,3,False,23.8,4.589,off,3,1.109,4.089,False,28.61
2024-03-06 13:00:00,13,2,3,False,14.3,5.114,off,1,0.725,4.631,False,25.67
2024-03-06 14:00:00,14,2,3,False,15.0,4.855,off,7,0.685,4.422,False,25.03
2024-03-06 15:00:00,15,2,3,False,15.8,5.413,off,8,0.465,5.059,False,31.28
2024-03-06 16:00:00,16,2,3,False,20.9,4.398,off,3,0.449,4.148,False,23.81
2024-03-06 17:00:00,17,2,3,False,12.0,5.715,off,4,0.175,5.586,False,35.42
2024-03-06 18:00:00,18,2,3,False,16.9,4.523,off,6,0.0,4.523,False,20.59
2024-03-06 19:00:00,19,2,3,False,18.7,4.3,off,4,0.0,4.3,False,21.83
2024-03-06 20:00:00,20,2,3,False,21.5,4.24,off,10,0.0,4.24,False,22.72
2024-03-06 21:00:00,21,2,3,False,15.3,5.432,off,6,0.0,5.432,False,29.61
2024-03-06 22:00:00,22,2,3,False,18.8,4.475,off,8,0.0,4.475,False,29.0
2024-03-06 23:00:00,23,2,3,False,16.0,3.448,off,1,0.0,3.448,False,17.55
2024-03-07 00:00:00,0,3,3,False,14.2,3.673,off,1,0.0,3.673,False,22.8
2024-03-07 01:00:00,1,3,3,False,17.5,3.145,off,0,0.0,3.145,False,15.14
2024-03-07 02:00:00,2,3,3,False,17.0,2.68,off,2,0.0,2.68,False,15.86
2024-03-07 03:00:00,3,3,3,False,19.4,2.871,off,2,0.0,2.871,False,17.42
2024-03-07 04:00:00,4,3,3,False,23.8,2.15,off,4,0.0,2.15,False,10.57
2024-03-07 05:00:00,5,3,3,False,19.2,2.701,off,3,0.0,2.701,False,12.77
2024-03-07 06:00:00,6,3,3,False,17.9,2.626,off,2,0.006,2.626,False,14.71
2024-03-07 07:00:00,7,3,3,False,19.5,4.289,off,3,0.284,4.16,False,25.11
2024-03-07 08:00:00,8,3,3,False,15.6,4.722,off,6,0.472,4.472,False,29.87
2024-03-07 09:00:00,9,3,3,False,20.2,4.507,off,7,0.698,4.153,False,25.83
2024-03-07 10:00:00,10,3,3,False,15.9,16.228,off,6,0.79,15.795,True,85.54
2024-03-07 11:00:00,11,3,3,False,18.8,4.648,off,2,0.851,4.165,False,29.39
2024-03-07 12:00:00,12,3,3,False,17.2,5.127,off,6,0.79,4.627,False,27.84
2024-03-07 13:00:00,13,3,3,False,17.0,4.106,off,5,0.913,3.623,False,19.9
2024-03-07 14:00:00,14,3,3,False,22.6,4.548,off,5,1.024,4.115,False,29.21
2024-03-07 15:00:00,15,3,3,False,15.2,17.113,off,3,0.52,16.759,True,92.77
2024-03-07 16:00:00,16,3,3,False,19.3,4.673,off,3,0.481,4.423,False,24.31
2024-03-07 17:00:00,17,3,3,False,16.6,4.228,off,2,0.184,4.099,False,26.19
2024-03-07 18:00:00,18,3,3,False,20.5,18.919,off,8,0.0,18.919,True,121.54
2024-03-07 19:00:00,19,3,3,False,13.9,5.179,off,3,0.0,5.179,False,26.32
2024-03-07 20:00:00,20,3,3,False,16.8,4.502,off,6,0.0,4.502,False,22.49
2024-03-07 21:00:00,21,3,3,False,15.1,4.943,off,8,0.0,4.943,False,28.3
2024-03-07 22:00:00,22,3,3,False,22.6,3.853,off,3,0.0,3.853,False,21.94
2024-03-07 23:00:00,23,3,3,False,21.7,3.115,off,2,0.0,3.115,False,18.98
2024-03-08 00:00:00,0,4,3,False,15.7,3.131,off,6,0.0,3.131,False,19.99
2024-03-08 01:00:00,1,4,3,False,14.4,3.901,off,1,0.0,3.901,False,17.65
2024-03-08 02:00:00,2,4,3,False,16.5,3.069,off,5,0.0,3.069,False,15.62
2024-03-08 03:00:00,3,4,3,False,20.3,2.716,off,2,0.0,2.716,False,12.81
2024-03-08 04:00:00,4,4,3,False,18.7,3.201,off,2,0.0,3.201,False,16.49
2024-03-08 05:00:00,5,4,3,False,16.7,2.521,off,1,0.0,2.521,False,12.59
2024-03-08 06:00:00,6,4,3,False,21.3,1.882,off,5,0.0,1.882,False,11.14
2024-03-08 07:00:00,7,4,3,False,18.9,4.018,off,5,0.276,3.889,False,24.68
2024-03-08 08:00:00,8,4,3,False,15.4,4.922,off,6,0.415,4.672,False,28.89
2024-03-08 09:00:00,9,4,3,False,11.7,5.778,off,4,0.388,5.424,False,33.5
2024-03-08 10:00:00,10,4,3,False,24.1,4.018,off,1,0.858,3.585,False,24.4
2024-03-08 11:00:00,11,4,3,False,17.1,5.201,off,3,0.936,4.718,False,28.28
2024-03-08 12:00:00,12,4,3,False,10.8,6.6,off,3,0.483,6.1,False,31.62
2024-03-08 13:00:00,13,4,3,False,18.9,3.234,off,4,0.84,2.751,False,17.3
2024-03-08 14:00:00,14,4,3,False,12.9,5.297,off,4,0.409,4.864,False,27.23
2024-03-08 15:00:00,15,4,3,False,21.8,4.454,off,4,0.83,4.1,False,20.71
2024-03-08 16:00:00,16,4,3,False,21.6,4.43,off,6,0.577,4.18,False,26.45
2024-03-08 17:00:00,17,4,3,False,17.3,4.159,off,1,0.278,4.03,False,23.39
2024-03-08 18:00:00,18,4,3,False,14.6,5.669,off,6,0.0,5.669,False,32.19
2024-03-08 19:00:00,19,4,3,False,19.4,3.934,off,9,0.0,3.934,False,21.07
2024-03-08 20:00:00,20,4,3,False,21.6,4.289,off,7,0.0,4.289,False,24.7
2024-03-08 21:00:00,21,4,3,False,17.7,4.352,off,4,0.0,4.352,False,24.98
2024-03-08 22:00:00,22,4,3,False,16.8,4.686,off,4,0.0,4.686,False,23.71
2024-03-08 23:00:00,23,4,3,False,15.7,3.136,off,4,0.0,3.136,False,14.92
2024-03-09 00:00:00,0,5,3,True,16.9,2.16,off,3,0.0,2.16,False,11.66
2024-03-09 01:00:00,1,5,3,True,17.5,1.488,off,3,0.0,1.488,False,8.81
2024-03-09 02:00:00,2,5,3,True,16.5,2.209,off,2,0.0,2.209,False,12.63
2024-03-09 03:00:00,3,5,3,True,15.1,2.202,off,1,0.0,2.202,False,12.86
2024-03-09 04:00:00,4,5,3,True,22.9,2.257,off,4,0.0,2.257,False,12.48
2024-03-09 05:00:00,5,5,3,True,17.3,1.787,off,0,0.0,1.787,False,9.34
2024-03-09 06:00:00,6,5,3,True,16.4,2.171,off,2,0.026,2.171,False,10.34
2024-03-09 07:00:00,7,5,3,True,18.6,3.635,off,3,0.224,3.506,False,22.56
2024-03-09 08:00:00,8,5,3,True,18.7,3.285,off,0,0.407,3.035,False,15.54
2024-03-09 09:00:00,9,5,3,True,17.8,3.572,off,1,0.602,3.218,False,18.07
2024-03-09 10:00:00,10,5,3,True,14.6,3.575,off,0,0.646,3.142,False,16.73
2024-03-09 11:00:00,11,5,3,True,18.0,3.431,off,1,0.91,2.948,False,19.49
2024-03-09 12:00:00,12,5,3,True,18.4,3.12,off,5,1.055,2.62,False,20.18
2024-03-09 13:00:00,13,5,3,True,19.0,3.543,off,1,1.153,3.06,False,17.6
2024-03-09 14:00:00,14,5,3,True,18.8,3.393,off,3,0.958,2.96,False,18.83
2024-03-09 15:00:00,15,5,3,True,18.5,3.41,off,1,0.655,3.056,False,21.66
2024-03-09 16:00:00,16,5,3,True,14.8,4.288,off,5,0.276,4.038,False,24.56
2024-03-09 17:00:00,17,5,3,True,25.6,3.934,off,4,0.295,3.805,False,18.4
2024-03-09 18:00:00,18,5,3,True,19.4,2.375,off,4,0.02,2.375,False,15.04
2024-03-09 19:00:00,19,5,3,True,20.3,2.89,off,6,0.0,2.89,False,15.11
2024-03-09 20:00:00,20,5,3,True,19.8,3.193,off,6,0.0,3.193,False,20.5
2024-03-09 21:00:00,21,5,3,True,17.6,2.823,off,5,0.0,2.823,False,13.53
2024-03-09 22:00:00,22,5,3,True,15.0,3.857,off,6,0.0,3.857,False,24.37
2024-03-09 23:00:00,23,5,3,True,17.3,1.947,off,6,0.0,1.947,False,12.41
2024-03-10 00:00:00,0,6,3,True,15.1,3.054,off,1,0.0,3.054,False,18.15
2024-03-10 01:00:00,1,6,3,True,13.4,3.134,off,2,0.0,3.134,False,18.56
2024-03-10 02:00:00,2,6,3,True,24.2,2.039,off,4,0.0,2.039,False,12.96
2024-03-10 03:00:00,3,6,3,True,20.4,1.722,off,3,0.0,1.722,False,9.15
2024-03-10 04:00:00,4,6,3,True,18.3,1.009,off,2,0.0,1.009,False,6.27
2024-03-10 05:00:00,5,6,3,True,18.2,1.411,off,3,0.0,1.411,False,8.22
2024-03-10 06:00:00,6,6,3,True,19.8,1.048,off,3,0.028,1.048,False,5.41
2024-03-10 07:00:00,7,6,3,True,17.6,3.525,off,1,0.249,3.396,False,16.01
2024-03-10 08:00:00,8,6,3,True,16.1,3.711,off,2,0.398,3.461,False,22.32
2024-03-10 09:00:00,9,6,3,True,22.0,3.285,off,2,0.907,2.931,False,17.94
2024-03-10 10:00:00,10,6,3,True,15.2,4.099,off,3,0.68,3.666,False,25.05
2024-03-10 11:00:00,11,6,3,True,21.5,3.014,off,3,1.063,2.531,False,16.24
2024-03-10 12:00:00,12,6,3,True,18.0,2.679,off,3,0.85,2.179,False,12.6
2024-03-10 13:00:00,13,6,3,True,18.7,3.026,off,0,0.788,2.543,False,17.01
2024-03-10 14:00:00,14,6,3,True,16.9,3.66,off,1,0.948,3.227,False,21.09
2024-03-10 15:00:00,15,6,3,True,14.5,3.392,off,5,0.594,3.038,False,18.37
2024-03-10 16:00:00,16,6,3,True,15.7,3.848,off,4,0.418,3.598,False,18.57
2024-03-10 17:00:00,17,6,3,True,18.8,2.719,off,2,0.22,2.59,False,12.8
2024-03-10 18:00:00,18,6,3,True,15.3,4.105,off,9,0.062,4.105,False,20.74
2024-03-10 19:00:00,19,6,3,True,15.4,3.349,off,7,0.0,3.349,False,19.7
2024-03-10 20:00:00,20,6,3,True,20.1,3.514,off,3,0.0,3.514,False,19.27
2024-03-10 21:00:00,21,6,3,True,19.2,2.641,off,3,0.0,2.641,False,14.62
2024-03-10 22:00:00,22,6,3,True,14.0,3.813,off,5,0.0,3.813,False,20.31
2024-03-10 23:00:00,23,6,3,True,21.5,1.971,off,3,0.0,1.971,False,11.76
2024-03-11 00:00:00,0,0,3,False,21.7,2.73,off,0,0.0,2.73,False,17.18
2024-03-11 01:00:00,1,0,3,False,17.2,2.224,off,4,0.0,2.224,False,12.36
2024-03-11 02:00:00,2,0,3,False,12.8,4.383,off,3,0.0,4.383,False,28.02
2024-03-11 03:00:00,3,0,3,False,13.7,3.022,off,1,0.0,3.022,False,15.11
2024-03-11 04:00:00,4,0,3,False,16.2,3.168,off,5,0.0,3.168,False,18.64
2024-03-11 05:00:00,5,0,3,False,21.5,3.63,off,1,0.0,3.63,False,23.1
2024-03-11 06:00:00,6,0,3,False,18.4,2.833,off,5,0.0,2.833,False,18.19
2024-03-11 07:00:00,7,0,3,False,14.3,5.09,off,7,0.319,4.961,False,23.77
2024-03-11 08:00:00,8,0,3,False,22.3,4.271,off,6,0.588,4.021,False,24.21
2024-03-11 09:00:00,9,0,3,False,17.8,3.911,off,3,0.779,3.557,False,18.43
2024-03-11 10:00:00,10,0,3,False,20.4,4.369,off,5,0.819,3.936,False,22.31
2024-03-11 11:00:00,11,0,3,False,17.0,5.416,off,3,1.057,4.933,False,31.32
2024-03-11 12:00:00,12,0,3,False,12.2,5.582,off,2,0.837,5.082,False,36.1
2024-03-11 13:00:00,13,0,3,False,12.7,5.307,off,3,0.688,4.824,False,33.21
2024-03-11 14:00:00,14,0,3,False,15.4,5.129,off,3,0.684,4.696,False,27.13
2024-03-11 15:00:00,15,0,3,False,18.9,4.598,off,5,0.711,4.244,False,23.71
2024-03-11 16:00:00,16,0,3,False,19.3,4.342,off,10,0.586,4.092,False,24.72
2024-03-11 17:00:00,17,0,3,False,23.5,4.176,off,3,0.33,4.047,False,18.98
2024-03-11 18:00:00,18,0,3,False,17.9,4.546,off,2,0.0,4.546,False,26.73
2024-03-11 19:00:00,19,0,3,False,17.7,3.794,off,5,0.0,3.794,False,17.74
2024-03-11 20:00:00,20,0,3,False,15.1,4.841,off,4,0.0,4.841,False,22.14
2024-03-11 21:00:00,21,0,3,False,20.7,3.375,off,5,0.0,3.375,False,16.89
2024-03-11 22:00:00,22,0,3,False,22.3,4.257,off,6,0.0,4.257,False,21.33
2024-03-11 23:00:00,23,0,3,False,16.1,3.192,off,2,0.0,3.192,False,19.17
2024-03-12 00:00:00,0,1,3,False,17.6,3.317,off,2,0.0,3.317,False,19.59
2024-03-12 01:00:00,1,1,3,False,19.0,2.458,off,6,0.0,2.458,False,11.37
2024-03-12 02:00:00,2,1,3,False,15.6,3.827,off,3,0.0,3.827,False,20.24
2024-03-12 03:00:00,3,1,3,False,12.6,4.055,off,7,0.0,4.055,False,23.61
2024-03-12 04:00:00,4,1,3,False,18.4,3.056,off,6,0.0,3.056,False,14.7
2024-03-12 05:00:00,5,1,3,False,19.7,3.109,off,3,0.0,3.109,False,17.61
2024-03-12 06:00:00,6,1,3,False,15.2,3.525,off,0,0.0,3.525,False,19.07
2024-03-12 07:00:00,7,1,3,False,17.9,4.428,off,0,0.053,4.299,False,24.83
2024-03-12 08:00:00,8,1,3,False,24.2,4.103,off,3,0.859,3.853,False,26.22
2024-03-12 09:00:00,9,1,3,False,21.3,4.779,off,3,0.734,4.425,False,27.12
2024-03-12 10:00:00,10,1,3,False,19.5,5.378,off,1,0.756,4.945,False,34.33
2024-03-12 11:00:00,11,1,3,False,16.4,4.125,off,3,0.791,3.642,False,19.13
2024-03-12 12:00:00,12,1,3,False,19.9,4.327,off,2,0.97,3.827,False,26.88
2024-03-12 13:00:00,13,1,3,False,13.1,5.419,off,2,0.678,4.936,False,27.51
2024-03-12 14:00:00,14,1,3,False,17.7,4.56,off,2,0.749,4.127,False,23.58
2024-03-12 15:00:00,15,1,3,False,16.4,4.054,off,7,0.366,3.7,False,19.52
2024-03-12 16:00:00,16,1,3,False,20.2,3.878,off,6,0.488,3.628,False,20.33
2024-03-12 17:00:00,17,1,3,False,11.4,6.631,off,1,0.237,6.502,False,36.95
2024-03-12 18:00:00,18,1,3,False,25.5,5.187,off,10,0.0,5.187,False,30.21
2024-03-12 19:00:00,19,1,3,False,16.7,3.996,off,7,0.0,3.996,False,21.52
2024-03-12 20:00:00,20,1,3,False,22.8,5.089,off,5,0.0,5.089,False,32.7
2024-03-12 21:00:00,21,1,3,False,20.2,4.003,off,4,0.0,4.003,False,22.91
2024-03-12 22:00:00,22,1,3,False,19.0,4.635,off,6,0.0,4.635,False,23.37
2024-03-12 23:00:00,23,1,3,False,18.7,2.757,off,3,0.0,2.757,False,15.98
2024-03-13 00:00:00,0,2,3,False,18.2,2.905,off,2,0.0,2.905,False,17.35
2024-03-13 01:00:00,1,2,3,False,16.5,3.23,off,5,0.0,3.23,False,14.77
2024-03-13 02:00:00,2,2,3,False,19.2,3.187,off,0,0.0,3.187,False,19.09
2024-03-13 03:00:00,3,2,3,False,17.4,2.759,off,1,0.0,2.759,False,12.73
2024-03-13 04:00:00,4,2,3,False,19.6,3.556,off,4,0.0,3.556,False,19.61
2024-03-13 05:00:00,5,2,3,False,19.2,3.254,off,5,0.0,3.254,False,14.66
2024-03-13 06:00:00,6,2,3,False,16.8,2.973,off,4,0.051,2.973,False,14.31
2024-03-13 07:00:00,7,2,3,False,16.5,4.712,off,6,0.051,4.583,False,26.9
2024-03-13 08:00:00,8,2,3,False,18.8,4.363,off,4,0.739,4.113,False,23.04
2024-03-13 09:00:00,9,2,3,False,19.3,4.152,off,7,0.579,3.798,False,20.68
2024-03-13 10:00:00,10,2,3,False,16.5,4.554,off,2,0.606,4.121,False,22.4
2024-03-13 11:00:00,11,2,3,False,15.0,5.395,off,0,0.581,4.912,False,33.88
2024-03-13 12:00:00,12,2,3,False,18.8,4.551,off,2,0.934,4.051,False,25.73
2024-03-13 13:00:00,13,2,3,False,19.1,4.1,off,0,0.898,3.617,False,25.13
2024-03-13 14:00:00,14,2,3,False,18.3,4.342,off,1,0.831,3.909,False,24.82
2024-03-13 15:00:00,15,2,3,False,17.7,3.984,off,2,0.599,3.63,False,18.78
2024-03-13 16:00:00,16,2,3,False,20.4,4.995,off,3,0.599,4.745,False,28.69
2024-03-13 17:00:00,17,2,3,False,15.1,5.349,off,1,0.17,5.22,False,27.31
2024-03-13 18:00:00,18,2,3,False,15.5,4.906,off,8,0.0,4.906,False,28.69
2024-03-13 19:00:00,19,2,3,False,16.3,4.811,off,7,0.0,4.811,False,26.63
2024-03-13 20:00:00,20,2,3,False,17.6,4.723,off,8,0.0,4.723,False,30.33
2024-03-13 21:00:00,21,2,3,False,16.1,4.572,off,3,0.0,4.572,False,25.07
2024-03-13 22:00:00,22,2,3,False,16.1,4.765,off,9,0.0,4.765,False,29.54
2024-03-13 23:00:00,23,2,3,False,20.7,3.086,off,5,0.0,3.086,False,14.42
2024-03-14 00:00:00,0,3,3,False,17.7,2.387,off,7,0.0,2.387,False,11.37
2024-03-14 01:00:00,1,3,3,False,20.4,3.024,off,5,0.0,3.024,False,14.5
2024-03-14 02:00:00,2,3,3,False,18.0,3.802,off,4,0.0,3.802,False,23.84
2024-03-14 03:00:00,3,3,3,False,15.9,2.679,off,4,0.0,2.679,False,13.0
2024-03-14 04:00:00,4,3,3,False,21.3,3.167,off,3,0.0,3.167,False,20.21
2024-03-14 05:00:00,5,3,3,False,16.8,2.617,off,4,0.0,2.617,False,15.77
2024-03-14 06:00:00,6,3,3,False,19.0,2.249,off,4,0.036,2.249,False,11.72
2024-03-14 07:00:00,7,3,3,False,20.2,4.144,off,2,0.205,4.015,False,24.89
2024-03-14 08:00:00,8,3,3,False,17.4,4.657,off,2,0.416,4.407,False,25.44
2024-03-14 09:00:00,9,3,3,False,17.2,4.72,off,5,0.609,4.366,False,25.1
2024-03-14 10:00:00,10,3,3,False,15.6,4.844,off,5,0.769,4.411,False,30.29
2024-03-14 11:00:00,11,3,3,False,18.3,3.873,off,2,1.054,3.39,False,18.48
2024-03-14 12:00:00,12,3,3,False,15.7,4.821,off,3,0.674,4.321,False,23.2
2024-03-14 13:00:00,13,3,3,False,17.2,3.786,off,8,0.809,3.303,False,18.74
2024-03-14 14:00:00,14,3,3,False,16.9,4.91,off,2,0.689,4.477,False,28.61
2024-03-14 15:00:00,15,3,3,False,16.3,4.574,off,5,0.603,4.22,False,23.81
2024-03-14 16:00:00,16,3,3,False,18.8,4.743,off,5,0.607,4.493,False,28.74
2024-03-14 17:00:00,17,3,3,False,21.4,3.911,off,3,0.284,3.782,False,18.99
2024-03-14 18:00:00,18,3,3,False,20.3,4.515,off,5,0.0,4.515,False,26.58
2024-03-14 19:00:00,19,3,3,False,12.1,5.055,off,6,0.0,5.055,False,32.66
2024-03-14 20:00:00,20,3,3,False,18.1,4.84,off,7,0.0,4.84,False,31.05
2024-03-14 21:00:00,21,3,3,False,24.6,4.603,off,8,0.0,4.603,False,27.97
2024-03-14 22:00:00,22,3,3,False,18.3,4.155,off,3,0.0,4.155,False,22.25
2024-03-14 23:00:00,23,3,3,False,17.0,2.879,off,0,0.0,2.879,False,13.26
2024-03-15 00:00:00,0,4,3,False,21.8,2.674,off,3,0.0,2.674,False,15.57
2024-03-15 01:00:00,1,4,3,False,17.9,2.824,off,4,0.0,2.824,False,12.73
2024-03-15 02:00:00,2,4,3,False,21.5,2.163,off,4,0.0,2.163,False,13.09
2024-03-15 03:00:00,3,4,3,False,17.5,2.798,off,5,0.0,2.798,False,14.28
2024-03-15 04:00:00,4,4,3,False,19.2,2.676,off,6,0.0,2.676,False,16.71
2024-03-15 05:00:00,5,4,3,False,16.1,3.689,off,4,0.0,3.689,False,18.83
2024-03-15 06:00:00,6,4,3,False,21.0,2.592,off,1,0.017,2.592,False,14.78
2024-03-15 07:00:00,7,4,3,False,17.8,3.93,off,4,0.137,3.801,False,17.8
2024-03-15 08:00:00,8,4,3,False,18.4,4.273,off,4,0.411,4.023,False,26.78
2024-03-15 09:00:00,9,4,3,False,20.8,4.534,off,3,0.731,4.18,False,27.74
2024-03-15 10:00:00,10,4,3,False,19.4,4.338,off,7,0.895,3.905,False,24.43
2024-03-15 11:00:00,11,4,3,False,17.5,4.455,off,3,0.938,3.972,False,20.9
2024-03-15 12:00:00,12,4,3,False,13.8,5.364,off,6,0.675,4.864,False,31.44
2024-03-15 13:00:00,13,4,3,False,17.7,4.323,off,3,0.823,3.84,False,26.45
2024-03-15 14:00:00,14,4,3,False,16.9,4.348,off,2,0.711,3.915,False,27.13
2024-03-15 15:00:00,15,4,3,False,18.0,3.986,off,4,0.658,3.632,False,22.96
2024-03-15 16:00:00,16,4,3,False,17.4,4.472,off,1,0.581,4.222,False,22.24
2024-03-15 17:00:00,17,4,3,False,21.7,4.43,off,4,0.499,4.301,False,28.45
2024-03-15 18:00:00,18,4,3,False,19.6,4.326,off,4,0.185,4.326,False,24.22
2024-03-15 19:00:00,19,4,3,False,16.9,3.845,off,5,0.0,3.845,False,17.96
2024-03-15 20:00:00,20,4,3,False,20.1,4.672,off,5,0.0,4.672,False,29.98
2024-03-15 21:00:00,21,4,3,False,22.3,3.75,off,7,0.0,3.75,False,23.79
2024-03-15 22:00:00,22,4,3,False,16.1,4.252,off,2,0.0,4.252,False,21.25
2024-03-15 23:00:00,23,4,3,False,17.3,2.556,off,2,0.0,2.556,False,11.62
2024-03-16 00:00:00,0,5,3,True,16.0,2.04,off,3,0.0,2.04,False,9.98
2024-03-16 01:00:00,1,5,3,True,19.1,1.655,off,3,0.0,1.655,False,9.28
2024-03-16 02:00:00,2,5,3,True,24.2,2.139,off,3,0.0,2.139,False,9.72
2024-03-16 03:00:00,3,5,3,True,21.5,2.097,off,4,0.0,2.097,False,13.52
2024-03-16 04:00:00,4,5,3,True,17.0,1.246,off,1,0.0,1.246,False,6.02
2024-03-16 05:00:00,5,5,3,True,19.9,0.982,off,6,0.0,0.982,False,6.27
2024-03-16 06:00:00,6,5,3,True,21.7,2.129,off,6,0.056,2.129,False,12.8
2024-03-16 07:00:00,7,5,3,True,13.1,4.352,off,1,0.189,4.223,False,28.14
2024-03-16 08:00:00,8,5,3,True,15.0,3.54,off,4,0.578,3.29,False,16.41
2024-03-16 09:00:00,9,5,3,True,20.8,3.433,off,4,0.657,3.079,False,16.09
2024-03-16 10:00:00,10,5,3,True,13.6,4.757,off,3,0.426,4.324,False,30.42
2024-03-16 11:00:00,11,5,3,True,18.2,3.366,off,1,0.783,2.883,False,15.34
2024-03-16 12:00:00,12,5,3,True,20.2,2.891,off,2,0.963,2.391,False,14.22
2024-03-16 13:00:00,13,5,3,True,19.0,2.337,off,1,1.007,1.854,False,11.49
2024-03-16 14:00:00,14,5,3,True,17.7,3.481,off,3,0.893,3.048,False,19.32
2024-03-16 15:00:00,15,5,3,True,22.1,3.15,off,3,0.703,2.796,False,19.47
2024-03-16 16:00:00,16,5,3,True,20.5,2.864,off,6,0.452,2.614,False,16.95
2024-03-16 17:00:00,17,5,3,True,24.6,2.695,off,3,0.274,2.566,False,13.62
2024-03-16 18:00:00,18,5,3,True,14.6,4.131,off,4,0.005,4.131,False,22.79
2024-03-16 19:00:00,19,5,3,True,16.4,3.377,off,8,0.0,3.377,False,20.54
2024-03-16 20:00:00,20,5,3,True,17.8,3.318,off,6,0.0,3.318,False,15.76
2024-03-16 21:00:00,21,5,3,True,21.9,3.564,off,9,0.0,3.564,False,17.47
2024-03-16 22:00:00,22,5,3,True,20.2,2.928,off,4,0.0,2.928,False,14.85
2024-03-16 23:00:00,23,5,3,True,16.8,2.854,off,1,0.0,2.854,False,15.81
2024-03-17 00:00:00,0,6,3,True,15.1,2.392,off,3,0.0,2.392,False,15.43
2024-03-17 01:00:00,1,6,3,True,14.7,2.82,off,5,0.0,2.82,False,18.19
2024-03-17 02:00:00,2,6,3,True,23.2,1.489,off,4,0.0,1.489,False,9.19
2024-03-17 03:00:00,3,6,3,True,17.9,1.954,off,2,0.0,1.954,False,9.68
2024-03-17 04:00:00,4,6,3,True,18.6,1.339,off,2,0.0,1.339,False,8.69
2024-03-17 05:00:00,5,6,3,True,15.0,2.71,off,1,0.0,2.71,False,16.07
2024-03-17 06:00:00,6,6,3,True,18.1,2.696,off,2,0.0,2.696,False,17.48
2024-03-17 07:00:00,7,6,3,True,15.4,3.41,off,2,0.269,3.281,False,21.97
2024-03-17 08:00:00,8,6,3,True,18.4,2.269,off,4,0.402,2.019,False,11.8
2024-03-17 09:00:00,9,6,3,True,17.0,3.208,off,4,0.741,2.854,False,14.64
2024-03-17 10:00:00,10,6,3,True,15.8,3.857,off,1,0.729,3.424,False,22.2
2024-03-17 11:00:00,11,6,3,True,21.6,3.236,off,5,0.958,2.753,False,20.67
2024-03-17 12:00:00,12,6,3,True,21.8,3.031,off,2,1.103,2.531,False,13.89
2024-03-17 13:00:00,13,6,3,True,19.5,3.63,off,3,0.801,3.147,False,20.45
2024-03-17 14:00:00,14,6,3,True,12.6,4.368,off,4,0.563,3.935,False,21.09
2024-03-17 15:00:00,15,6,3,True,14.8,4.347,off,4,0.497,3.993,False,23.06
2024-03-17 16:00:00,16,6,3,True,14.9,3.812,off,3,0.584,3.562,False,22.49
2024-03-17 17:00:00,17,6,3,True,23.6,2.841,off,5,0.327,2.712,False,13.17
2024-03-17 18:00:00,18,6,3,True,21.2,3.247,off,5,0.006,3.247,False,20.91
2024-03-17 19:00:00,19,6,3,True,22.1,3.268,off,7,0.0,3.268,False,15.45
2024-03-17 20:00:00,20,6,3,True,15.7,4.51,off,5,0.0,4.51,False,23.68
2024-03-17 21:00:00,21,6,3,True,13.4,4.524,off,3,0.0,4.524,False,24.28
2024-03-17 22:00:00,22,6,3,True,21.0,3.311,off,7,0.0,3.311,False,16.16
2024-03-17 23:00:00,23,6,3,True,11.2,3.449,off,4,0.0,3.449,False,16.73
2024-03-18 00:00:00,0,0,3,False,18.2,9.648,off,3,0.0,9.648,True,45.54
2024-03-18 01:00:00,1,0,3,False,19.8,2.702,off,4,0.0,2.702,False,16.13
2024-03-18 02:00:00,2,0,3,False,14.6,8.085,off,2,0.0,8.085,True,38.17
2024-03-18 03:00:00,3,0,3,False,22.5,2.853,off,1,0.0,2.853,False,17.02
2024-03-18 04:00:00,4,0,3,False,17.1,2.402,off,5,0.0,2.402,False,12.43
2024-03-18 05:00:00,5,0,3,False,19.0,2.107,off,3,0.0,2.107,False,13.46
2024-03-18 06:00:00,6,0,3,False,19.6,2.498,off,0,0.0,2.498,False,14.63
2024-03-18 07:00:00,7,0,3,False,18.6,8.878,off,3,0.25,8.749,True,45.57
2024-03-18 08:00:00,8,0,3,False,16.3,4.84,off,1,0.468,4.59,False,27.93
2024-03-18 09:00:00,9,0,3,False,15.6,4.681,off,5,0.547,4.327,False,22.27
2024-03-18 10:00:00,10,0,3,False,19.1,4.51,off,2,0.882,4.077,False,22.48
2024-03-18 11:00:00,11,0,3,False,19.9,4.041,off,3,0.788,3.558,False,19.8
2024-03-18 12:00:00,12,0,3,False,20.9,5.176,off,2,0.951,4.676,False,29.89
2024-03-18 13:00:00,13,0,3,False,17.5,4.304,off,5,1.078,3.821,False,19.93
2024-03-18 14:00:00,14,0,3,False,18.2,4.454,off,5,0.86,4.021,False,24.54
2024-03-18 15:00:00,15,0,3,False,15.3,4.703,off,4,0.678,4.349,False,26.86
2024-03-18 16:00:00,16,0,3,False,21.1,4.126,off,3,0.499,3.876,False,25.3
2024-03-18 17:00:00,17,0,3,False,15.5,5.103,off,2,0.303,4.974,False,23.8
2024-03-18 18:00:00,18,0,3,False,19.8,4.298,off,8,0.099,4.298,False,27.64
2024-03-18 19:00:00,19,0,3,False,21.0,4.59,off,5,0.0,4.59,False,26.17
2024-03-18 20:00:00,20,0,3,False,21.0,4.706,off,4,0.0,4.706,False,23.48
2024-03-18 21:00:00,21,0,3,False,13.9,6.147,off,4,0.0,6.147,False,28.69
2024-03-18 22:00:00,22,0,3,False,13.4,5.747,off,3,0.0,5.747,False,33.25
2024-03-18 23:00:00,23,0,3,False,15.2,3.506,off,3,0.0,3.506,False,20.34
2024-03-19 00:00:00,0,1,3,False,14.8,3.431,off,3,0.0,3.431,False,16.33
2024-03-19 01:00:00,1,1,3,False,24.3,2.584,off,3,0.0,2.584,False,13.24
2024-03-19 02:00:00,2,1,3,False,19.1,2.635,off,6,0.0,2.635,False,12.38
2024-03-19 03:00:00,3,1,3,False,14.2,3.838,off,1,0.0,3.838,False,23.93
2024-03-19 04:00:00,4,1,3,False,15.0,4.015,off,3,0.0,4.015,False,20.01
2024-03-19 05:00:00,5,1,3,False,22.7,2.947,off,3,0.0,2.947,False,15.94
2024-03-19 06:00:00,6,1,3,False,21.9,2.685,off,5,0.012,2.685,False,15.53
2024-03-19 07:00:00,7,1,3,False,14.0,4.815,off,4,0.177,4.686,False,23.53
2024-03-19 08:00:00,8,1,3,False,20.3,3.985,off,3,0.51,3.735,False,23.44
2024-03-19 09:00:00,9,1,3,False,17.0,4.624,off,6,0.7,4.27,False,25.68
2024-03-19 10:00:00,10,1,3,False,17.4,4.678,off,2,0.787,4.245,False,27.48
2024-03-19 11:00:00,11,1,3,False,13.9,5.696,off,2,0.826,5.213,False,34.02
2024-03-19 12:00:00,12,1,3,False,16.8,4.975,off,1,0.961,4.475,False,24.77
2024-03-19 13:00:00,13,1,3,False,14.9,4.675,off,1,0.651,4.192,False,21.12
2024-03-19 14:00:00,14,1,3,False,21.8,4.022,off,3,0.974,3.589,False,19.43
2024-03-19 15:00:00,15,1,3,False,15.1,18.695,off,1,0.59,18.341,True,105.58
2024-03-19 16:00:00,16,1,3,False,21.5,4.716,off,2,0.727,4.466,False,26.31
2024-03-19 17:00:00,17,1,3,False,16.8,4.589,off,0,0.241,4.46,False,28.28
2024-03-19 18:00:00,18,1,3,False,12.2,6.384,off,4,0.059,6.384,False,30.47
2024-03-19 19:00:00,19,1,3,False,16.0,5.257,off,3,0.0,5.257,False,24.45
2024-03-19 20:00:00,20,1,3,False,14.2,5.527,off,6,0.0,5.527,False,31.57
2024-03-19 21:00:00,21,1,3,False,19.3,4.438,off,6,0.0,4.438,False,25.45
2024-03-19 22:00:00,22,1,3,False,14.3,4.539,off,4,0.0,4.539,False,27.61
2024-03-19 23:00:00,23,1,3,False,16.5,2.812,off,4,0.0,2.812,False,14.38
2024-03-20 00:00:00,0,2,3,False,18.8,2.762,off,4,0.0,2.762,False,12.56
2024-03-20 01:00:00,1,2,3,False,14.2,4.4,off,0,0.0,4.4,False,27.81
2024-03-20 02:00:00,2,2,3,False,22.0,3.33,off,2,0.0,3.33,False,17.28
2024-03-20 03:00:00,3,2,3,False,18.4,2.519,off,1,0.0,2.519,False,13.96
2024-03-20 04:00:00,4,2,3,False,18.0,3.189,off,2,0.0,3.189,False,15.47
2024-03-20 05:00:00,5,2,3,False,13.3,3.629,off,9,0.0,3.629,False,17.87
2024-03-20 06:00:00,6,2,3,False,16.2,2.2,off,1,0.0,2.2,False,14.28
2024-03-20 07:00:00,7,2,3,False,16.9,5.337,off,3,0.222,5.208,False,25.39
2024-03-20 08:00:00,8,2,3,False,14.1,4.39,off,2,0.347,4.14,False,27.03
2024-03-20 09:00:00,9,2,3,False,20.3,3.161,off,5,0.807,2.807,False,18.62
2024-03-20 10:00:00,10,2,3,False,17.8,4.438,off,7,0.685,4.005,False,26.91
2024-03-20 11:00:00,11,2,3,False,15.1,4.889,off,3,0.676,4.406,False,23.52
2024-03-20 12:00:00,12,2,3,False,16.7,16.04,off,4,0.871,15.54,True,90.64
2024-03-20 13:00:00,13,2,3,False,17.8,5.085,off,5,0.714,4.602,False,23.05
2024-03-20 14:00:00,14,2,3,False,23.7,4.688,off,6,1.173,4.255,False,27.11
2024-03-20 15:00:00,15,2,3,False,18.9,4.521,off,4,0.755,4.167,False,22.25
2024-03-20 16:00:00,16,2,3,False,15.3,4.632,off,2,0.403,4.382,False,21.1
2024-03-20 17:00:00,17,2,3,False,15.7,4.673,off,3,0.101,4.544,False,30.34
2024-03-20 18:00:00,18,2,3,False,16.5,4.912,off,4,0.0,4.912,False,22.8
2024-03-20 19:00:00,19,2,3,False,19.4,4.127,off,7,0.0,4.127,False,20.97
2024-03-20 20:00:00,20,2,3,False,18.9,4.62,off,4,0.0,4.62,False,24.32
2024-03-20 21:00:00,21,2,3,False,19.1,4.389,off,5,0.0,4.389,False,23.82
2024-03-20 22:00:00,22,2,3,False,17.4,4.374,off,5,0.0,4.374,False,22.87
2024-03-20 23:00:00,23,2,3,False,13.0,4.496,off,4,0.0,4.496,False,27.09
2024-03-21 00:00:00,0,3,3,False,19.3,2.702,off,1,0.0,2.702,False,13.54
2024-03-21 01:00:00,1,3,3,False,15.4,2.915,off,4,0.0,2.915,False,14.13
2024-03-21 02:00:00,2,3,3,False,19.3,3.296,off,5,0.0,3.296,False,18.44
2024-03-21 03:00:00,3,3,3,False,14.0,3.808,off,4,0.0,3.808,False,20.63
2024-03-21 04:00:00,4,3,3,False,17.6,2.801,off,1,0.0,2.801,False,14.33
2024-03-21 05:00:00,5,3,3,False,19.9,2.75,off,2,0.0,2.75,False,13.57
2024-03-21 06:00:00,6,3,3,False,23.6,2.572,off,5,0.233,2.572,False,15.04
2024-03-21 07:00:00,7,3,3,False,16.1,5.826,off,7,0.325,5.697,False,37.28
2024-03-21 08:00:00,8,3,3,False,22.1,3.781,off,2,0.486,3.531,False,17.62
2024-03-21 09:00:00,9,3,3,False,20.8,4.444,off,1,0.679,4.09,False,21.85
2024-03-21 10:00:00,10,3,3,False,16.6,4.724,off,5,0.645,4.291,False,29.64
2024-03-21 11:00:00,11,3,3,False,17.8,4.683,off,2,0.889,4.2,False,23.15
2024-03-21 12:00:00,12,3,3,False,16.1,4.636,off,1,0.735,4.136,False,24.14
2024-03-21 13:00:00,13,3,3,False,15.5,5.41,off,4,0.541,4.927,False,30.66
2024-03-21 14:00:00,14,3,3,False,13.4,5.324,off,1,0.532,4.891,False,24.0
2024-03-21 15:00:00,15,3,3,False,14.8,4.912,off,1,0.616,4.558,False,22.4
2024-03-21 16:00:00,16,3,3,False,10.1,6.301,off,3,0.391,6.051,False,30.83
2024-03-21 17:00:00,17,3,3,False,18.2,4.439,off,4,0.32,4.31,False,27.27
2024-03-21 18:00:00,18,3,3,False,22.3,4.738,off,4,0.0,4.738,False,21.73
2024-03-21 19:00:00,19,3,3,False,18.5,3.782,off,4,0.0,3.782,False,22.12
2024-03-21 20:00:00,20,3,3,False,17.9,4.681,off,4,0.0,4.681,False,24.8
2024-03-21 21:00:00,21,3,3,False,16.0,5.2,off,3,0.0,5.2,False,25.33
2024-03-21 22:00:00,22,3,3,False,23.5,4.594,off,5,0.0,4.594,False,22.76
2024-03-21 23:00:00,23,3,3,False,20.9,7.54,off,5,0.0,7.54,True,39.17
2024-03-22 00:00:00,0,4,3,False,14.0,3.601,off,2,0.0,3.601,False,20.43
2024-03-22 01:00:00,1,4,3,False,24.1,3.023,off,3,0.0,3.023,False,18.36
2024-03-22 02:00:00,2,4,3,False,22.4,2.894,off,4,0.0,2.894,False,16.16
2024-03-22 03:00:00,3,4,3,False,14.7,3.03,off,2,0.0,3.03,False,15.64
2024-03-22 04:00:00,4,4,3,False,20.2,3.165,off,0,0.0,3.165,False,16.24
2024-03-22 05:00:00,5,4,3,False,17.3,2.701,off,4,0.0,2.701,False,16.32
2024-03-22 06:00:00,6,4,3,False,12.0,4.052,off,3,0.0,4.052,False,18.51
2024-03-22 07:00:00,7,4,3,False,15.1,5.445,off,4,0.265,5.316,False,26.63
2024-03-22 08:00:00,8,4,3,False,20.2,4.37,off,1,0.449,4.12,False,24.79
2024-03-22 09:00:00,9,4,3,False,19.8,4.237,off,6,0.653,3.883,False,24.34
2024-03-22 10:00:00,10,4,3,False,26.2,4.587,cool,4,1.069,4.154,False,26.81
2024-03-22 11:00:00,11,4,3,False,18.4,4.206,off,4,0.949,3.723,False,20.32
2024-03-22 12:00:00,12,4,3,False,12.5,5.677,off,5,0.66,5.177,False,36.87
2024-03-22 13:00:00,13,4,3,False,14.9,5.728,off,3,0.635,5.245,False,36.16
2024-03-22 14:00:00,14,4,3,False,16.5,3.899,off,4,0.71,3.466,False,22.67
2024-03-22 15:00:00,15,4,3,False,17.0,5.565,off,2,0.534,5.211,False,28.15
2024-03-22 16:00:00,16,4,3,False,16.9,5.523,off,4,0.377,5.273,False,33.61
2024-03-22 17:00:00,17,4,3,False,18.8,4.156,off,0,0.198,4.027,False,23.1
2024-03-22 18:00:00,18,4,3,False,22.3,4.376,off,5,0.0,4.376,False,26.33
2024-03-22 19:00:00,19,4,3,False,19.0,4.375,off,2,0.0,4.375,False,22.83
2024-03-22 20:00:00,20,4,3,False,12.0,6.218,off,5,0.0,6.218,False,34.74
2024-03-22 21:00:00,21,4,3,False,18.9,4.356,off,5,0.0,4.356,False,20.28
2024-03-22 22:00:00,22,4,3,False,12.4,5.854,off,3,0.0,5.854,False,32.73
2024-03-22 23:00:00,23,4,3,False,15.8,3.816,off,3,0.0,3.816,False,17.47
2024-03-23 00:00:00,0,5,3,True,23.0,0.927,off,4,0.0,0.927,False,4.63
2024-03-23 01:00:00,1,5,3,True,11.7,3.219,off,3,0.0,3.219,False,19.98
2024-03-23 02:00:00,2,5,3,True,23.7,1.794,off,1,0.0,1.794,False,11.0
2024-03-23 03:00:00,3,5,3,True,19.3,1.572,off,5,0.0,1.572,False,8.38
2024-03-23 04:00:00,4,5,3,True,18.7,1.021,off,9,0.0,1.021,False,5.44
2024-03-23 05:00:00,5,5,3,True,13.7,2.795,off,1,0.0,2.795,False,13.52
2024-03-23 06:00:00,6,5,3,True,18.0,1.487,off,0,0.03,1.487,False,9.16
2024-03-23 07:00:00,7,5,3,True,16.2,3.47,off,2,0.265,3.341,False,16.98
2024-03-23 08:00:00,8,5,3,True,15.1,3.916,off,5,0.337,3.666,False,18.18
2024-03-23 09:00:00,9,5,3,True,17.3,2.69,off,4,0.551,2.336,False,15.61
2024-03-23 10:00:00,10,5,3,True,24.8,3.244,off,0,0.988,2.811,False,20.47
2024-03-23 11:00:00,11,5,3,True,20.1,2.929,off,4,0.958,2.446,False,18.39
2024-03-23 12:00:00,12,5,3,True,17.1,2.922,off,1,0.918,2.422,False,18.53
2024-03-23 13:00:00,13,5,3,True,18.8,3.402,off,3,0.989,2.919,False,16.44
2024-03-23 14:00:00,14,5,3,True,16.4,3.079,off,2,0.843,2.646,False,19.69
2024-03-23 15:00:00,15,5,3,True,19.8,3.421,off,1,0.741,3.067,False,15.97
2024-03-23 16:00:00,16,5,3,True,14.0,4.543,off,5,0.434,4.293,False,27.57
2024-03-23 17:00:00,17,5,3,True,20.3,3.157,off,4,0.124,3.028,False,18.37
2024-03-23 18:00:00,18,5,3,True,13.1,4.854,off,2,0.106,4.854,False,25.39
2024-03-23 19:00:00,19,5,3,True,16.9,4.411,off,2,0.0,4.411,False,26.46
2024-03-23 20:00:00,20,5,3,True,21.1,3.43,off,7,0.0,3.43,False,17.59
2024-03-23 21:00:00,21,5,3,True,23.2,3.078,off,2,0.0,3.078,False,13.85
2024-03-23 22:00:00,22,5,3,True,11.0,5.428,off,7,0.0,5.428,False,27.55
2024-03-23 23:00:00,23,5,3,True,14.2,1.882,off,2,0.0,1.882,False,11.61
2024-03-24 00:00:00,0,6,3,True,17.8,2.69,off,3,0.0,2.69,False,13.74
2024-03-24 01:00:00,1,6,3,True,19.9,1.741,off,2,0.0,1.741,False,8.99
2024-03-24 02:00:00,2,6,3,True,15.9,8.235,off,3,0.0,8.235,True,44.42
2024-03-24 03:00:00,3,6,3,True,17.7,1.155,off,3,0.0,1.155,False,6.34
2024-03-24 04:00:00,4,6,3,True,17.9,2.097,off,3,0.0,2.097,False,9.85
2024-03-24 05:00:00,5,6,3,True,17.6,1.857,off,2,0.0,1.857,False,11.5
2024-03-24 06:00:00,6,6,3,True,17.7,1.714,off,4,0.052,1.714,False,8.35
2024-03-24 07:00:00,7,6,3,True,17.9,2.967,off,3,0.307,2.838,False,15.21
